app_id,name,genres,tags,description,developer,publisher
730,Counter-Strike: Global Offensive,,"FPS, Shooter, Multiplayer, Competitive, Action, Team-Based, e-sports, Tactical, First-Person, PvP, Online Co-Op, Co-op, Strategy, Military, War, Difficult, Trading, Realistic, Fast-Paced, Moddable",A popular game by Valve.,Valve,Valve
578080,PUBG: BATTLEGROUNDS,,"Survival, Shooter, Battle Royale, Multiplayer, FPS, PvP, Third-Person Shooter, Action, Online Co-Op, Tactical, Co-op, First-Person, Strategy, Early Access, Competitive, Third Person, Team-Based, Difficult, Simulation, Stealth",A popular game by PUBG Corporation.,PUBG Corporation,"KRAFTON, Inc."
2622380,ELDEN RING NIGHTREIGN,,"Souls-like, Online Co-Op, Rogue-like, Multiplayer, Singleplayer, Co-op, Action, Third Person, PvE, Rogue-lite, RPG, Action RPG, Open World, Dark, 3D, Survival, Violent, Sexual Content, Lore-Rich, Story Rich","A popular game by FromSoftware, Inc..","FromSoftware, Inc.","FromSoftware, Inc., Bandai Namco Entertainment"
252490,Rust,,"Survival, Crafting, Multiplayer, Open World, Open World Survival Craft, Building, PvP, Sandbox, Adventure, First-Person, Action, Nudity, FPS, Shooter, Co-op, Online Co-Op, Indie, Post-apocalyptic, Early Access, Simulation",A popular game by Facepunch Studios.,Facepunch Studios,Facepunch Studios
1172470,Apex Legends,,"Free to Play, Battle Royale, Multiplayer, FPS, Shooter, First-Person, PvP, Action, Hero Shooter, Team-Based, Tactical, Sci-fi, Loot, Survival, Co-op, Character Customization, Funny, Lore-Rich, Cyberpunk, Cinematic",A popular game by Respawn.,Respawn,Electronic Arts
431960,Wallpaper Engine,,"Mature, Utilities, Anime, Software, Design & Illustration, Animation & Modeling, First-Person, NSFW, Indie, Memes, Cute, Action, Singleplayer, Funny, Early Access, Photo Editing, Sandbox, Horror, Gaming, Game Development",A popular game by Wallpaper Engine Team.,Wallpaper Engine Team,Wallpaper Engine Team
1671210,DELTARUNE,,"Story Rich, Great Soundtrack, Pixel Graphics, Funny, RPG, Singleplayer, Bullet Hell, 2D, Emotional, Comedy, Fantasy, Music, Soundtrack, Action RPG, Mystery, Dark, Episodic, Retro, JRPG, Surreal",A popular game by tobyfox.,tobyfox,tobyfox
271590,Grand Theft Auto V Legacy,,"Open World, Action, Multiplayer, Crime, Automobile Sim, Third Person, First-Person, Mature, Shooter, Adventure, Singleplayer, Third-Person Shooter, Racing, Co-op, Sandbox, Atmospheric, Funny, Great Soundtrack, Comedy, Moddable",A popular game by Rockstar North.,Rockstar North,Rockstar Games
1938090,Call of Duty: Modern Warfare II,,"FPS, Multiplayer, Shooter, Singleplayer, Action, Military, First-Person, War, Modern, Tactical, Violent, Co-op, Realistic, Story Rich, Atmospheric, Mature, Online Co-Op, Gore, Third-Person Shooter, Third Person","A popular game by Treyarch, Raven Software, Beenox, High Moon Studios, Activision Shanghai, Sledgehammer Games, Infinity Ward, Demonware, Toys for Bob.","Treyarch, Raven Software, Beenox, High Moon Studios, Activision Shanghai, Sledgehammer Games, Infinity Ward, Demonware, Toys for Bob",Activision
1203220,NARAKA: BLADEPOINT,,"Battle Royale, Multiplayer, Martial Arts, Mature, PvP, Action, Female Protagonist, Character Customization, Massively Multiplayer, Fighting, Survival, Third Person, Swordplay, Hack and Slash, Anime, Parkour, Adventure, Free to Play, Violent, Gore",A popular game by 24 Entertainment.,24 Entertainment,NetEase Games Global
1086940,Baldur's Gate 3,,"RPG, Character Customization, Choices Matter, Story Rich, Turn-Based Combat, Dungeons & Dragons, CRPG, Fantasy, Adventure, Sexual Content, Romance, Online Co-Op, Multiplayer, Strategy, Singleplayer, Co-op Campaign, Nudity, Class-Based, Dark Fantasy, Combat",A popular game by Larian Studios.,Larian Studios,Larian Studios
553850,HELLDIVERS 2,,"Online Co-Op, PvE, Third-Person Shooter, Multiplayer, Action, Shooter, Co-op, Sci-fi, Capitalism, Space, Extraction Shooter, Third Person, Comedy, Gore, Violent, Great Soundtrack, Difficult, Psychological Horror, Singleplayer, Open World",A popular game by Arrowhead Game Studios.,Arrowhead Game Studios,PlayStation Publishing LLC
359550,Tom Clancy's Rainbow Six Siege,,"FPS, PvP, Multiplayer, Tactical, e-sports, Shooter, Competitive, Online Co-Op, Action, Hero Shooter, Team-Based, Military, Strategy, First-Person, Co-op, Realistic, War, Destruction, Difficult, 3D",A popular game by Ubisoft Montreal.,Ubisoft Montreal,Ubisoft
413150,Stardew Valley,,"Farming Sim, Pixel Graphics, Multiplayer, Life Sim, RPG, Relaxing, Agriculture, Simulation, Crafting, Sandbox, Indie, Building, Singleplayer, Casual, Open World, 2D, Dating Sim, Cute, Great Soundtrack, Fishing",A popular game by ConcernedApe.,ConcernedApe,ConcernedApe
236390,War Thunder,,"Free to Play, Simulation, Vehicular Combat, Combat, World War II, Flight, VR, War, Military, Tanks, Multiplayer, Naval Combat, Modern, Massively Multiplayer, Cold War, Realistic, Shooter, Action, Third Person, Third-Person Shooter",A popular game by Gaijin Entertainment.,Gaijin Entertainment,Gaijin Network Ltd
2252570,Football Manager 2024,,"Simulation, Sports, Management, Football (Soccer), Strategy, Multiplayer, Economy, Real Time Tactics, Singleplayer, e-sports, 3D, Text-Based, 2D, Games Workshop, LGBTQ+",A popular game by Sports Interactive.,Sports Interactive,SEGA
381210,Dead by Daylight,,"Horror, Multiplayer, Survival Horror, Online Co-Op, Co-op, Survival, Gore, Team-Based, Blood, Stealth, Third Person, Violent, First-Person, Psychological Horror, Action, Atmospheric, Strategy, Comedy, Mature, Difficult",A popular game by Behaviour Interactive Inc..,Behaviour Interactive Inc.,Behaviour Interactive Inc.
440,Team Fortress 2,,"Free to Play, Hero Shooter, Multiplayer, FPS, Shooter, Action, Class-Based, Team-Based, Funny, First-Person, Online Co-Op, Competitive, Cartoony, Trading, Co-op, Comedy, Robots, Tactical, Cartoon, Crafting",A popular game by Valve.,Valve,Valve
2669320,EA SPORTS FC 25,,"Sports, Football (Soccer), Simulation, Controller, Multiplayer, e-sports, Competitive, Local Co-Op, Family Friendly, Local Multiplayer, Online Co-Op, Singleplayer, PvP, Modern, Realistic, Co-op, Soundtrack, Split Screen, Free to Play, LGBTQ+","A popular game by EA Canada, EA Romania.","EA Canada, EA Romania",Electronic Arts
1366800,Crosshair X,,"Action, Indie, Adventure, Utilities, Shooter, Software, FPS, Game Development, Design & Illustration, Photo Editing, Animation & Modeling, Education, Survival, Third-Person Shooter, First-Person, PvP, War, Multiplayer, Tactical, Sandbox",A popular game by CenterPoint Gaming.,CenterPoint Gaming,CenterPoint Gaming
3240220,Grand Theft Auto V Enhanced,,"Open World, Action, Multiplayer, Crime, Mature, Third Person, Shooter, First-Person, Automobile Sim, Adventure, Racing, Third-Person Shooter, Sandbox, Atmospheric, Sexual Content, Comedy, Funny, PvP, Moddable, Co-op",A popular game by Rockstar North.,Rockstar North,Rockstar Games
221100,DayZ,,"Survival, Open World, Online Co-Op, Zombies, Multiplayer, Post-apocalyptic, Shooter, PvP, Massively Multiplayer, Action, FPS, Horror, Sandbox, Co-op, Survival Horror, Adventure, First-Person, Simulation, Atmospheric, Choose Your Own Adventure",A popular game by Bohemia Interactive.,Bohemia Interactive,Bohemia Interactive
230410,Warframe,,"Free to Play, Action RPG, Looter Shooter, Third-Person Shooter, Action, RPG, Third Person, Character Customization, Massively Multiplayer, Online Co-Op, Co-op, PvE, Sci-fi, Singleplayer, Space, Shooter, Lore-Rich, Hack and Slash, Parkour, Ninja",A popular game by Digital Extremes.,Digital Extremes,Digital Extremes
438100,VRChat,,"VR, Free to Play, Multiplayer, Anime, Memes, Funny, Massively Multiplayer, First-Person, Open World, Early Access, Simulation, Casual, Adventure, MMORPG, Comedy, Sandbox, Dating Sim, Survival Horror, Action, Atmospheric",A popular game by VRChat Inc..,VRChat Inc.,VRChat Inc.
3241660,R.E.P.O.,,"Horror, Online Co-Op, Multiplayer, Comedy, Co-op, Physics, 3D, First-Person, Stealth, Action, Robots, Survival, Exploration, Action Roguelike, Procedural Generation, Post-apocalyptic, Perma Death, Sci-fi, Dystopian , Early Access",A popular game by semiwork.,semiwork,semiwork
394360,Hearts of Iron IV,,"Strategy, World War II, Grand Strategy, War, Historical, Military, Alternate History, Multiplayer, Simulation, Tactical, Singleplayer, Real-Time with Pause, RTS, Diplomacy, Sandbox, Co-op, Strategy RPG, Open World, Competitive, Action",A popular game by Paradox Development Studio.,Paradox Development Studio,Paradox Interactive
322330,Don't Starve Together,,"Survival, Open World Survival Craft, Multiplayer, Co-op, Open World, Adventure, Crafting, Online Co-Op, Sandbox, Difficult, Indie, 2D, Atmospheric, Funny, Survival Horror, Strategy, Horror, Singleplayer, Action, Rogue-like",A popular game by Klei Entertainment.,Klei Entertainment,Klei Entertainment
1174180,Red Dead Redemption 2,,"Open World, Story Rich, Western, Adventure, Multiplayer, Action, Realistic, Singleplayer, Shooter, Atmospheric, Horses, Beautiful, Mature, Third-Person Shooter, Great Soundtrack, Third Person, Gore, Sandbox, First-Person, FPS",A popular game by Rockstar Games.,Rockstar Games,Rockstar Games
1245620,ELDEN RING,,"Souls-like, Open World, Dark Fantasy, RPG, Difficult, Action RPG, Third Person, Multiplayer, Fantasy, Singleplayer, Online Co-Op, Action, Co-op, Atmospheric, PvP, Great Soundtrack, Violent, 3D, Character Customization, Family Friendly","A popular game by FromSoftware, Inc..","FromSoftware, Inc.","FromSoftware, Inc., Bandai Namco Entertainment"
1903340,Clair Obscur: Expedition 33,,"Turn-Based Combat, Story Rich, Fantasy, RPG, Exploration, JRPG, Adventure, Lore-Rich, Singleplayer, Action RPG, Souls-like, Party-Based RPG, Dark Fantasy, Character Customization, 3D, Post-apocalyptic, Great Soundtrack, Narration, Realistic, Action",A popular game by Sandfall Interactive.,Sandfall Interactive,Kepler Interactive
322170,Geometry Dash,,"Difficult, Music, Level Editor, Great Soundtrack, Precision Platformer, 2D, Rhythm, Singleplayer, Colorful, Platformer, Character Customization, Indie, Arcade, Side Scroller, Family Friendly, Action, Funny, Casual, Strategy, Psychological Horror",A popular game by RobTop Games.,RobTop Games,RobTop Games
2878980,NBA 2K25,,"Sports, Basketball, Simulation, e-sports, 3D, Controller, Management, PvP, Character Customization, Immersive Sim, Team-Based, Trading, Co-op, Local Co-Op, Multiplayer, Local Multiplayer, Online Co-Op, Singleplayer, 4 Player Local, Gambling",A popular game by Visual Concepts.,Visual Concepts,2K
218620,PAYDAY 2,,"Co-op, Action, FPS, Heist, Multiplayer, Looter Shooter, Online Co-Op, Stealth, Crime, Shooter, Team-Based, First-Person, Great Soundtrack, Gun Customization, Tactical, PvE, Strategy, Singleplayer, Funny, Simulation",A popular game by OVERKILL - a Starbreeze Studio..,OVERKILL - a Starbreeze Studio.,Starbreeze Entertainment
289070,Sid Meier’s Civilization VI,,"Strategy, Turn-Based Strategy, Multiplayer, Historical, Grand Strategy, Singleplayer, Turn-Based, 4X, War, City Builder, Simulation, Tactical, Management, Building, Great Soundtrack, Online Co-Op, Moddable, Co-op, Hex Grid, Atmospheric","A popular game by Firaxis Games, Aspyr (Mac), Aspyr (Linux).","Firaxis Games, Aspyr (Mac), Aspyr (Linux)","2K, Aspyr (Mac), Aspyr (Linux)"
1222670,The Sims 4,,"Life Sim, Character Customization, Free to Play, Building, Romance, Simulation, Sandbox, Singleplayer, Dating Sim, Relaxing, Casual, Realistic, Family Friendly, Funny, Immersive Sim, Cute, Fantasy, Adventure, Cartoony, Nudity",A popular game by Maxis.,Maxis,Electronic Arts
550,Left 4 Dead 2,,"Zombies, Co-op, FPS, Multiplayer, Shooter, Online Co-Op, Action, Survival, Horror, First-Person, Gore, Team-Based, Moddable, Survival Horror, Post-apocalyptic, Singleplayer, Adventure, Local Co-Op, Replay Value, Tactical",A popular game by Valve.,Valve,Valve
489830,The Elder Scrolls V: Skyrim Special Edition,,"Open World, RPG, Adventure, Singleplayer, Fantasy, Character Customization, Moddable, Dragons, Story Rich, Magic, First-Person, Action, Atmospheric, Great Soundtrack, Third Person, Stealth, Classic, Remake, Female Protagonist, Walking Simulator",A popular game by Bethesda Game Studios.,Bethesda Game Studios,Bethesda Softworks
1085660,Destiny 2,,"Free to Play, Open World, Multiplayer, Looter Shooter, MMORPG, FPS, Co-op, PvE, PvP, Shooter, Massively Multiplayer, Loot, First-Person, Sci-fi, Action, Adventure, Lore-Rich, Space, Competitive, Atmospheric",A popular game by Bungie.,Bungie,Bungie
105600,Terraria,,"Open World Survival Craft, Sandbox, Survival, 2D, Multiplayer, Adventure, Pixel Graphics, Crafting, Building, Exploration, Co-op, Open World, Online Co-Op, Indie, Action, RPG, Singleplayer, Replay Value, Platformer, Atmospheric",A popular game by Re-Logic.,Re-Logic,Re-Logic
108600,Project Zomboid,,"Survival, Zombies, Open World, Multiplayer, Open World Survival Craft, Sandbox, Post-apocalyptic, Co-op, Crafting, Building, Indie, Simulation, RPG, Survival Horror, Realistic, Isometric, Singleplayer, 2D, Adventure, Early Access",A popular game by The Indie Stone.,The Indie Stone,The Indie Stone
3164500,Schedule I,,"Simulation, Co-op, Crime, Multiplayer, Open World, Management, First-Person, Action, Crafting, Base-Building, Automation, Building, Stealth, Strategy, FPS, Character Customization, Driving, Shooter, Early Access, Action-Adventure",A popular game by TVGS.,TVGS,TVGS
1091500,Cyberpunk 2077,,"Cyberpunk, Open World, Nudity, RPG, Singleplayer, Sci-fi, FPS, Story Rich, Mature, Futuristic, First-Person, Atmospheric, Exploration, Action, Violent, Great Soundtrack, Action RPG, Adventure, Character Customization, Immersive Sim",A popular game by CD PROJEKT RED.,CD PROJEKT RED,CD PROJEKT RED
346110,ARK: Survival Evolved,,"Open World Survival Craft, Survival, Multiplayer, Open World, Dinosaurs, Crafting, Building, Adventure, Base-Building, Co-op, Action, Sandbox, First-Person, Massively Multiplayer, Singleplayer, Early Access, RPG, Dragons, Sci-fi, Indie","A popular game by Studio Wildcard, Instinct Games, Efecto Studios, Virtual Basement LLC.","Studio Wildcard, Instinct Games, Efecto Studios, Virtual Basement LLC","Studio Wildcard, Snail Games USA"
252950,Rocket League,,"Multiplayer, Football (Soccer), Competitive, Sports, Racing, Team-Based, Online Co-Op, Football (American), Fast-Paced, Co-op, Action, Funny, Great Soundtrack, Local Multiplayer, Split Screen, Local Co-Op, Singleplayer, 4 Player Local, Casual, Indie",A popular game by Psyonix LLC.,Psyonix LLC,Psyonix LLC
39210,FINAL FANTASY XIV Online,,"MMORPG, RPG, Massively Multiplayer, Character Customization, Fantasy, JRPG, Open World, Story Rich, Multiplayer, Magic, Adventure, Third Person, Co-op, Online Co-Op, Exploration, Action, Atmospheric, Crafting, Action RPG, Female Protagonist",A popular game by Square Enix.,Square Enix,Square Enix
294100,RimWorld,,"Colony Sim, Base-Building, Survival, Strategy, Sandbox, Management, Building, Simulation, Moddable, Singleplayer, City Builder, Open World, Procedural Generation, 2D, Sci-fi, Indie, Space, Tactical RPG, Cartoony, Western",A popular game by Ludeon Studios.,Ludeon Studios,Ludeon Studios
4000,Garry's Mod,,"Sandbox, Moddable, Multiplayer, Physics, Building, Casual, Funny, First-Person, Singleplayer, FPS, Simulation, Comedy, Online Co-Op, Co-op, Shooter, Action, Indie, PvP, Realistic, Exploration",A popular game by Facepunch Studios.,Facepunch Studios,Valve
1623730,Palworld,,"Open World, Survival, Creature Collector, Multiplayer, Open World Survival Craft, Online Co-Op, Crafting, Co-op, Adventure, Base-Building, Sandbox, Building, Third-Person Shooter, Automation, Action, RPG, Anime, Early Access, Exploration, Farming",A popular game by Pocketpair.,Pocketpair,Pocketpair
1599340,Lost Ark,,"MMORPG, Free to Play, Action RPG, Multiplayer, Hack and Slash, Character Customization, RPG, Massively Multiplayer, Action, Sexual Content, Adventure, PvE, Fantasy, PvP, Isometric, Online Co-Op, Class-Based, Singleplayer, Violent, Gore",A popular game by Smilegate RPG.,Smilegate RPG,Amazon Games
227300,Euro Truck Simulator 2,,"Driving, Transportation, Simulation, Open World, Automobile Sim, Realistic, Moddable, Relaxing, Exploration, Economy, Immersive Sim, Management, Atmospheric, Multiplayer, Controller, Family Friendly, Third Person, Adventure, Casual, Indie",A popular game by SCS Software.,SCS Software,SCS Software
2379780,Balatro,,"Card Game, Roguelike Deckbuilder, Rogue-like, Deckbuilding, Singleplayer, Strategy, Pixel Graphics, Replay Value, Rogue-lite, Turn-Based, Card Battler, Casual, Difficult, Choices Matter, 2D, Turn-Based Strategy, Indie, Relaxing, Arcade, Procedural Generation",A popular game by LocalThunk.,LocalThunk,Playstack
251570,7 Days to Die,,"Survival, Zombies, Multiplayer, Open World, Open World Survival Craft, Base-Building, Post-apocalyptic, Voxel, Online Co-Op, Building, Exploration, Sandbox, FPS, Simulation, Tower Defense, Character Customization, Action, Horror, Strategy, Procedural Generation",A popular game by The Fun Pimps.,The Fun Pimps,The Fun Pimps Entertainment LLC
1142710,Total War: WARHAMMER III,,"Strategy, Turn-Based Strategy, Grand Strategy, RTS, Fantasy, Real Time Tactics, War, Dark Fantasy, Action, Dwarf, Tactical, Games Workshop, Atmospheric, Multiplayer, Colorful, Co-op, PvP, Singleplayer, Warhammer 40K, Online Co-Op","A popular game by CREATIVE ASSEMBLY, Feral Interactive.","CREATIVE ASSEMBLY, Feral Interactive","SEGA, Feral Interactive"
2694490,Path of Exile 2,,"Action RPG, Hack and Slash, RPG, Souls-like, MMORPG, Dark Fantasy, Isometric, Action, Loot, Dungeon Crawler, Adventure, Multiplayer, Online Co-Op, Character Customization, Early Access, Inventory Management, Crafting, Horror, Dark, Free to Play",A popular game by Grinding Gear Games.,Grinding Gear Games,Grinding Gear Games
427520,Factorio,,"Automation, Base-Building, Resource Management, Sandbox, Crafting, Strategy, Multiplayer, Survival, Management, Open World, Building, Co-op, 2D, Moddable, Singleplayer, Trains, Simulation, Pixel Graphics, City Builder, Indie",A popular game by Wube Software LTD..,Wube Software LTD.,Wube Software LTD.
306130,The Elder Scrolls Online,,"RPG, MMORPG, Open World, Fantasy, Adventure, Multiplayer, Exploration, Singleplayer, Massively Multiplayer, Action, Character Customization, PvP, PvE, Lore-Rich, Story Rich, Choose Your Own Adventure, Class-Based, Magic, Action RPG, Atmospheric",A popular game by ZeniMax Online Studios.,ZeniMax Online Studios,Bethesda Softworks
292030,The Witcher 3: Wild Hunt - Complete Edition,,"Open World, RPG, Story Rich, Atmospheric, Mature, Fantasy, Adventure, Singleplayer, Nudity, Choices Matter, Great Soundtrack, Third Person, Medieval, Action, Multiple Endings, Action RPG, Dark Fantasy, Magic, Dark, Sandbox",A popular game by CD PROJEKT RED.,CD PROJEKT RED,CD PROJEKT RED
284160,BeamNG.drive,,"Simulation, Driving, Physics, Realistic, Destruction, Automobile Sim, Sandbox, Open World, Racing, Moddable, Multiplayer, Singleplayer, Early Access, First-Person, Third Person, Exploration, Funny, Adventure, Action, Flight",A popular game by BeamNG.,BeamNG,BeamNG
629520,Soundpad,,"Utilities, Audio Production, Music, Software, NSFW, Mature, Cold War, Psychological, Singleplayer, Atmospheric",A popular game by Leppsoft.,Leppsoft,Leppsoft
646570,Slay the Spire,,"Roguelike Deckbuilder, Card Game, Card Battler, Rogue-like, Deckbuilding, Turn-Based, Strategy, Singleplayer, Rogue-lite, Replay Value, Indie, Difficult, Dungeon Crawler, RPG, Mouse only, 2D, Great Soundtrack, Procedural Generation, Fantasy, Casual",A popular game by Mega Crit.,Mega Crit,Mega Crit
2358720,Black Myth: Wukong,,"Mythology, Action RPG, Action, Souls-like, RPG, Combat, Story Rich, Singleplayer, Action-Adventure, Drama, Dark Fantasy, Atmospheric, Adventure, 3D, Fantasy, Hack and Slash, Difficult, Third Person, Music, Violent",A popular game by Game Science.,Game Science,Game Science
766570,Russian Fishing 4,,"Fishing, Multiplayer, Free to Play, Simulation, Nature, Realistic, Relaxing, First-Person, Crafting, Immersive Sim, Sports, Atmospheric, Singleplayer, Open World, Survival, Massively Multiplayer, Casual, Adventure, RPG, Family Friendly",A popular game by FishSoft LLC.,FishSoft LLC,FishSoft LLC
1364780,Street Fighter 6,,"2D Fighter, Fighting, Character Customization, Arcade, Action, Multiplayer, Competitive, PvP, Adventure, Singleplayer, e-sports, Open World, Local Multiplayer, Controller, 3D, Martial Arts, Action RPG, Great Soundtrack, Sandbox, Anime","A popular game by CAPCOM Co., Ltd..","CAPCOM Co., Ltd.","CAPCOM Co., Ltd."
250900,The Binding of Isaac: Rebirth,,"Action Roguelike, Rogue-like, Indie, Replay Value, Difficult, Pixel Graphics, Dungeon Crawler, Great Soundtrack, Singleplayer, Dark, 2D, Local Co-Op, Remake, Gore, Procedural Generation, Rogue-lite, Atmospheric, Co-op, Action, Horror","A popular game by Nicalis, Inc., Edmund McMillen.","Nicalis, Inc., Edmund McMillen","Nicalis, Inc."
261550,Mount & Blade II: Bannerlord,,"Medieval, Strategy, Open World, RPG, War, Sandbox, Multiplayer, Singleplayer, Action, Character Customization, Simulation, Moddable, Adventure, Horses, Realistic, Third Person, Historical, First-Person, Great Soundtrack, Early Access",A popular game by TaleWorlds Entertainment.,TaleWorlds Entertainment,TaleWorlds Entertainment
892970,Valheim,,"Open World Survival Craft, Survival, Online Co-Op, Open World, Multiplayer, Building, Crafting, Base-Building, Exploration, Co-op, Adventure, Difficult, Mythology, Sandbox, PvE, Third Person, Action, Singleplayer, Early Access, Indie",A popular game by Iron Gate AB.,Iron Gate AB,Coffee Stain Publishing
2623190,The Elder Scrolls IV: Oblivion Remastered,,"RPG, Open World, Fantasy, Singleplayer, Adventure, Exploration, Action RPG, First-Person, Character Customization, Third Person, Story Rich, Action-Adventure, Great Soundtrack, Atmospheric, Violent, Sexual Content, Action, Gore, Politics, Multiplayer","A popular game by Bethesda Game Studios, Virtuos.","Bethesda Game Studios, Virtuos",Bethesda Softworks
582660,Black Desert,,"MMORPG, Massively Multiplayer, Open World, Character Customization, RPG, Adventure, Fantasy, Action, 3D, Strategy, Multiplayer, Medieval, Crafting, Magic, Atmospheric, Simulation, PvP, Cooking, Combat, War",A popular game by Pearl Abyss.,Pearl Abyss,Pearl Abyss
1158310,Crusader Kings III,,"Strategy, Medieval, Grand Strategy, Simulation, RPG, Historical, Management, Character Customization, Life Sim, Sandbox, RTS, Choices Matter, War, Singleplayer, Economy, Political, 4X, Moddable, Multiplayer, Real-Time with Pause",A popular game by Paradox Development Studio.,Paradox Development Studio,Paradox Interactive
291550,Brawlhalla,,"Free to Play, Multiplayer, Fighting, 2D Fighter, 2D Platformer, Casual, Local Multiplayer, Co-op, Controller, Platformer, Action, Online Co-Op, Local Co-Op, Fantasy, 4 Player Local, Family Friendly, e-sports, Cartoony, Singleplayer, Indie",A popular game by Blue Mammoth Games.,Blue Mammoth Games,Ubisoft
281990,Stellaris,,"Space, Grand Strategy, Strategy, Sci-fi, 4X, Exploration, Sandbox, Simulation, Multiplayer, Singleplayer, Real-Time with Pause, Moddable, Management, Diplomacy, Military, Futuristic, Replay Value, Great Soundtrack, Procedural Generation, Atmospheric",A popular game by Paradox Development Studio.,Paradox Development Studio,Paradox Interactive
813780,Age of Empires II: Definitive Edition,,"Strategy, RTS, City Builder, Multiplayer, Base-Building, Historical, Singleplayer, Medieval, Resource Management, Classic, Tactical, Real-Time, Co-op, Remake, Isometric, 2D, Replay Value, Action, Adventure, Great Soundtrack","A popular game by World's Edge, Forgotten Empires, CaptureAge, Tantalus Media, Wicked Witch, Feral Interactive.","World's Edge, Forgotten Empires, CaptureAge, Tantalus Media, Wicked Witch, Feral Interactive",Xbox Game Studios
2300320,Farming Simulator 25,,"Simulation, Farming Sim, Realistic, 3D, First-Person, Immersive Sim, Time Management, Multiplayer, Economy, Third Person, Building, Management, Atmospheric, Relaxing, Nature, Online Co-Op, Farming, Physics, Singleplayer, Moddable",A popular game by GIANTS Software.,GIANTS Software,GIANTS Software
1665460,eFootball,,"Football (Soccer), Free to Play, Controller, Multiplayer, Sports, e-sports, Simulation, Local Multiplayer, PvP, Co-op, Singleplayer, Online Co-Op, Local Co-Op, Realistic, Comedy, Memes, Violent, Anime, LGBTQ+, Funny",A popular game by KONAMI.,KONAMI,KONAMI
526870,Satisfactory,,"Base-Building, Automation, Open World, Multiplayer, Crafting, Co-op, Building, Resource Management, Sandbox, Exploration, Adventure, Open World Survival Craft, Survival, First-Person, Simulation, Strategy, Sci-fi, Singleplayer, Early Access, Indie",A popular game by Coffee Stain Studios.,Coffee Stain Studios,Coffee Stain Publishing
2246340,Monster Hunter Wilds,,"Hunting, Action, Multiplayer, Online Co-Op, Co-op, Dating Sim, Character Customization, Dragons, Open World, Third Person, Action RPG, Adventure, Fantasy, Cute, RPG, Singleplayer, Atmospheric, Great Soundtrack, Underwater, Souls-like","A popular game by CAPCOM Co., Ltd..","CAPCOM Co., Ltd.","CAPCOM Co., Ltd."
236850,Europa Universalis IV,,"Grand Strategy, Strategy, Historical, Simulation, 4X, Alternate History, Military, Wargame, Diplomacy, Economy, Replay Value, Sandbox, Political, Real-Time with Pause, Moddable, Nonlinear, Co-op, Singleplayer, Management, Multiplayer","A popular game by Paradox Development Studio, Paradox Tinto.","Paradox Development Studio, Paradox Tinto",Paradox Interactive
1049590,Eternal Return,,"Free to Play, Anime, Sexual Content, Multiplayer, MOBA, Survival, PvP, Combat, Top-Down, Action, Crafting, 3D, Strategy, Tactical, Character Customization, MMORPG, e-sports, Indie, Point & Click, Real Time Tactics",A popular game by Nimble Neuron.,Nimble Neuron,"Nimble Neuron, SapStaR Games"
275850,No Man's Sky,,"Open World, Open World Survival Craft, Space, Exploration, Sci-fi, Survival, Procedural Generation, Adventure, First-Person, Multiplayer, Sandbox, Singleplayer, Atmospheric, Crafting, Space Sim, Indie, Action, Simulation, FPS, VR",A popular game by Hello Games.,Hello Games,Hello Games
8930,Sid Meier's Civilization V,,"Turn-Based Strategy, Strategy, Turn-Based, Multiplayer, Historical, 4X, Addictive, Singleplayer, Hex Grid, Grand Strategy, Replay Value, Co-op, Economy, Tactical, Diplomacy, Moddable, Simulation, Classic, Great Soundtrack, Touch-Friendly","A popular game by Firaxis Games, Aspyr (Mac), Aspyr (Linux).","Firaxis Games, Aspyr (Mac), Aspyr (Linux)","2K, Aspyr (Mac), Aspyr (Linux)"
2399830,ARK: Survival Ascended,,"Early Access, Survival, Open World, Multiplayer, Dinosaurs, Building, Adventure, Base-Building, Crafting, Action, Sandbox, Character Customization, Singleplayer, PvE, PvP, Massively Multiplayer, Inventory Management, RPG, Fantasy, Sci-fi","A popular game by Studio Wildcard, Grove Street Games, Instinct Games.","Studio Wildcard, Grove Street Games, Instinct Games","Studio Wildcard, Snail Games USA"
582010,Monster Hunter: World,,"Co-op, Multiplayer, Action, Open World, RPG, Character Customization, Third Person, Adventure, Fantasy, Action RPG, Difficult, Singleplayer, Exploration, Great Soundtrack, Replay Value, Atmospheric, Hack and Slash, JRPG, MMORPG, Souls-like","A popular game by CAPCOM Co., Ltd..","CAPCOM Co., Ltd.","CAPCOM Co., Ltd."
377160,Fallout 4,,"Open World, Post-apocalyptic, Singleplayer, Exploration, RPG, Adventure, Atmospheric, Shooter, First-Person, Story Rich, Action, Sci-fi, FPS, Action RPG, Sandbox, Great Soundtrack, Survival, Third Person, Third-Person Shooter, Character Customization",A popular game by Bethesda Game Studios.,Bethesda Game Studios,Bethesda Softworks
1476970,Legends of IdleOn - Idle MMO,,"Idler, Pixel Graphics, Free to Play, MMORPG, Management, RPG, Multiplayer, Clicker, Crafting, Resource Management, Sandbox, Indie, Massively Multiplayer, Casual, Simulation, Character Customization, Early Access, PvE, Old School, Cute",A popular game by Lavaflame2.,Lavaflame2,Lavaflame2
1604030,V Rising,,"Survival, Open World, Base-Building, Vampire, Multiplayer, Crafting, Online Co-Op, PvP, PvE, Building, Hack and Slash, Sandbox, Exploration, Massively Multiplayer, Dark Fantasy, Action-Adventure, Singleplayer, Action, Adventure, Co-op",A popular game by Stunlock Studios.,Stunlock Studios,Stunlock Studios
1203620,Enshrouded,,"Open World, Survival, Base-Building, Multiplayer, Online Co-Op, Crafting, RPG, Adventure, Action RPG, Exploration, Building, Singleplayer, Fantasy, Sandbox, Character Customization, Early Access, PvE, Action, 3D, Indie",A popular game by Keen Games GmbH.,Keen Games GmbH,Keen Games GmbH
304930,Unturned,,"Free to Play, Survival, Zombies, Multiplayer, Open World, Co-op, Sandbox, Crafting, Shooter, Adventure, Post-apocalyptic, First-Person, Singleplayer, Looter Shooter, FPS, Action, Massively Multiplayer, Indie, Atmospheric, Casual",A popular game by Smartly Dressed Games.,Smartly Dressed Games,Smartly Dressed Games
1325860,VTube Studio,,"Indie, Mature, Anime, Animation & Modeling, Free to Play, NSFW, Software, Cute, Video Production, Character Customization, 2D, Utilities, Funny, Singleplayer, 3D, Multiplayer, Co-op, Survival Horror, Souls-like",A popular game by DenchiSoft.,DenchiSoft,DenchiSoft
1551360,Forza Horizon 5,,"Racing, Open World, Driving, Multiplayer, Automobile Sim, Realistic, Simulation, Adventure, Arcade, Exploration, First-Person, Co-op, Online Co-Op, Sports, Atmospheric, PvP, Singleplayer, Beautiful, VR, Action",A popular game by Playground Games.,Playground Games,Xbox Game Studios
739630,Phasmophobia,,"Horror, Online Co-Op, Multiplayer, Psychological Horror, Co-op, Supernatural, VR, First-Person, Investigation, Dark, Demons, Detective, Mystery, Thriller, 3D, Early Access, Indie, Action, Tactical, Singleplayer",A popular game by Kinetic Games.,Kinetic Games,Kinetic Games
365670,Blender,,"Animation & Modeling, Software, Design & Illustration, Free to Play, Game Development, Video Production, 3D, Difficult, GameMaker, Utilities, Physics, Singleplayer, 3D Vision, Sandbox, 2D, Moddable, Building, Hentai, Survival Horror, Story Rich",A popular game by Blender Foundation.,Blender Foundation,Blender Foundation
1454400,Cookie Clicker,,"Clicker, Idler, Casual, Indie, Pixel Graphics, Management, Horror, Economy, Collectathon, Funny, 2D, Memes, Resource Management, Strategy, Comedy, Building, Simulation, Colorful, Touch-Friendly, Singleplayer","A popular game by Orteil, DashNet.","Orteil, DashNet",Playsaurus
2221490,Tom Clancy’s The Division 2,,"Looter Shooter, Open World, Third-Person Shooter, Multiplayer, Singleplayer, Online Co-Op, Action, Shooter, Adventure, RPG, Post-apocalyptic, Co-op, Loot, Character Customization, Survival, Massively Multiplayer, PvE, Military, PvP, Story Rich",A popular game by Ubisoft.,Ubisoft,Ubisoft
1237950,STAR WARS Battlefront II,,"Multiplayer, Shooter, Singleplayer, Action, Third-Person Shooter, Space, FPS, Sci-fi, Co-op, Combat, Online Co-Op, Vehicular Combat, First-Person, Third Person, Adventure, PvP, Aliens, Controller, Tactical, Character Customization",A popular game by DICE.,DICE,Electronic Arts
393380,Squad,,"Military, Realistic, FPS, Multiplayer, Tactical, Shooter, Team-Based, War, First-Person, Action, Massively Multiplayer, Strategy, Modern, Simulation, Wargame, Base-Building, Open World, Immersive Sim, Atmospheric, PvP",A popular game by Offworld.,Offworld,Offworld
244210,Assetto Corsa,,"Racing, Automobile Sim, Simulation, Driving, Multiplayer, VR, Realistic, Sports, Open World, Moddable, Controller, Singleplayer, Physics, First-Person, Replay Value, Indie, Action, 3D Vision, TrackIR, Artificial Intelligence",A popular game by Kunos Simulazioni.,Kunos Simulazioni,505 Games
255710,Cities: Skylines,,"City Builder, Simulation, Building, Management, Strategy, Sandbox, Singleplayer, Moddable, Economy, Resource Management, Mod, Realistic, Replay Value, Casual, Modern, Real-Time with Pause, Family Friendly, Great Soundtrack, Funny, Action",A popular game by Colossal Order.,Colossal Order,Paradox Interactive
2344520,Diablo IV,,"Action RPG, Hack and Slash, Loot, Isometric, RPG, Online Co-Op, Singleplayer, Co-op, Dungeon Crawler, Multiplayer, Action, Third Person, PvE, Fantasy, Dark Fantasy, Story Rich, Gore, Exploration, Violent, MMORPG","A popular game by Blizzard Entertainment, Inc..","Blizzard Entertainment, Inc.","Blizzard Entertainment, Inc."
1151340,Fallout 76,,"Open World, Multiplayer, Post-apocalyptic, Dark Comedy, RPG, Capitalism, Survival, Base-Building, Co-op, Shooter, Horror, MMORPG, Exploration, FPS, Singleplayer, Gore, Violent, Atmospheric, Great Soundtrack, Early Access",A popular game by Bethesda Game Studios.,Bethesda Game Studios,Bethesda Softworks
49520,Borderlands 2,,"Loot, Shooter, Action, Multiplayer, Co-op, Looter Shooter, FPS, RPG, First-Person, Funny, Comedy, Open World, Combat, Online Co-Op, Adventure, Action RPG, Dark Humor, Singleplayer, Memes, Sci-fi","A popular game by Gearbox Software, Aspyr (Mac), Aspyr (Linux).","Gearbox Software, Aspyr (Mac), Aspyr (Linux)","2K, Aspyr (Mac), Aspyr (Linux)"
513710,SCUM,,"Survival, Open World Survival Craft, Multiplayer, Open World, Zombies, Nudity, Massively Multiplayer, Action, Realistic, Adventure, Singleplayer, Crafting, Early Access, FPS, Violent, PvP, Gore, Third Person, Indie, RPG",A popular game by Gamepires.,Gamepires,Gamepires
552990,World of Warships,,"Free to Play, Naval Combat, Action, Co-op, Tactical, Online Co-Op, Multiplayer, Naval, PvP, World War II, War, Military, Team-Based, Massively Multiplayer, PvE, Simulation, Historical, Shooter, Realistic, Third-Person Shooter",A popular game by Wargaming Group Limited.,Wargaming Group Limited,Wargaming Group Limited
1283970,YoloMouse - Cursor Changer,,"Utilities, Design & Illustration, Animation & Modeling, Software Training, Education, Software, Funny, Gaming, Memes, First-Person, Early Access, Indie, Sandbox, Horror, Photo Editing, Singleplayer, Mature, Game Development, NSFW, Action",A popular game by Dragonrise Games.,Dragonrise Games,Dragonrise Games
761890,Albion Online,,"Free to Play, MMORPG, Open World, Massively Multiplayer, Sandbox, RPG, Multiplayer, Crafting, Survival, PvP, Loot, PvE, Economy, Medieval, Co-op, Fantasy, Strategy, Action, Singleplayer, Difficult",A popular game by Sandbox Interactive GmbH.,Sandbox Interactive GmbH,Sandbox Interactive GmbH
216150,MapleStory,,"MMORPG, 2D Platformer, Character Customization, Loot, Free to Play, Side Scroller, PvE, Multiplayer, Multiple Endings, Co-op, Cute, Anime, Platformer, PvP, Third Person, Massively Multiplayer, Story Rich, RPG, 2D, Casual",A popular game by NEXON Korea Corporation.,NEXON Korea Corporation,Nexon America Inc.
632360,Risk of Rain 2,,"Third-Person Shooter, Action Roguelike, Multiplayer, Co-op, Action, Rogue-lite, Rogue-like, Looter Shooter, Loot, Online Co-Op, Shooter, Great Soundtrack, Difficult, Third Person, Indie, Survival, Singleplayer, Soundtrack, Early Access, Bullet Hell",A popular game by Hopoo Games.,Hopoo Games,"Gearbox Publishing, 2K"
3117820,Sultan's Game,,"RPG, Simulation, Adventure, Tabletop, Strategy, Story Rich, Card Game, Time Management, Choose Your Own Adventure, Psychological Horror, Turn-Based Strategy, Dark Fantasy, Emotional, Lore-Rich, Dark Humor, Choices Matter, Multiple Endings, Drama, Singleplayer, Management",A popular game by Double Cross.,Double Cross,2P Games
457140,Oxygen Not Included,,"Colony Sim, Base-Building, Survival, Resource Management, Building, Singleplayer, Management, 2D, Simulation, Sandbox, Strategy, Space, Indie, Sci-fi, Difficult, Exploration, Open World, Multiplayer, Adventure, Space Sim",A popular game by Klei Entertainment.,Klei Entertainment,Klei Entertainment
2479810,Gray Zone Warfare,,"Early Access, Online Co-Op, Tactical, FPS, Realistic, Shooter, Extraction Shooter, First-Person, Military, Open World, MMORPG, Competitive, Massively Multiplayer, Multiplayer, War, PvP, PvE, Survival, Action, Team-Based","A popular game by MADFINGER Games, a.s..","MADFINGER Games, a.s.","MADFINGER Games, a.s."
960090,Bloons TD 6,,"Tower Defense, Strategy, Multiplayer, Singleplayer, Online Co-Op, Co-op, Family Friendly, Casual, 3D, Cartoony, Sandbox, 2D, Great Soundtrack, Difficult, Touch-Friendly, Cute, Funny, Addictive, Survival, Action",A popular game by Ninja Kiwi.,Ninja Kiwi,Ninja Kiwi
1284190,The Planet Crafter,,"Open World Survival Craft, Base-Building, Survival, Online Co-Op, Co-op, Building, Crafting, Open World, Exploration, Space, Automation, Sandbox, First-Person, Resource Management, Singleplayer, Sci-fi, Adventure, Story Rich, Immersive Sim, Aliens",A popular game by Miju Games.,Miju Games,Miju Games
10,Counter-Strike,,"Action, FPS, Multiplayer, Shooter, Classic, Team-Based, First-Person, Competitive, Tactical, 1990's, e-sports, PvP, Old School, Military, Strategy, Survival, Score Attack, 1980s, Assassin, Nostalgia",A popular game by Valve.,Valve,Valve
1361210,"Warhammer 40,000: Darktide",,"Horror, Team-Based, Combat, Class-Based, Hack and Slash, Zombies, PvE, Warhammer 40K, Shooter, FPS, Co-op, Action-Adventure, Character Customization, First-Person, Dark, Realistic, Narration, Action, Dark Fantasy, Atmospheric",A popular game by Fatshark.,Fatshark,Fatshark
107410,Arma 3,,"Military, Action, Multiplayer, Shooter, Simulation, Realistic, First-Person, Open World, Tactical, FPS, War, Co-op, Strategy, Sandbox, Singleplayer, Moddable, Combat, Online Co-Op, Team-Based, Third-Person Shooter",A popular game by Bohemia Interactive.,Bohemia Interactive,Bohemia Interactive
1466860,Age of Empires IV: Anniversary Edition,,"Strategy, RTS, Base-Building, Multiplayer, War, Singleplayer, Resource Management, Medieval, City Builder, Historical, Action RTS, PvP, PvE, Co-op, 3D, Management, Isometric, Open World, Online Co-Op, Mature","A popular game by World's Edge, Relic Entertainment, Forgotten Empires, Climax Studios.","World's Edge, Relic Entertainment, Forgotten Empires, Climax Studios",Xbox Game Studios
1771300,Kingdom Come: Deliverance II,,"RPG, Medieval, Open World, Singleplayer, Realistic, First-Person, Story Rich, Adventure, Action, Combat, Historical, Swordplay, Political, Immersive, Choices Matter, Atmospheric, Alternate History, LGBTQ+, Action-Adventure, 3D",A popular game by Warhorse Studios.,Warhorse Studios,Deep Silver
2183900,"Warhammer 40,000: Space Marine 2",,"Warhammer 40K, Action, Third-Person Shooter, Multiplayer, Co-op, PvE, Adventure, Action-Adventure, Third Person, Sci-fi, Wargame, 3D, War, Fantasy, Space, Singleplayer, Narration, Realistic, Futuristic, Cinematic",A popular game by Saber Interactive.,Saber Interactive,Focus Entertainment
814380,Sekiro: Shadows Die Twice - GOTY Edition,,"Souls-like, Difficult, Action, Singleplayer, Ninja, Stealth, Adventure, Third Person, Open World, Story Rich, Violent, Atmospheric, Assassin, Dark Fantasy, Hack and Slash, RPG, Gore, Great Soundtrack, Rhythm, Dark","A popular game by FromSoftware, Inc..","FromSoftware, Inc.","Activision (Excluding Japan and Asia), FromSoftware, Inc. (Japan), 方块游戏 (Asia)"
270880,American Truck Simulator,,"Automobile Sim, Driving, Open World, Transportation, Simulation, America, Realistic, Moddable, Relaxing, Exploration, Economy, Management, Atmospheric, Immersive Sim, Multiplayer, Singleplayer, Adventure, Casual, Family Friendly, Level Editor",A popular game by SCS Software.,SCS Software,SCS Software
1286830,STAR WARS: The Old Republic,,"Free to Play, Multiplayer, MMORPG, Character Customization, Open World, RPG, Story Rich, Choices Matter, Massively Multiplayer, Sci-fi, Adventure, Space, Action, Third Person, PvP, Atmospheric, Action RPG, Party-Based RPG, Great Soundtrack, Controller",A popular game by Broadsword.,Broadsword,Electronic Arts
1942280,Brotato,,"Rogue-like, Singleplayer, Action Roguelike, Bullet Hell, Sci-fi, Survival, Arena Shooter, Local Co-Op, Rogue-lite, Hack and Slash, Multiplayer, Replay Value, Arcade, Top-Down Shooter, Casual, Action, Controller, 2D, RPG, Co-op",A popular game by Blobfish.,Blobfish,Blobfish
1238810,Battlefield V,,"FPS, Multiplayer, Singleplayer, World War II, Shooter, War, Military, First-Person, Massively Multiplayer, PvP, Combat, Open World, Action, Historical, Destruction, Battle Royale, Atmospheric, Violent, Sexual Content, Female Protagonist",A popular game by DICE.,DICE,Electronic Arts
1238840,Battlefield 1,,"FPS, Multiplayer, Singleplayer, World War I, War, Shooter, Action, First-Person, Historical, Atmospheric, PvP, Massively Multiplayer, Gore, Tanks, Destruction, Open World, Violent, Physics, Mature, Great Soundtrack",A popular game by DICE.,DICE,Electronic Arts
594650,Hunt: Showdown 1896,,"Open World, Extraction Shooter, Multiplayer, Atmospheric, Tactical, FPS, Perma Death, Western, Shooter, PvP, Horror, Online Co-Op, Co-op, Survival Horror, Difficult, Battle Royale, Team-Based, Action, Gore, Zombies",A popular game by Crytek.,Crytek,Crytek
1966720,Lethal Company,,"Online Co-Op, Horror, First-Person, Co-op, Survival Horror, Exploration, Funny, Psychological Horror, Sci-fi, PvE, Atmospheric, Procedural Generation, Aliens, Time Management, Adventure, Dungeon Crawler, Action, Early Access, Action-Adventure, Perma Death",A popular game by Zeekerss.,Zeekerss,Zeekerss
240,Counter-Strike: Source,,"Shooter, FPS, Action, Multiplayer, Team-Based, First-Person, Competitive, Tactical, PvP, e-sports, Military, War, Strategy, Moddable, Singleplayer, Difficult, Atmospheric, Survival, Simulation, Sandbox",A popular game by Valve.,Valve,Valve
376210,The Isle,,"Dinosaurs, Survival, Open World, Multiplayer, Simulation, Hunting, Realistic, Massively Multiplayer, Adventure, Early Access, Action, Third Person, Horror, Co-op, Sandbox, Walking Simulator, Team-Based, RPG, Strategy, Indie",A popular game by Afterthought LLC.,Afterthought LLC,Afterthought LLC
1295660,Sid Meier's Civilization VII,,"Grand Strategy, Historical, 4X, Diplomacy, Military, Simulation, Multiplayer, Economy, War, Strategy, Turn-Based Tactics, City Builder, Tactical, Alternate History, Singleplayer, Hex Grid, Political Sim, Stylized, Turn-Based Strategy, PvP",A popular game by Firaxis Games.,Firaxis Games,2K
899770,Last Epoch,,"Action RPG, Loot, Hack and Slash, RPG, Isometric, Multiplayer, Action, Co-op, Adventure, Top-Down, Dungeon Crawler, Indie, Singleplayer, Fantasy, Gore, MMORPG, Character Customization, Magic, Violent, Time Travel",A popular game by Eleventh Hour Games.,Eleventh Hour Games,"Eleventh Hour Games, KRAFTON, Inc"
990080,Hogwarts Legacy,,"Magic, Open World, Fantasy, Singleplayer, Adventure, RPG, Character Customization, Exploration, Story Rich, Third Person, Action-Adventure, Atmospheric, Action RPG, Action, Combat, Choices Matter, Puzzle, Great Soundtrack, Dark, Family Friendly",A popular game by Avalanche Software.,Avalanche Software,Warner Bros. Games
444200,World of Tanks Blitz,,"Tanks, Free to Play, Shooter, Action, FPS, Multiplayer, Strategy, Massively Multiplayer, PvP, World War II, Real Time Tactics, Team-Based, War, Online Co-Op, Competitive, Military, Singleplayer, Realistic, 3D Platformer, Vehicular Combat",A popular game by Wargaming Group Limited.,Wargaming Group Limited,Wargaming Group Limited
440900,Conan Exiles Enhanced,,"Survival, Open World, Nudity, Building, Open World Survival Craft, Crafting, Multiplayer, Sandbox, RPG, Massively Multiplayer, Adventure, Action, Online Co-Op, Exploration, Singleplayer, Violent, Co-op, Fantasy, Gore, PvP","A popular game by Funcom, Inflexion Games.","Funcom, Inflexion Games",Funcom
993090,Lossless Scaling,,"Utilities, Software, Pixel Graphics, 3D, FPS, 2D",A popular game by THS.,THS,THS
1063730,New World: Aeternum,,"Open World, Massively Multiplayer, MMORPG, RPG, Adventure, Action, PvP, PvE, Multiplayer, Fantasy, Character Customization, Walking Simulator, Crafting, Third Person, Co-op, Open World Survival Craft, Sandbox, Violent, Sexual Content, Singleplayer",A popular game by Amazon Games.,Amazon Games,Amazon Games
2001120,Split Fiction,,"Co-op, Split Screen, Female Protagonist, Action-Adventure, 3D Platformer, Fantasy, Sci-fi, Local Co-Op, Online Co-Op, Third Person, Story Rich, Adventure, Co-op Campaign, Action, Multiplayer, Local Multiplayer, Puzzle-Platformer, Platformer, Funny, Mature",A popular game by Hazelight Studios.,Hazelight Studios,Electronic Arts
1172620,Sea of Thieves: 2026 Edition,,"Multiplayer, Open World, Adventure, Pirates, Co-op, Online Co-Op, PvP, Action, Sailing, First-Person, Exploration, Naval, PvE, Funny, Massively Multiplayer, FPS, Atmospheric, Swordplay, Great Soundtrack, Singleplayer",A popular game by Rare Ltd.,Rare Ltd,Xbox Game Studios
1248130,Farming Simulator 22,,"Simulation, Farming Sim, Co-op, Multiplayer, Agriculture, Moddable, Management, Sandbox, 3D, First-Person, Economy, Open World, Online Co-Op, Family Friendly, Immersive Sim, Character Customization, Nature, Horses, Third Person, America",A popular game by GIANTS Software.,GIANTS Software,GIANTS Software
311210,Call of Duty: Black Ops III,,"Multiplayer, Zombies, FPS, Shooter, Action, First-Person, Singleplayer, Co-op, Futuristic, Illuminati, Hero Shooter, Robots, Sci-fi, Gore, Great Soundtrack, Story Rich, Atmospheric, Parkour, Quick-Time Events, Split Screen","A popular game by Treyarch, Aspyr (Mac).","Treyarch, Aspyr (Mac)","Activision, Aspyr (Mac)"
233860,Kenshi,,"Open World, Sandbox, RPG, Survival, Strategy, Building, Base-Building, Singleplayer, Post-apocalyptic, Crafting, City Builder, Indie, Adventure, Simulation, Management, RTS, Character Customization, Ninja, Alternate History, Steampunk",A popular game by Lo-Fi Games.,Lo-Fi Games,Lo-Fi Games
949230,Cities: Skylines II,,"City Builder, Simulation, Building, Sandbox, Singleplayer, Management, Economy, Strategy, Realistic, Moddable, Relaxing, Resource Management, Transportation, Casual, Multiplayer, Atmospheric, Early Access, Open World, Mod, Great Soundtrack","A popular game by Iceflake Studios, Colossal Order.","Iceflake Studios, Colossal Order",Paradox Interactive
548430,Deep Rock Galactic,,"Dwarf, Co-op, PvE, FPS, Procedural Generation, Class-Based, Shooter, Exploration, First-Person, Loot, Sci-fi, Space, Action, Atmospheric, Looter Shooter, Combat, Survival, Horror, Dark, Action Roguelike",A popular game by Ghost Ship Games.,Ghost Ship Games,Coffee Stain Publishing
1812620,DSX,,"Simulation, Indie, Controller, Utilities, Software, Gaming",A popular game by Paliverse.,Paliverse,Paliverse
2195250,EA SPORTS FC 24,,"Football (Soccer), Sports, Controller, Multiplayer, PvP, e-sports, Competitive, PvE, Local Multiplayer, 3D, Simulation, Online Co-Op, Singleplayer, Realistic, Local Co-Op, Co-op, Family Friendly, Action, First-Person, Early Access","A popular game by EA Canada, EA Romania.","EA Canada, EA Romania",Electronic Arts
286160,Tabletop Simulator,,"Tabletop, Board Game, Simulation, Multiplayer, Sandbox, Card Game, VR, Trading Card Game, Physics, Moddable, 3D, Strategy, Online Co-Op, Casual, Wargame, Co-op, RPG, Funny, First-Person, Indie",A popular game by Berserk Games.,Berserk Games,Berserk Games
1426210,It Takes Two,,"Co-op, Multiplayer, Split Screen, Local Co-Op, Puzzle, Online Co-Op, Adventure, Story Rich, Co-op Campaign, Local Multiplayer, Puzzle-Platformer, Action-Adventure, 3D Platformer, Emotional, Platformer, Action, Exploration, Atmospheric, Minigames, Female Protagonist",A popular game by Hazelight Studios.,Hazelight Studios,Electronic Arts
1687950,Persona 5 Royal,,"JRPG, Story Rich, Great Soundtrack, Turn-Based Combat, Anime, RPG, Singleplayer, Dating Sim, Party-Based RPG, Multiple Endings, Turn-Based Strategy, Emotional, Visual Novel, Sexual Content, Colorful, Adventure, Heist, Soundtrack, Detective, Violent",A popular game by ATLUS.,ATLUS,SEGA
2437170,SMITE 2,,"Early Access, Action, MOBA, Third Person, Strategy, Adventure, Mythology, Casual, Competitive, RPG, Multiplayer, Massively Multiplayer, Team-Based, PvP, Combat, Co-op, Online Co-Op, God Game, MMORPG, Action-Adventure",A popular game by Titan Forge Games.,Titan Forge Games,Hi-Rez Studios
239140,Dying Light,,"Zombies, Survival Horror, Horror, Online Co-Op, Open World, Parkour, First-Person, Survival, Open World Survival Craft, Gore, FPS, Action, PvE, Stealth, PvP, Multiplayer, Post-apocalyptic, Story Rich, Action RPG, Hack and Slash",A popular game by Techland.,Techland,Techland
367520,Hollow Knight,,"Metroidvania, Souls-like, Platformer, Great Soundtrack, 2D, Difficult, Indie, Singleplayer, Atmospheric, Exploration, Adventure, Story Rich, Hand-drawn, Multiple Endings, Action, Dark Fantasy, Open World, Cute, Controller, Side Scroller",A popular game by Team Cherry.,Team Cherry,Team Cherry
1293830,Forza Horizon 4,,"Racing, Open World, Driving, Multiplayer, Automobile Sim, Realistic, Online Co-Op, Singleplayer, Controller, Simulation, PvP, Adventure, Exploration, Arcade, Atmospheric, Action, Sports, Great Soundtrack, First-Person, Funny",A popular game by Playground Games.,Playground Games,Xbox Game Studios
359320,Elite Dangerous,,"Space Sim, Space, Open World, Exploration, Sci-fi, Simulation, Massively Multiplayer, Multiplayer, VR, First-Person, Action, Adventure, Sandbox, Online Co-Op, Singleplayer, Trading, RPG, Difficult, Strategy, TrackIR",A popular game by Frontier Developments.,Frontier Developments,Frontier Developments
544810,KARDS - The WWII Card Game,,"Free to Play, Card Game, World War II, Trading Card Game, Wargame, PvP, Turn-Based Strategy, Board Game, Strategy, Top-Down, Turn-Based Combat, Deckbuilding, Historical, Tanks, Multiplayer, Military, War, Realistic, Casual, Singleplayer",A popular game by 1939 Games.,1939 Games,1939 Games
2709570,Supermarket Together,,"Simulation, Online Co-Op, Multiplayer, Free to Play, Management, Economy, Singleplayer, Immersive Sim, First-Person, Trading, Life Sim, Building, Capitalism, Sandbox, 3D, Resource Management, Realistic, Casual, Inventory Management, Indie",A popular game by DeadDevsTellNoLies.,DeadDevsTellNoLies,DeadDevsTellNoLies
648800,Raft,,"Survival, Multiplayer, Open World Survival Craft, Co-op, Crafting, Open World, Building, Base-Building, Online Co-Op, Adventure, Sandbox, First-Person, Singleplayer, Underwater, Simulation, Early Access, Action, Indie, Strategy, Massively Multiplayer",A popular game by Redbeet Interactive.,Redbeet Interactive,Axolot Games
700330,SCP: Secret Laboratory,,"Free to Play, Multiplayer, Horror, First-Person, Co-op, Survival Horror, Shooter, Online Co-Op, FPS, Action, Memes, Survival, Sci-fi, Psychological Horror, Atmospheric, Strategy, Difficult, Indie, Adventure, Fantasy",A popular game by Northwood Studios.,Northwood Studios,Northwood Studios
238960,Path of Exile,,"Free to Play, Dark Fantasy, Action RPG, Hack and Slash, Loot, MMORPG, Multiplayer, Dungeon Crawler, Isometric, Character Customization, RPG, Online Co-Op, Singleplayer, Inventory Management, Action, PvP, Horror, Massively Multiplayer, Fantasy, Adventure",A popular game by Grinding Gear Games.,Grinding Gear Games,Grinding Gear Games
529340,Victoria 3,,"Grand Strategy, Economy, Historical, Political Sim, Strategy, Capitalism, Politics, Diplomacy, Management, Simulation, Alternate History, Moddable, Political, Resource Management, Real-Time with Pause, Sandbox, Replay Value, Multiplayer, Singleplayer, Military",A popular game by Paradox Development Studio.,Paradox Development Studio,Paradox Interactive
1267910,Melvor Idle,,"Idler, RPG, Casual, Indie, Singleplayer, Adventure, 2D, Mining, Automation, Minimalist, Fantasy, Crafting, Cartoon, Magic, Colorful, Point & Click, Combat, Demons, Fishing, Early Access",A popular game by Games by Malcs.,Games by Malcs,Jagex Ltd
431730,Aseprite,,"Pixel Graphics, Design & Illustration, Animation & Modeling, Software, Game Development, 2D, Utilities, Indie, Retro, Cute, Singleplayer, Survival Horror",A popular game by Igara Studio.,Igara Studio,Igara Studio
232090,Killing Floor 2,,"Zombies, Multiplayer, Online Co-Op, Gore, FPS, Post-apocalyptic, Hack and Slash, Horror, Shooter, Action, Moddable, First-Person, Survival, Co-op, Survival Horror, Team-Based, Atmospheric, PvE, Character Customization, Dark",A popular game by Tripwire Interactive.,Tripwire Interactive,Tripwire Interactive
779340,Total War: THREE KINGDOMS,,"Strategy, Historical, War, Turn-Based Strategy, Grand Strategy, RTS, Military, Multiplayer, Tactical, Singleplayer, Real Time Tactics, Action, Turn-Based, Great Soundtrack, Co-op, Simulation, Sandbox, Violent, Fantasy, Destruction","A popular game by CREATIVE ASSEMBLY, Feral Interactive (Mac), Feral Interactive (Linux).","CREATIVE ASSEMBLY, Feral Interactive (Mac), Feral Interactive (Linux)","SEGA, Feral Interactive (Mac), Feral Interactive (Linux)"
1118200,People Playground,,"Sandbox, Gore, Physics, Blood, Moddable, Violent, 2D, Singleplayer, Destruction, Simulation, Funny, Building, Pixel Graphics, Psychological Horror, Indie, Action, Casual, Comedy, Horror, Choose Your Own Adventure",A popular game by mestiez.,mestiez,Studio Minus
1326470,Sons Of The Forest,,"Survival, Open World, Multiplayer, Co-op, Survival Horror, Base-Building, Horror, Crafting, First-Person, Building, Exploration, Adventure, Singleplayer, Atmospheric, Sandbox, Action-Adventure, Action, Simulation, Immersive Sim, Early Access",A popular game by Endnight Games Ltd.,Endnight Games Ltd,Newnight 
1778820,TEKKEN 8,,"Fighting, 3D Fighter, Action, Multiplayer, Local Multiplayer, e-sports, PvP, Arcade, Singleplayer, Competitive, Character Customization, Martial Arts, Casual, Great Soundtrack, Anime, Difficult, Controller, Gambling, Sexual Content, Story Rich",A popular game by Bandai Namco Studios Inc..,Bandai Namco Studios Inc.,Bandai Namco Entertainment
374320,DARK SOULS III,,"Souls-like, Dark Fantasy, Difficult, RPG, Atmospheric, Lore-Rich, Third Person, Exploration, Story Rich, Action RPG, Co-op, Great Soundtrack, Adventure, Action, Multiplayer, PvP, Open World, Singleplayer, Character Customization, Replay Value","A popular game by FromSoftware, Inc..","FromSoftware, Inc.","FromSoftware, Inc., Bandai Namco Entertainment"
1144200,Ready or Not,,"Tactical, Realistic, FPS, Shooter, Multiplayer, Co-op, Singleplayer, Horror, First-Person, Action, Violent, Combat, Gun Customization, Crime, Gore, Modern, Psychological Horror, Atmospheric, America, Co-op Campaign",A popular game by VOID Interactive.,VOID Interactive,VOID Interactive
534380,Dying Light 2 Stay Human: Reloaded Edition,,"Open World, Co-op, Zombies, Parkour, Multiplayer, Horror, Gore, Combat, Post-apocalyptic, Survival, First-Person, Exploration, Singleplayer, Action RPG, Action, Adventure, Action-Adventure, Violent, Multiple Endings, Choices Matter",A popular game by Techland.,Techland,Techland
244850,Space Engineers,,"Space, Sandbox, Building, Open World Survival Craft, Multiplayer, Survival, Simulation, Open World, Physics, Crafting, Destruction, Co-op, Futuristic, Sci-fi, Indie, Singleplayer, Action, Strategy, Adventure, Early Access",A popular game by Keen Software House.,Keen Software House,Keen Software House
1904540,Football Manager 2023,,"Simulation, Sports, Management, Football (Soccer), Real Time Tactics, e-sports, Multiplayer, Strategy, 3D, Singleplayer, 2D, Text-Based",A popular game by Sports Interactive.,Sports Interactive,SEGA
1888930,The Last of Us Part I,,"Story Rich, Post-apocalyptic, Zombies, Shooter, Action-Adventure, Horror, Third-Person Shooter, Third Person, Singleplayer, Survival, Survival Horror, Cinematic, Action, Emotional, Adventure, Thriller, Atmospheric, Drama, Remake, Soundtrack","A popular game by Naughty Dog LLC, Iron Galaxy Studios.","Naughty Dog LLC, Iron Galaxy Studios",PlayStation Publishing LLC
1468810,鬼谷八荒 Tale of Immortal,,"Management, Singleplayer, Simulation, Mythology, Sandbox, Tactical RPG, RPG, Dating Sim, Choose Your Own Adventure, Action, Adventure, Exploration, Hack and Slash, Story Rich, 2D, Action RPG, Procedural Generation, Hand-drawn, Strategy RPG, Action-Adventure",A popular game by 鬼谷工作室.,鬼谷工作室,"鬼谷工作室, Lightning Games"
214950,Total War: ROME II - Emperor Edition,,"Strategy, Historical, Turn-Based Strategy, Grand Strategy, Rome, Tactical, War, Multiplayer, Real Time Tactics, RTS, Turn-Based, Singleplayer, Online Co-Op, Simulation, Co-op, Turn-Based Tactics, Moddable, Action, Atmospheric, Education","A popular game by CREATIVE ASSEMBLY, Feral Interactive.","CREATIVE ASSEMBLY, Feral Interactive","SEGA, Feral Interactive"
22380,Fallout: New Vegas,,"Open World, RPG, Post-apocalyptic, Singleplayer, Moddable, Story Rich, Exploration, First-Person, Action, Adventure, FPS, Sci-fi, Western, Atmospheric, Action RPG, Character Customization, Survival, Sandbox, Shooter, Third Person",A popular game by Obsidian Entertainment.,Obsidian Entertainment,Bethesda Softworks
1062090,Timberborn,,"City Builder, Voxel, Colony Sim, Nature, Sandbox, Building, Automation, Management, Survival, Base-Building, Science, Physics, Farming Sim, Strategy, 3D, Post-apocalyptic, Simulation, Early Access, Stylized, Level Editor",A popular game by Mechanistry.,Mechanistry,Mechanistry
1407200,World of Tanks,,"Tanks, Free to Play, Action, Military, PvP, Vehicular Combat, Multiplayer, Team-Based, Tactical, Massively Multiplayer, War, Historical, World War II, Simulation, Co-op, Realistic, Shooter, Third Person, Third-Person Shooter, PvE",A popular game by Wargaming Group Limited.,Wargaming Group Limited,Wargaming Group Limited
262060,Darkest Dungeon,,"Turn-Based Combat, Dark Fantasy, Dungeon Crawler, Rogue-like, RPG, Lovecraftian, Difficult, Turn-Based, Singleplayer, Perma Death, Strategy, Atmospheric, Dark, Indie, 2D, Rogue-lite, Horror, Gothic, Fantasy, Kickstarter",A popular game by Red Hook Studios.,Red Hook Studios,Red Hook Studios
945360,Among Us,,"Multiplayer, Social Deduction, Online Co-Op, Space, Survival, 2D, Funny, Psychological, Party Game, Co-op, Cartoony, Local Multiplayer, Casual, Action, Sci-fi, PvP, Top-Down, Colorful, Minigames, Aliens",A popular game by Innersloth.,Innersloth,Innersloth
2050650,Resident Evil 4,,"Horror, Action, Survival Horror, Third-Person Shooter, Singleplayer, Zombies, Story Rich, Survival, Cinematic, Dark, Remake, Realistic, Third Person, Gore, Resource Management, VR, Adventure, Violent, Action-Adventure, Psychological Horror","A popular game by CAPCOM Co., Ltd..","CAPCOM Co., Ltd.","CAPCOM Co., Ltd."
1304930,The Outlast Trials,,"Horror, Multiplayer, Co-op, Survival Horror, Psychological Horror, First-Person, PvE, Stealth, Character Customization, Action, Action-Adventure, Survival, Dark Humor, Dark, Realistic, Atmospheric, Alternate History, Science, Adventure, Management",A popular game by Red Barrels.,Red Barrels,Red Barrels
1716740,Starfield,,"Space, Singleplayer, Open World, RPG, Sci-fi, Exploration, First-Person, Character Customization, Story Rich, Action-Adventure, Third Person, Adventure, Action RPG, Atmospheric, Moddable, Space Sim, Action, Cinematic, Realistic, Great Soundtrack",A popular game by Bethesda Game Studios.,Bethesda Game Studios,Bethesda Softworks
8500,EVE Online,,"Space, Free to Play, Massively Multiplayer, Open World, Multiplayer, RPG, Economy, Sci-fi, Sandbox, PvP, Strategy, Action, Character Customization, MMORPG, Spaceships, Exploration, War, PvE, Politics, Lore-Rich",A popular game by CCP.,CCP,CCP
1621690,Core Keeper,,"Pixel Graphics, Open World Survival Craft, Online Co-Op, Sandbox, Survival, Adventure, Crafting, Exploration, 2D, Building, Mining, Dungeon Crawler, Procedural Generation, Farming Sim, Relaxing, Cooking, Simulation, Atmospheric, Mystery, Casual",A popular game by Pugstorm.,Pugstorm,"Fireshine Games, bilibili"
1446780,MONSTER HUNTER RISE,,"Action, Hunting, Online Co-Op, Character Customization, RPG, Multiplayer, Action RPG, Co-op, Singleplayer, Third Person, JRPG, PvE, Fantasy, Anime, Dragons, 3D, Nature, Atmospheric, Open World, Ninja","A popular game by CAPCOM Co., Ltd..","CAPCOM Co., Ltd.","CAPCOM Co., Ltd."
655500,MX Bikes,,"Motocross, Motorbike, Multiplayer, Simulation, Offroad, VR, Realistic, Racing, Moddable, Controller, e-sports, Automobile Sim, Bikes, Early Access, Physics, Difficult, Immersive Sim, 3D, First-Person, Third Person",A popular game by PiBoSo.,PiBoSo,PiBoSo
2186680,"Warhammer 40,000: Rogue Trader",,"Character Customization, Cinematic, Story Rich, Turn-Based Strategy, Dark Fantasy, Romance, Turn-Based Tactics, Strategy, Action, RPG, Turn-Based, Singleplayer, Warhammer 40K, Choices Matter, Futuristic, Multiplayer, Adventure, CRPG, Turn-Based Combat, Online Co-Op",A popular game by Owlcat Games.,Owlcat Games,Owlcat Games
3017860,DOOM: The Dark Ages,,"Action, FPS, Demons, Dark Fantasy, Singleplayer, Sci-fi, Cinematic, Gore, Story Rich, First-Person, Atmospheric, Shooter, Lore-Rich, Dragons, Mature, Mechs, Blood, Adventure, Fast-Paced, Boomer Shooter",A popular game by id Software.,id Software,Bethesda Softworks
435150,Divinity: Original Sin 2 - Definitive Edition,,"Tactical RPG, RPG, Turn-Based Strategy, Story Rich, Fantasy, Character Customization, CRPG, Exploration, Party-Based RPG, Strategy RPG, PvP, Female Protagonist, Co-op Campaign, Local Co-Op, Choices Matter, Isometric, Romance, Strategy, Moddable, Funny",A popular game by Larian Studios.,Larian Studios,Larian Studios
1066780,Transport Fever 2,,"Simulation, Strategy, Management, Transportation, Trains, City Builder, Economy, Sandbox, Building, Singleplayer, Realistic, Moddable, Open World, Resource Management, Flight, Casual, Indie, Games Workshop, Naval, Mod",A popular game by Urban Games.,Urban Games,Good Shepherd Entertainment
1147690,NGU IDLE,,"Free to Play, Idler, Indie, Clicker, Adventure, Funny, Simulation, Singleplayer, RPG, Casual, Psychological Horror, Story Rich",A popular game by 4G.,4G,4G
686810,Hell Let Loose,,"Shooter, Realistic, World War II, Multiplayer, FPS, Singleplayer, War, Action, Military, Tactical, Simulation, First-Person, Massively Multiplayer, Gore, Historical, PvP, Strategy, Mature, Violent, Indie",A popular game by Expression Games.,Expression Games,Team17
1868140,DAVE THE DIVER,,"Pixel Graphics, Casual, Management, Adventure, Relaxing, Exploration, Fishing, RPG, Underwater, Simulation, Singleplayer, Farming Sim, Rogue-lite, Story Rich, 2D, Crafting, Funny, Agriculture, Action, Indie",A popular game by MINTROCKET.,MINTROCKET,MINTROCKET
976730,Halo: The Master Chief Collection,,"Great Soundtrack, FPS, Classic, Multiplayer, Story Rich, Sci-fi, Co-op, First-Person, Epic, Shooter, Action, Singleplayer, Aliens, Lore-Rich, Beautiful, Space, Atmospheric, Adventure, Horror, Online Co-Op","A popular game by 343 Industries, Splash Damage, Ruffian Games, Bungie, Saber Interactive.","343 Industries, Splash Damage, Ruffian Games, Bungie, Saber Interactive",Xbox Game Studios
1009850,OVR Advanced Settings,,"VR, Utilities, Software, Indie",A popular game by OVRAS Team.,OVRAS Team,OVRAS Team
391540,Undertale,,"Great Soundtrack, Story Rich, Choices Matter, Multiple Endings, Pixel Graphics, Funny, RPG, Singleplayer, Indie, 2D, Comedy, Replay Value, Bullet Hell, Cute, Memes, Retro, Dark, Psychological Horror, Dating Sim, Horror",A popular game by tobyfox.,tobyfox,tobyfox
1447430,小黑盒加速器,,"Web Publishing, Game Development, Software Training, Utilities, Software",A popular game by Qing Feng Beijing Technology.,Qing Feng Beijing Technology,Qing Feng Beijing Technology
1258080,Shop Titans,,"Idler, Shop Keeper, Medieval, Crafting, Base-Building, Management, Economy, Trading, Character Customization, RPG, Simulation, Job Simulator, Casual, Online Co-Op, Fantasy, Free to Play, Family Friendly, Cozy, Resource Management, Collectathon","A popular game by Kabam Games, Inc..","Kabam Games, Inc.","Kabam Games, Inc."
1284210,Guild Wars 2,,"MMORPG, Adventure, RPG, Character Customization, Free to Play, Fantasy, Third Person, 3D, Massively Multiplayer, PvP, Atmospheric, Class-Based, Combat, Multiplayer, Strategy, Crafting, Online Co-Op, Exploration, Story Rich, Singleplayer",A popular game by ArenaNet®.,ArenaNet®,ArenaNet®
1250410,Microsoft Flight Simulator (2020) 40th Anniversary Edition,,"Simulation, Flight, Realistic, Multiplayer, Open World, VR, Singleplayer, Real-Time, Atmospheric, Physics, Adventure, Colorful, Family Friendly, Beautiful, TrackIR, Surreal, Controller, Epic, Short, Psychological Horror",A popular game by Asobo Studio.,Asobo Studio,Xbox Game Studios
2622000,Astral Party ,,"Sexual Content, Hentai, Anime, Board Game, Free to Play, Multiplayer, PvP, Cute, Party Game, Turn-Based, Strategy, Relaxing, Casual, Nudity, Female Protagonist, Card Game, Funny, RPG, Indie, Mature",A popular game by STAR ENGINE PROJECT.,STAR ENGINE PROJECT,Neverland Entertainment
397540,Borderlands 3,,"RPG, Looter Shooter, Multiplayer, FPS, Online Co-Op, Action, Loot, Open World, Co-op, Shooter, Singleplayer, Co-op Campaign, Gore, First-Person, Violent, Nudity, Adventure, Comedy, Great Soundtrack, Epic",A popular game by Gearbox Software.,Gearbox Software,2K
1465360,SnowRunner,,"Simulation, Automobile Sim, Multiplayer, Adventure, Driving, Exploration, Realistic, Sandbox, Open World, First-Person, Third Person, Immersive Sim, Atmospheric, Snow, Racing, Physics, Nature, ATV, Team-Based, PvE",A popular game by Saber Interactive.,Saber Interactive,Focus Entertainment
268500,XCOM 2,,"Isometric, Turn-Based Combat, Post-apocalyptic, Turn-Based Tactics, Military, PvE, Top-Down, Turn-Based, Sci-fi, Character Customization, Logic, War, Turn-Based Strategy, RPG, Grid-Based Movement, Alternate History, Tactical, Perma Death, Action, Singleplayer","A popular game by Firaxis Games, Feral Interactive (Mac), Feral Interactive (Linux).","Firaxis Games, Feral Interactive (Mac), Feral Interactive (Linux)","2K, Feral Interactive (Mac), Feral Interactive (Linux)"
1229490,ULTRAKILL,,"Boomer Shooter, Fast-Paced, FPS, Blood, Character Action Game, Arena Shooter, Spectacle fighter, Retro, Singleplayer, Shooter, Great Soundtrack, Difficult, First-Person, Action, Score Attack, Colorful, Robots, Old School, Cyberpunk, Early Access","A popular game by Arsi ""Hakita"" Patala.","Arsi ""Hakita"" Patala",New Blood Interactive
1260320,Party Animals,,"Multiplayer, Funny, Casual, Cute, Party Game, Co-op, Fighting, Action, PvP, Party, Online Co-Op, Family Friendly, Local Multiplayer, Physics, 4 Player Local, 3D Fighter, Local Co-Op, Team-Based, Indie, Action-Adventure",A popular game by Recreate Games.,Recreate Games,Source Technology
48700,Mount & Blade: Warband,,"Medieval, RPG, Open World, Strategy, Sandbox, Multiplayer, Action, Moddable, Military, Adventure, Horses, Singleplayer, Realistic, First-Person, Historical, Third Person, Simulation, Hack and Slash, Fantasy, Indie",A popular game by TaleWorlds Entertainment.,TaleWorlds Entertainment,TaleWorlds Entertainment
977400,Cell to Singularity - Evolution Never Ends,,"Clicker, Free to Play, Simulation, Science, Idler, Casual, Historical, Singleplayer, Dinosaurs, Space, Education, Early Access, God Game, Sci-fi, Sandbox, Point & Click, Multiplayer, Atmospheric, Family Friendly, Strategy",A popular game by Computer Lunch.,Computer Lunch,Computer Lunch
627690,Idle Champions of the Forgotten Realms,,"Dungeons & Dragons, Free to Play, Idler, Strategy, Fantasy, Clicker, Adventure, Singleplayer, Management, Indie, RPG, Casual, Action, 2D, Loot, Dungeon Crawler, Puzzle, Magic, Funny, Action-Adventure",A popular game by Codename Entertainment Inc..,Codename Entertainment Inc.,Codename Entertainment Inc.
933110,Age of Empires III: Definitive Edition,,"Strategy, Base-Building, RTS, Multiplayer, Military, City Builder, Historical, War, Singleplayer, Free to Play, Resource Management, PvP, Combat, 3D, Online Co-Op, Co-op, Medieval, Moddable, Story Rich, Level Editor","A popular game by World's Edge, Tantalus Media, Forgotten Empires.","World's Edge, Tantalus Media, Forgotten Empires",Xbox Game Studios
1794680,Vampire Survivors,,"Action Roguelike, Bullet Hell, Pixel Graphics, Rogue-lite, Vampire, 2D, Indie, Singleplayer, Casual, Arcade, Action, Rogue-like, RPG, Controller, Retro, Score Attack, Local Co-Op, Dark Fantasy, Action RPG, 1980s",A popular game by poncle.,poncle,poncle
2338770,NBA 2K24,,"Sports, Basketball, Simulation, e-sports, Realistic, 3D, Management, PvP, Character Customization, Controller, Immersive Sim, Team-Based, Trading, Co-op, Local Co-Op, Local Multiplayer, Multiplayer, Gambling, Online Co-Op, Singleplayer",A popular game by Visual Concepts.,Visual Concepts,2K
1677740,Stumble Guys,,"Free to Play, Battle Royale, Multiplayer, Racing, Online Co-Op, Funny, Survival, Action, Arcade, 3D Platformer, Character Customization, Party Game, Co-op, Massively Multiplayer, Casual, PvP, Indie, Family Friendly, Colorful, Cute",A popular game by Scopely.,Scopely,Scopely
1782210,Crab Game,,"Psychological Horror, Multiplayer, Free to Play, Battle Royale, PvP, Action, First-Person, Parkour, 3D, FPS, Platformer, Combat, Physics, Arcade, Casual, Runner, 3D Platformer, Racing, Nudity, Sci-fi",A popular game by Dani.,Dani,Dani
242760,The Forest,,"Open World Survival Craft, Survival, Open World, Horror, Crafting, Adventure, Building, Survival Horror, First-Person, Action, Exploration, Sandbox, Singleplayer, Atmospheric, Simulation, Gore, Realistic, Indie, Zombies, Early Access",A popular game by Endnight Games Ltd.,Endnight Games Ltd,Endnight Games Ltd
570940,DARK SOULS: REMASTERED,,"Souls-like, Dark Fantasy, RPG, Difficult, Action, Dark, Fantasy, Atmospheric, Great Soundtrack, Action RPG, Lore-Rich, Adventure, Multiplayer, Exploration, Story Rich, Third Person, Replay Value, Character Customization, Soundtrack, Co-op","A popular game by QLOC, FromSoftware, Inc..","QLOC, FromSoftware, Inc.","FromSoftware, Inc., Bandai Namco Entertainment"
505460,Foxhole,,"Massively Multiplayer, Wargame, Military, Base-Building, Open World, World War II, Sandbox, War, Top-Down, Tactical, PvP, Strategy, Multiplayer, Top-Down Shooter, Team-Based, Co-op, Crafting, Shooter, Action, RPG",A popular game by Siege Camp.,Siege Camp,Siege Camp
32470,STAR WARS Empire at War - Gold Pack,,"Strategy, RTS, Space, Sci-fi, Multiplayer, Singleplayer, Moddable, Mod, Tactical, War, Action, Classic, Grand Strategy, Great Soundtrack, Simulation, Co-op, 4X, Adventure, Atmospheric, Epic",A popular game by Petroglyph.,Petroglyph,"LucasArts, Lucasfilm, Disney"
4700,Total War: MEDIEVAL II – Definitive Edition,,"Strategy, Medieval, Historical, Turn-Based Strategy, Grand Strategy, War, RTS, Tactical, Multiplayer, Singleplayer, Moddable, Military, Turn-Based, Real Time Tactics, Classic, Simulation, Action, Sandbox, Great Soundtrack, 4X","A popular game by CREATIVE ASSEMBLY, Feral Interactive (Mac), Feral Interactive (Linux).","CREATIVE ASSEMBLY, Feral Interactive (Mac), Feral Interactive (Linux)","SEGA, Feral Interactive (Mac), Feral Interactive (Linux)"
916440,Anno 1800,,"City Builder, Strategy, Simulation, Economy, Multiplayer, Resource Management, Sandbox, RTS, Co-op, Singleplayer, Exploration, Management, Historical, Building, Political, Politics, Choose Your Own Adventure, Story Rich, Choices Matter, Multiple Endings",A popular game by Ubisoft Mainz.,Ubisoft Mainz,Ubisoft
380600,Fishing Planet,,"Fishing, Free to Play, Multiplayer, Simulation, Relaxing, Sports, Realistic, Massively Multiplayer, Co-op, First-Person, Open World, Singleplayer, Online Co-Op, Adventure, Family Friendly, Casual, VR, Action, MMORPG, Farming Sim",A popular game by Fishing Planet LLC.,Fishing Planet LLC,Fishing Planet LLC
400040,ShareX,,"Photo Editing, Utilities, Free to Play, Video Production, Software, Design & Illustration, Web Publishing, Audio Production, Sexual Content",A popular game by ShareX Team.,ShareX Team,ShareX Team
1517290,Battlefield 2042,,"FPS, Multiplayer, Shooter, Military, War, Singleplayer, Action, First-Person, Combat, Team-Based, PvP, Futuristic, Vehicular Combat, Modern, Destruction, Physics, Cinematic, Adventure, Hero Shooter, Casual",A popular game by DICE.,DICE,Electronic Arts
644930,They Are Billions,,"Base-Building, Colony Sim, Strategy, Zombies, Survival, RTS, Tower Defense, City Builder, Steampunk, Building, Post-apocalyptic, Singleplayer, Resource Management, Real-Time with Pause, Difficult, Tactical, Management, Indie, Isometric, Multiplayer",A popular game by Numantian Games.,Numantian Games,Numantian Games
264710,Subnautica,,"Open World Survival Craft, Survival, Horror, Open World, Underwater, Exploration, Crafting, Base-Building, Singleplayer, Adventure, First-Person, Sci-fi, Multiplayer, Sandbox, Atmospheric, Aliens, Survival Horror, VR, Action, Indie",A popular game by Unknown Worlds Entertainment.,Unknown Worlds Entertainment,Unknown Worlds Entertainment
1366540,Dyson Sphere Program,,"Automation, Space, Base-Building, Building, Open World, Resource Management, Simulation, Sci-fi, Management, Sandbox, City Builder, Strategy, Singleplayer, Space Sim, 3D, Third Person, Early Access, Indie, RTS, Casual",A popular game by Youthcat Studio.,Youthcat Studio,Gamirror Games
412220,DDraceNetwork,,"Online Co-Op, Free to Play, Multiplayer, 2D Platformer, Precision Platformer, 2D, Level Editor, Puzzle-Platformer, Platformer, Team-Based, Co-op, Moddable, Singleplayer, Puzzle, Action, Indie, Racing, Ninja, Character Customization, Choices Matter",A popular game by DDNet Team.,DDNet Team,DDNet Team
3590,Plants vs. Zombies GOTY Edition,,"Tower Defense, Zombies, Strategy, Singleplayer, Casual, Classic, Great Soundtrack, 2D, Comedy, Family Friendly, Funny, Puzzle, Addictive, Cute, Survival, Indie, Tactical, Adventure, Touch-Friendly, Post-apocalyptic","A popular game by PopCap Games, Inc..","PopCap Games, Inc.","PopCap Games, Inc., Electronic Arts"
1659040,HITMAN World of Assassination,,"Stealth, Assassin, Action, Singleplayer, VR, Sandbox, Shooter, Violent, Multiplayer, Third Person, Third-Person Shooter, Realistic, Adventure, Cinematic, Open World, Puzzle, Funny, Immersive Sim, Gore, Capitalism",A popular game by IO Interactive A/S.,IO Interactive A/S,IO Interactive A/S
812140,Assassin's Creed Odyssey,,"Open World, RPG, Singleplayer, Historical, Action, Assassin, Third Person, Adventure, Mythology, Stealth, Multiple Endings, Story Rich, Female Protagonist, Parkour, Choices Matter, Exploration, Action RPG, Multiplayer, Action-Adventure, Choose Your Own Adventure","A popular game by Ubisoft Quebec, Ubisoft Montreal, Ubisoft Bucharest, Ubisoft Singapore, Ubisoft Montpellier, Ubisoft Kiev, Ubisoft Shanghai.","Ubisoft Quebec, Ubisoft Montreal, Ubisoft Bucharest, Ubisoft Singapore, Ubisoft Montpellier, Ubisoft Kiev, Ubisoft Shanghai",Ubisoft
784150,Workers & Resources: Soviet Republic,,"Strategy, Simulation, City Builder, Base-Building, Management, Building, Sandbox, Grand Strategy, Survival, Open World, Colony Sim, Resource Management, Historical, Singleplayer, 4X, Economy, Moddable, RTS, Replay Value, Real-Time with Pause",A popular game by 3Division.,3Division,Hooded Horse
305620,The Long Dark,,"Survival, Open World Survival Craft, Open World, Exploration, Atmospheric, Singleplayer, First-Person, Adventure, Crafting, Sandbox, Simulation, Post-apocalyptic, Indie, Walking Simulator, Survival Horror, Strategy, Difficult, Co-op, Action, Early Access",A popular game by Hinterland Studio Inc..,Hinterland Studio Inc.,Hinterland Studio Inc.
2051620,Enlisted: Reinforced,,"FPS, World War II, Multiplayer, Shooter, PvP, Vehicular Combat, First-Person, Team-Based, Action, 3D, War, Realistic, Free to Play, Co-op, Simulation, Massively Multiplayer, Online Co-Op, Singleplayer, Gore, PvE",A popular game by Darkflow Software.,Darkflow Software,Gaijin Network Ltd
588650,Dead Cells,,"Adventure, Action Roguelike, Metroidvania, Pixel Graphics, Rogue-like, 2D, Souls-like, Rogue-lite, Difficult, Hack and Slash, Replay Value, Platformer, Singleplayer, Roguevania, Action, Dark Fantasy, Atmospheric, Procedural Generation, Funny, Indie",A popular game by Motion Twin.,Motion Twin,Motion Twin
1290000,PowerWash Simulator,,"Casual, Relaxing, Simulation, Multiplayer, First-Person, 3D, Sandbox, Funny, Co-op, Immersive Sim, Online Co-Op, Family Friendly, Colorful, Story Rich, Realistic, Wholesome, Singleplayer, Indie, Cozy, Atmospheric",A popular game by FuturLab.,FuturLab,FuturLab
379430,Kingdom Come: Deliverance,,"Medieval, RPG, Open World, Singleplayer, Realistic, Historical, Story Rich, First-Person, Adventure, Swordplay, Nudity, Action, Choices Matter, Choose Your Own Adventure, Atmospheric, Horses, Action RPG, Indie, Kickstarter, Crowdfunded",A popular game by Warhorse Studios.,Warhorse Studios,"Warhorse Studios, Deep Silver"
703080,Planet Zoo,,"Management, Simulation, Building, Sandbox, Nature, City Builder, Economy, Realistic, Singleplayer, Family Friendly, Cute, Resource Management, Strategy, Great Soundtrack, Multiplayer, Relaxing, Open World, Casual, Funny, Horses",A popular game by Frontier Developments.,Frontier Developments,Frontier Developments
1343400,RuneScape ,,"Free to Play, MMORPG, Open World, Massively Multiplayer, RPG, Multiplayer, Fantasy, Character Customization, Adventure, Story Rich, PvE, Lore-Rich, PvP, Classic, Cult Classic, Point & Click, Exploration, Great Soundtrack, Casual, Action",A popular game by Jagex Ltd.,Jagex Ltd,Jagex Ltd
2670630,Supermarket Simulator,,"Simulation, Management, Economy, Singleplayer, Multiplayer, Trading, Immersive Sim, First-Person, Life Sim, Building, Capitalism, Resource Management, 3D, Sandbox, Realistic, Casual, Inventory Management, Early Access, Indie, Driving",A popular game by Nokta Games.,Nokta Games,Nokta Games
1384160,GUILTY GEAR -STRIVE-,,"Fighting, 2D Fighter, Great Soundtrack, Anime, PvP, 2.5D, Arcade, Lore-Rich, Multiplayer, Action, 2D, Story Rich, Local Multiplayer, 3D, Combat, Fantasy, LGBTQ+, Cinematic, Drama, Casual",A popular game by Arc System Works.,Arc System Works,Arc System Works
1062520,Dinkum,,"Open World Survival Craft, Agriculture, Farming Sim, Life Sim, Relaxing, Co-op, Farming, Crafting, Simulation, Sandbox, RPG, Indie, Casual, Building, Online Co-Op, Exploration, Adventure, Singleplayer, Fishing, Hunting",A popular game by James Bendon.,James Bendon,"KRAFTON, Inc."
1328670,Mass Effect Legendary Edition,,"Story Rich, RPG, Choices Matter, Sci-fi, Singleplayer, Space, Character Customization, Third-Person Shooter, Action, Action RPG, Sexual Content, Shooter, Romance, Great Soundtrack, Atmospheric, Nudity, Female Protagonist, Combat, Military, Classic",A popular game by BioWare.,BioWare,Electronic Arts
1643320,S.T.A.L.K.E.R. 2: Heart of Chornobyl,,"Open World, FPS, Post-apocalyptic, Survival, Atmospheric, Singleplayer, Shooter, Exploration, RPG, Story Rich, First-Person, Action, Lore-Rich, Sci-fi, Nonlinear, Multiple Endings, Choices Matter, Immersive Sim, Realistic, Cinematic",A popular game by GSC Game World.,GSC Game World,"GSC Game World (worldwide), SEGA (Japan), 4Divinity (China and South East Asia)"
962130,Grounded,,"Survival, Multiplayer, Co-op, Open World Survival Craft, Base-Building, Crafting, Adventure, Open World, Horror, Online Co-Op, Exploration, Action, Sandbox, First-Person, Singleplayer, RPG, Third Person, Cute, Funny, Early Access",A popular game by Obsidian Entertainment.,Obsidian Entertainment,Xbox Game Studios
219990,Grim Dawn,,"Action RPG, Hack and Slash, Loot, Isometric, Dark Fantasy, RPG, Dungeon Crawler, Co-op, Singleplayer, Character Customization, Dark, Multiplayer, Adventure, Fantasy, Action, Atmospheric, Post-apocalyptic, Crafting, Moddable, Choices Matter",A popular game by Crate Entertainment.,Crate Entertainment,Crate Entertainment
602960,Barotrauma,,"Co-op, Multiplayer, Survival, Submarine, Survival Horror, 2D, Horror, Underwater, Simulation, Sci-fi, Management, Strategy, Action, Difficult, Moddable, Gore, Violent, Singleplayer, Naval, Early Access","A popular game by FakeFish, Undertow Games.","FakeFish, Undertow Games",Daedalic Entertainment
1774580,STAR WARS Jedi: Survivor,,"Action, Adventure, Souls-like, Singleplayer, Third Person, Open World, Sci-fi, Action-Adventure, Story Rich, Space, Swordplay, Exploration, Parkour, Combat, Character Customization, RPG, Atmospheric, Great Soundtrack, Difficult, Multiplayer",A popular game by Respawn.,Respawn,Electronic Arts
1222140,Detroit: Become Human,,"Choices Matter, Story Rich, Multiple Endings, Cinematic, Singleplayer, Emotional, Futuristic, Robots, Sci-fi, Adventure, Beautiful, Atmospheric, Great Soundtrack, Third Person, Replay Value, Dynamic Narration, Cyberpunk, Narration, Violent, Female Protagonist",A popular game by Quantic Dream.,Quantic Dream,Quantic Dream
231430,Company of Heroes 2,,"Strategy, World War II, RTS, Multiplayer, Tactical, War, Historical, Military, Singleplayer, Co-op, Online Co-Op, Base-Building, Tanks, Real-Time, Action, Real-Time with Pause, Atmospheric, Simulation, Great Soundtrack, Adventure","A popular game by Relic Entertainment, Feral Interactive (Mac), Feral Interactive (Linux).","Relic Entertainment, Feral Interactive (Mac), Feral Interactive (Linux)","Relic Entertainment, Feral Interactive (Mac), Feral Interactive (Linux)"
221380,Age of Empires II (Retired),,"Strategy, RTS, Medieval, Multiplayer, Classic, Historical, Base-Building, City Builder, Resource Management, Singleplayer, Tactical, Real-Time, Co-op, Competitive, Replay Value, Remake, 2D, Isometric, Action, Adventure","A popular game by Skybox Labs, Hidden Path Entertainment, Ensemble Studios, Forgotten Empires.","Skybox Labs, Hidden Path Entertainment, Ensemble Studios, Forgotten Empires",Xbox Game Studios
1240440,Halo Infinite,,"Free to Play, FPS, Multiplayer, Singleplayer, Shooter, Action, First-Person, Open World, Sci-fi, Co-op, PvP, Competitive, Story Rich, Space, Adventure, Aliens, Lore-Rich, Atmospheric, Cinematic, Soundtrack",A popular game by 343 Industries.,343 Industries,Xbox Game Studios
782330,DOOM Eternal,,"FPS, Action, Gore, Great Soundtrack, Fast-Paced, Violent, Demons, Shooter, First-Person, Singleplayer, Blood, Multiplayer, Sci-fi, Post-apocalyptic, Mature, Atmospheric, Story Rich, Difficult, Adventure, Horror",A popular game by id Software.,id Software,Bethesda Softworks
1145360,Hades,,"Action Roguelike, Rogue-lite, Hack and Slash, Indie, Mythology, Action, Rogue-like, Singleplayer, Great Soundtrack, Story Rich, RPG, Dungeon Crawler, Replay Value, Isometric, Difficult, Action RPG, Hand-drawn, Atmospheric, Perma Death, LGBTQ+",A popular game by Supergiant Games.,Supergiant Games,Supergiant Games
601150,Devil May Cry 5,,"Action, Hack and Slash, Great Soundtrack, Character Action Game, Demons, Spectacle fighter, Third Person, Singleplayer, Sexual Content, Violent, Nudity, Story Rich, Stylized, Difficult, Gore, Classic, Multiplayer, Controller, Adventure, Anime","A popular game by CAPCOM Co., Ltd..","CAPCOM Co., Ltd.","CAPCOM Co., Ltd."
386180,Crossout,,"Third Person, Gun Customization, Vehicular Combat, Free to Play, Action, Crafting, Post-apocalyptic, Sandbox, Trading, PvE, PvP, Shooter, Online Co-Op, Multiplayer, Combat, Co-op, Building, Adventure, Loot, Economy",A popular game by Targem Games.,Targem Games,Gaijin Network Ltd
400750,Call to Arms - Gates of Hell: Ostfront,,"World War II, Historical, Real Time Tactics, Strategy, Third Person, RTS, War, Singleplayer, Moddable, Inventory Management, Realistic, PvE, Multiplayer, Military, Top-Down Shooter, PvP, Online Co-Op, Level Editor, Shooter, Replay Value","A popular game by Barbedwire Studios, Digitalmindsoft.","Barbedwire Studios, Digitalmindsoft",Digitalmindsoft
518790,theHunter: Call of the Wild,,"Hunting, Open World, Multiplayer, Nature, Relaxing, Stealth, FPS, Sandbox, Survival, Simulation, Realistic, Online Co-Op, First-Person, Co-op, America, Walking Simulator, Immersive Sim, Shooter, Sports, Controller",A popular game by Expansive Worlds.,Expansive Worlds,Avalanche Studios
1404210,Red Dead Online,,"Open World, Multiplayer, Western, Action, Adventure, Horses, Realistic, Shooter, Online Co-Op, Third-Person Shooter, Character Customization, PvP, Story Rich, Singleplayer, Co-op, Violent, First-Person, MMORPG, Controller, Gore",A popular game by Rockstar Games.,Rockstar Games,Rockstar Games
1677280,Company of Heroes 3,,"Singleplayer, Strategy, Wargame, RTS, Multiplayer, Action RTS, Co-op, PvE, Real Time Tactics, World War II, PvP, Turn-Based Tactics, Historical, Military, Top-Down, Turn-Based Strategy, Action, Choices Matter, Tactical, War",A popular game by Relic Entertainment.,Relic Entertainment,Relic Entertainment
1068820,OVR Toolkit - Desktop Overlay,,"Utilities, VR, Software",A popular game by Curtis English.,Curtis English,VoxelLoop Software Limited
1128810,RISK: Global Domination,,"Free to Play, Multiplayer, Board Game, Strategy, Turn-Based Strategy, War, Turn-Based, Tactical, Singleplayer, Tabletop, Turn-Based Tactics, Casual, Local Co-Op, Classic, Online Co-Op, Grand Strategy, Indie, Local Multiplayer, Psychological Horror, Massively Multiplayer",A popular game by SMG Studio.,SMG Studio,SMG Studio
304390,FOR HONOR,,"Medieval, Swordplay, Action, Multiplayer, Fighting, PvP, Third Person, War, Gore, Co-op, Singleplayer, Online Co-Op, Hack and Slash, Realistic, Strategy, Atmospheric, RPG, Fantasy, MOBA, Story Rich","A popular game by Ubisoft Montreal, Ubisoft Quebec, Ubisoft Toronto, Blue Byte.","Ubisoft Montreal, Ubisoft Quebec, Ubisoft Toronto, Blue Byte",Ubisoft
392160,X4: Foundations,,"Space Sim, Simulation, Sandbox, Economy, Space, Flight, Capitalism, Trading, Exploration, Base-Building, Grand Strategy, Open World, Strategy, 3D, First-Person, Singleplayer, Procedural Generation, Management, Building, Immersive",A popular game by Egosoft.,Egosoft,Egosoft
552500,Warhammer: Vermintide 2,,"Co-op, Dark Fantasy, Games Workshop, Online Co-Op, Hack and Slash, Multiplayer, Dwarf, PvE, Gore, Fantasy, First-Person, RPG, Elf, Combat, Rogue-lite, Action RPG, Action, Atmospheric, FPS, Singleplayer",A popular game by Fatshark.,Fatshark,Fatshark
12210,Grand Theft Auto IV: The Complete Edition,,"Open World, Action, Automobile Sim, Multiplayer, Crime, Third Person, Adventure, Singleplayer, Third-Person Shooter, Moddable, Sandbox, Shooter, Physics, Atmospheric, Classic, Dark Humor, Funny, Gore, Satire, Co-op","A popular game by Rockstar North, Rockstar Toronto.","Rockstar North, Rockstar Toronto",Rockstar Games
728880,Overcooked! 2,,"Multiplayer, Online Co-Op, Local Co-Op, Co-op, Casual, Cooking, Funny, 4 Player Local, Indie, Local Multiplayer, Action, Family Friendly, Cute, Controller, Comedy, Singleplayer, Difficult, Simulation, Strategy, Colorful","A popular game by Ghost Town Games Ltd., Team17.","Ghost Town Games Ltd., Team17",Team17
268910,Cuphead,,"Difficult, Cartoon, Co-op, Platformer, Great Soundtrack, Local Co-Op, 2D, Multiplayer, Hand-drawn, Indie, Cartoony, Retro, Bullet Hell, Action, Shoot 'Em Up, Singleplayer, Side Scroller, Colorful, Souls-like, Funny",A popular game by Studio MDHR Entertainment Inc..,Studio MDHR Entertainment Inc.,Studio MDHR Entertainment Inc.
10500,Total War: EMPIRE – Definitive Edition,,"Strategy, Historical, Military, Grand Strategy, Turn-Based Strategy, War, Tactical, RTS, Multiplayer, Singleplayer, Turn-Based, Naval, America, Real Time Tactics, Action, Great Soundtrack, Turn-Based Tactics, Atmospheric, Classic, Adventure","A popular game by CREATIVE ASSEMBLY, Feral Interactive (Mac), Feral Interactive (Linux).","CREATIVE ASSEMBLY, Feral Interactive (Mac), Feral Interactive (Linux)","SEGA, Feral Interactive (Mac), Feral Interactive (Linux)"
2215430,Ghost of Tsushima DIRECTOR'S CUT,,"Open World, Action, Story Rich, Adventure, Singleplayer, Stealth, Combat, Ninja, Third Person, Action-Adventure, Action RPG, Souls-like, Historical, Multiplayer, Atmospheric, Exploration, Gore, Violent, Online Co-Op, Co-op","A popular game by Sucker Punch Productions, Nixxes Software.","Sucker Punch Productions, Nixxes Software",PlayStation Publishing LLC
363970,Clicker Heroes,,"Clicker, Idler, Casual, 2D, Free to Play, Management, Indie, Funny, Strategy, Multiplayer, RPG, Fantasy, Family Friendly, Adventure, Simulation, Touch-Friendly, Singleplayer, Action, Addictive, Illuminati",A popular game by Playsaurus.,Playsaurus,Playsaurus
881100,Noita,,"Physics, Rogue-like, Pixel Graphics, Difficult, Dungeon Crawler, Indie, Open World, Sandbox, 2D, Perma Death, Action, Action Roguelike, Gun Customization, Rogue-lite, 2D Platformer, RPG, Dark Humor, Mythology, Crafting, Action-Adventure",A popular game by Nolla Games.,Nolla Games,Nolla Games
329110,Gems of War - Puzzle RPG,,"Free to Play, Match 3, Puzzle, PvE, PvP, Card Game, Strategy RPG, Turn-Based Strategy, RPG, Strategy, 2D, Turn-Based Combat, Story Rich, Singleplayer, Casual, Fantasy, Magic, War, Adventure, Multiplayer",A popular game by Infinity Plus 2.,Infinity Plus 2,505 Games
1167630,Teardown,,"Destruction, Physics, Sandbox, Voxel, First-Person, Singleplayer, Open World, Heist, Realistic, 3D, Simulation, Action, Puzzle, Driving, Indie, Replay Value, Multiplayer, Tactical, Immersive Sim, Puzzle-Platformer",A popular game by Tuxedo Labs.,Tuxedo Labs,Tuxedo Labs
1363080,Manor Lords,,"Strategy, City Builder, Simulation, Historical, Base-Building, Medieval, Management, Grand Strategy, Building, Resource Management, Sandbox, Open World, Survival, Moddable, Singleplayer, 4X, RTS, Economy, Real-Time with Pause, Early Access",A popular game by Slavic Magic.,Slavic Magic,Hooded Horse
620,Portal 2,,"Platformer, Puzzle, First-Person, Dark Humor, Story Rich, Puzzle-Platformer, Funny, Female Protagonist, 3D Platformer, Action-Adventure, Action, FPS, Co-op, Physics, Sci-fi, Level Editor, Science, Comedy, Atmospheric, Adventure",A popular game by Valve.,Valve,Valve
1184370,Pathfinder: Wrath of the Righteous - Enhanced Edition,,"Singleplayer, Action RPG, 3D, Third Person, Lore-Rich, Adventure, Turn-Based Combat, Rogue-lite, RPG, Action, PvE, Open World, Party-Based RPG, Romance, Strategy, Turn-Based Strategy, Sexual Content, Story Rich, Fantasy, CRPG",A popular game by Owlcat Games.,Owlcat Games,"META Publishing, Owlcat Games"
977950,A Dance of Fire and Ice,,"Rhythm, Music, Difficult, Level Editor, Singleplayer, Indie, 2D, Arcade, Fantasy, Colorful, Psychedelic, Casual, Action, Atmospheric, Family Friendly, Co-op, Multiplayer, Great Soundtrack, Games Workshop, Anime",A popular game by 7th Beat Games.,7th Beat Games,"7th Beat Games, indienova"
601510,Yu-Gi-Oh! Duel Links,,"Free to Play, Card Game, Anime, Strategy, Multiplayer, Trading Card Game, Singleplayer, Turn-Based, Competitive, Casual, RPG, Memes, Great Soundtrack, Online Co-Op, Action, Adventure, Simulation, Massively Multiplayer, Psychological Horror, MMORPG",A popular game by KONAMI.,KONAMI,KONAMI
386360,SMITE,,"Free to Play, MOBA, Multiplayer, Action, Third Person, Mythology, Strategy, MMORPG, Team-Based, Nostalgia, Competitive, Anime, PvP, Co-op, e-sports, Massively Multiplayer, RPG, Adventure, Casual, Strategy RPG",A popular game by Titan Forge Games.,Titan Forge Games,Hi-Rez Studios
200210,Realm of the Mad God Exalt,,"Pixel Graphics, MMORPG, Free to Play, Rogue-like, Perma Death, Action Roguelike, Bullet Hell, Difficult, Rogue-lite, Indie, 2D, Massively Multiplayer, Action RPG, RPG, Action, Multiplayer, Adventure, Co-op, Online Co-Op, Fantasy","A popular game by Wild Shadow Studios, Deca Live Operations GmbH.","Wild Shadow Studios, Deca Live Operations GmbH",Deca Live Operations GmbH
220200,Kerbal Space Program,,"Space, Simulation, Sandbox, Physics, Science, Space Sim, Building, Moddable, Indie, Education, Open World, Singleplayer, Exploration, Funny, Sci-fi, Difficult, Adventure, Replay Value, Strategy, Comedy",A popular game by Squad.,Squad,Private Division
1145350,Hades II,,"Action, Rogue-like, Rogue-lite, Hack and Slash, RPG, Action Roguelike, Mythology, Dungeon Crawler, Action RPG, Isometric, Hand-drawn, Female Protagonist, Story Rich, Singleplayer, Atmospheric, Indie, Souls-like, Early Access, LGBTQ+, Perma Death",A popular game by Supergiant Games.,Supergiant Games,Supergiant Games
872410,ROMANCE OF THE THREE KINGDOMS XIV,,"Turn-Based Tactics, Wargame, Military, Immersive Sim, Diplomacy, War, Grand Strategy, Character Customization, Turn-Based Strategy, Strategy, Historical, 3D, Alternate History, Simulation, Tactical, Resource Management, Singleplayer, Replay Value, RPG, Turn-Based","A popular game by KOEI TECMO GAMES CO., LTD..","KOEI TECMO GAMES CO., LTD.","KOEI TECMO GAMES CO., LTD."
581320,Insurgency: Sandstorm,,"FPS, Realistic, Shooter, Military, Tactical, Multiplayer, Action, First-Person, War, Online Co-Op, Co-op, Gore, Violent, Difficult, Atmospheric, Simulation, Open World, Massively Multiplayer, Indie, Choices Matter",A popular game by New World Interactive.,New World Interactive,Focus Entertainment
961200,Predecessor,,"MOBA, Free to Play, Shooter, Multiplayer, Third Person, Strategy, Action, PvP, Team-Based, Third-Person Shooter, Competitive, Fantasy, Sci-fi, 3D, Online Co-Op, Co-op, Tactical, PvE, Combat, Early Access",A popular game by Omeda Studios.,Omeda Studios,Omeda Studios
34330,Total War: SHOGUN 2,,"Strategy, Historical, Turn-Based Strategy, RTS, Grand Strategy, Tactical, Singleplayer, Real Time Tactics, Multiplayer, Diplomacy, Ninja, Military, Turn-Based, Co-op, Great Soundtrack, Medieval, Turn-Based Tactics, Stylized, Moddable, Action","A popular game by CREATIVE ASSEMBLY, Feral Interactive (Mac), Feral Interactive (Linux).","CREATIVE ASSEMBLY, Feral Interactive (Mac), Feral Interactive (Linux)","SEGA, Feral Interactive (Mac), Feral Interactive (Linux)"
2427700,Backpack Battles,,"Early Access, Auto Battler, Inventory Management, Strategy, PvP, Roguelike Deckbuilder, Asynchronous Multiplayer, Multiplayer, Indie, Tactical, Card Battler, Rogue-like, Turn-Based, Loot, Combat, Replay Value, 2D, Cute, Female Protagonist, Hand-drawn",A popular game by PlayWithFurcifer.,PlayWithFurcifer,"IndieArk, Shochiku (Japan)"
1013320,Firestone: Online Idle RPG,,"Idler, Clicker, RPG, Free to Play, Action, Simulation, Auto Battler, Co-op, MMORPG, Violent, Multiplayer, Massively Multiplayer, Time Management, Online Co-Op, 2D, PvE, Team-Based, Indie, PvP, Gore",A popular game by Holyday Studios.,Holyday Studios,Holyday Studios
1943950,Escape the Backrooms,,"Horror, Multiplayer, Online Co-Op, Psychological Horror, Co-op, Survival Horror, First-Person, Escape Room, Exploration, VR, Adventure, 3D, Singleplayer, Action, Indie, Early Access, Action-Adventure, Casual, Stealth, Dungeon Crawler","A popular game by Fancy Games, Blackbird Interactive.","Fancy Games, Blackbird Interactive",Secret Mode
2679460,Metaphor: ReFantazio,,"RPG, JRPG, Turn-Based Combat, Anime, Story Rich, Adventure, Time Management, Singleplayer, Turn-Based Strategy, Dark Fantasy, Party-Based RPG, Action RPG, Fantasy, Third Person, Colorful, Strategy RPG, Strategy, Choose Your Own Adventure, Turn-Based Tactics, 3D",A popular game by ATLUS.,ATLUS,SEGA
669330,Mechabellum,,"Strategy, Mechs, Auto Battler, Robots, Wargame, Tactical, PvP, RTS, Multiplayer, Action RTS, Turn-Based Strategy, Co-op, Simulation, Turn-Based, War, Action, Singleplayer, Turn-Based Tactics, Real Time Tactics, 3D",A popular game by Game River.,Game River,Dreamhaven
1569040,Football Manager 2022,,"Sports, Management, Football (Soccer), Simulation, Football (American), Real Time Tactics, Strategy, Multiplayer, e-sports, 2D, Character Customization, 3D, Singleplayer, Text-Based",A popular game by Sports Interactive.,Sports Interactive,SEGA
1669000,Age of Wonders 4,,"Strategy, 4X, Character Customization, Fantasy, RPG, Strategy RPG, Turn-Based Strategy, Choices Matter, Moddable, Dwarf, Lore-Rich, Combat, Grand Strategy, Magic, Co-op, Singleplayer, Exploration, Multiplayer, Top-Down, Tactical RPG",A popular game by Triumph Studios.,Triumph Studios,Paradox Interactive
323190,Frostpunk,,"City Builder, Survival, Resource Management, Strategy, Post-apocalyptic, Steampunk, Colony Sim, Building, Base-Building, Singleplayer, Simulation, Management, Choices Matter, Atmospheric, Economy, Dark, Difficult, RTS, Great Soundtrack, Real-Time with Pause",A popular game by 11 bit studios.,11 bit studios,11 bit studios
2161700,Persona 3 Reload,,"JRPG, RPG, Anime, Party-Based RPG, Turn-Based Strategy, Adventure, Dating Sim, Story Rich, Strategy, Dark, Emotional, Visual Novel, Strategy RPG, Great Soundtrack, Turn-Based Combat, Colorful, Mystery, Supernatural, Detective, Multiple Endings",A popular game by ATLUS.,ATLUS,SEGA
699130,World War Z,,"Zombies, Multiplayer, Online Co-Op, Action, Co-op, Singleplayer, Shooter, Third-Person Shooter, PvE, Survival Horror, FPS, Post-apocalyptic, Gore, Gun Customization, Character Customization, First-Person, Third Person, Horror, Combat, Violent",A popular game by Saber Interactive Inc.,Saber Interactive Inc,Saber Interactive Inc
3070070,TCG Card Shop Simulator,,"Simulation, Management, Economy, Singleplayer, Collectathon, Capitalism, Trading Card Game, Early Access, Card Game, Trading, 3D, Life Sim, Immersive Sim, Relaxing, First-Person, Casual, Shop Keeper, Job Simulator, Co-op",A popular game by OPNeon Games.,OPNeon Games,OPNeon Games
635260,CarX Drift Racing Online,,"Racing, Physics, Simulation, Massively Multiplayer, Relaxing, Sandbox, Online Co-Op, Games Workshop, Automobile Sim, Multiplayer, Open World, Controller, VR, Singleplayer, Arcade, Realistic, Co-op, Local Multiplayer, Mod, Sports","A popular game by CarX Technologies, LLC.","CarX Technologies, LLC","CarX Technologies, LLC"
815370,Green Hell,,"Open World Survival Craft, Survival, Multiplayer, Online Co-Op, Open World, Crafting, Action, Base-Building, Singleplayer, Adventure, Co-op, Exploration, First-Person, Sandbox, Simulation, Survival Horror, Atmospheric, Building, Realistic, Action-Adventure",A popular game by Creepy Jar.,Creepy Jar,Creepy Jar
1527950,Wartales,,"RPG, Open World, Turn-Based Strategy, Party-Based RPG, Medieval, Co-op, Adventure, Turn-Based Combat, Strategy, Multiplayer, Tactical RPG, Singleplayer, Sandbox, Exploration, Survival, Turn-Based, Online Co-Op, Story Rich, Violent, Indie",A popular game by Shiro Games.,Shiro Games,Shiro Games
1468260,Leaf Blower Revolution - Idle Game,,"Idler, Clicker, Casual, Indie, Crafting, Pixel Graphics, Free to Play, Collectathon, Relaxing, Funny, 2D, Exploration, Farming Sim, Top-Down, Colorful, Physics, Atmospheric, Multiplayer, Singleplayer, Great Soundtrack",A popular game by Humble North.,Humble North,Humble North
2142790,Fields of Mistria,,"Early Access, Farming Sim, Dating Sim, RPG, Life Sim, Simulation, Romance, Cute, Pixel Graphics, Farming, Relaxing, Agriculture, Anime, Sandbox, 2D, Open World, Crafting, Building, Cooking, Mining",A popular game by NPC Studio.,NPC Studio,NPC Studio
335300,DARK SOULS II: Scholar of the First Sin,,"Souls-like, Dark Fantasy, RPG, Difficult, Action, Third Person, Atmospheric, Action RPG, Character Customization, Co-op, Multiplayer, Adventure, Fantasy, Medieval, Dark, Singleplayer, Lore-Rich, Story Rich, PvP, Remake","A popular game by FromSoftware, Inc..","FromSoftware, Inc.","Bandai Namco Entertainment, FromSoftware, Inc."
582160,Assassin's Creed Origins,,"Open World, Assassin, Action, RPG, Stealth, Parkour, Adventure, Historical, Singleplayer, Third Person, Story Rich, Multiplayer, Action RPG, Exploration, Atmospheric, Great Soundtrack, Nudity, Heist, Sexual Content, Co-op",A popular game by Ubisoft Montreal.,Ubisoft Montreal,Ubisoft
1850570,DEATH STRANDING DIRECTOR'S CUT,,"Story Rich, Open World, Walking Simulator, Atmospheric, Adventure, Great Soundtrack, Exploration, Post-apocalyptic, Cinematic, Singleplayer, Third Person, Action, Sci-fi, Horror, Relaxing, Action-Adventure, Stealth, Third-Person Shooter, Multiplayer, Combat",A popular game by KOJIMA PRODUCTIONS.,KOJIMA PRODUCTIONS, 505 Games
1259420,Days Gone,,"Open World, Zombies, Survival, Singleplayer, Post-apocalyptic, Multiplayer, Action, Story Rich, Action-Adventure, Third Person, Open World Survival Craft, Adventure, Horror, Motorbike, Crafting, Third-Person Shooter, Survival Horror, Violent, Gore, Cinematic",A popular game by Bend Studio.,Bend Studio,PlayStation Publishing LLC
2322010,God of War Ragnarök,,"Action, Adventure, Action-Adventure, RPG, Hack and Slash, Cinematic, Action RPG, Third Person, Mythology, 3D, Atmospheric, Story Rich, Emotional, Fantasy, Drama, Singleplayer, Combat, Open World, Gore, Souls-like","A popular game by Santa Monica Studio, Jetpack Interactive.","Santa Monica Studio, Jetpack Interactive",PlayStation Publishing LLC
379720,DOOM,,"FPS, Gore, Action, Shooter, Great Soundtrack, Demons, First-Person, Multiplayer, Fast-Paced, Singleplayer, Sci-fi, Horror, Atmospheric, Classic, Blood, Difficult, Remake, Zombies, Violent, Co-op",A popular game by id Software.,id Software,Bethesda Softworks
1206560,WorldBox - God Simulator,,"Sandbox, God Game, Simulation, Pixel Graphics, Colony Sim, Life Sim, Destruction, Building, Artificial Intelligence, Political Sim, Fantasy, Indie, Medieval, Relaxing, Management, Procedural Generation, Politics, Idler, Mythology, Early Access",A popular game by Maxim Karpenko.,Maxim Karpenko,Maxim Karpenko
208650,Batman: Arkham Knight,,"Action, Open World, Superhero, Stealth, Third Person, Singleplayer, Adventure, Detective, Story Rich, Fighting, Atmospheric, Dark, Comic Book, Beat 'em up, Mature, Puzzle, Horror, Sandbox, Strategy, Epic",A popular game by Rocksteady Studios.,Rocksteady Studios,WB Games
1227890,Summer Memories,,"Sexual Content, Nudity, Mature, Hentai, Pixel Graphics, FPS, Anime, RPG, Simulation, Visual Novel, Multiple Endings, 2D, Singleplayer, Time Management, JRPG, RPGMaker, Adventure, Indie, Funny, Memes",A popular game by Dojin Otome.,Dojin Otome,Kagura Games
1282100,REMNANT II,,"Souls-like, Co-op, Action, Adventure, Third-Person Shooter, RPG, Shooter, Dark, Action-Adventure, Online Co-Op, Post-apocalyptic, Multiplayer, Third Person, Combat, Horror, Atmospheric, PvE, Singleplayer, Controller, Looter Shooter",A popular game by Gunfire Games.,Gunfire Games,"Arc Games, THQ Nordic"
212680,FTL: Faster Than Light,,"Rogue-like, Space, Strategy, Sci-fi, Indie, Singleplayer, Perma Death, Difficult, Replay Value, Real-Time with Pause, Procedural Generation, Tactical, Space Sim, Top-Down, 2D, Rogue-lite, Survival, Choose Your Own Adventure, Simulation, Adventure",A popular game by Subset Games.,Subset Games,Subset Games
1824220,Chivalry 2,,"Swordplay, Medieval, Massively Multiplayer, Hack and Slash, Multiplayer, Gore, Historical, Action, PvP, War, First-Person, Combat, Military, 3D, Third Person, FPS, Wargame, Atmospheric, Comedy, 3D Fighter",A popular game by Torn Banner Studios.,Torn Banner Studios,Tripwire Presents
1934680,Age of Mythology: Retold,,"Strategy, 3D, RTS, Story Rich, Lore-Rich, Base-Building, Resource Management, Mythology, Fantasy, Singleplayer, Top-Down, PvE, Level Editor, Moddable, Action RTS, Multiplayer, PvP, Co-op, Online Co-Op, Tutorial","A popular game by World's Edge, Forgotten Empires, Tantalus Media, CaptureAge, Virtuos Games.","World's Edge, Forgotten Empires, Tantalus Media, CaptureAge, Virtuos Games",Xbox Game Studios
220,Half-Life 2,,"FPS, Action, Sci-fi, Classic, Singleplayer, Story Rich, Shooter, First-Person, Adventure, Dystopian , Atmospheric, Zombies, Silent Protagonist, Physics, Aliens, Great Soundtrack, Horror, Multiplayer, Puzzle, Moddable",A popular game by Valve.,Valve,Valve
1029690,Sniper Elite 5,,"Singleplayer, Sniper, Stealth, Multiplayer, Action, World War II, Co-op, Shooter, Third-Person Shooter, Adventure, Gore, Third Person, Violent, Action-Adventure, Open World, Online Co-Op, War, FPS, Gun Customization, Sexual Content",A popular game by Rebellion.,Rebellion,Rebellion
1313140,Cult of the Lamb,,"Base-Building, Cute, Action Roguelike, Singleplayer, Dungeon Crawler, Character Customization, Rogue-lite, Dark Humor, Colony Sim, Building, 2D, Adventure, Action, Faith, Fantasy, Funny, Controller, Colorful, Strategy, Third Person",A popular game by Massive Monster.,Massive Monster,Devolver Digital
568220,Lobotomy Corporation | Monster Management Simulation,,"Management, Difficult, Psychological Horror, Story Rich, Simulation, Horror, Gore, Great Soundtrack, Singleplayer, Indie, Strategy, 2D, Cute, Lovecraftian, Anime, Atmospheric, RTS, Rogue-like, Visual Novel, Rogue-lite",A popular game by ProjectMoon.,ProjectMoon,ProjectMoon
1189490,觅长生,,"RPG, Open World, Martial Arts, Drama, Strategy, Turn-Based Combat, Indie, Fantasy, Story Rich, Singleplayer, Strategy RPG, Simulation, Character Customization, Rogue-lite, Exploration, Anime, 2D, Colorful, 2D Platformer, Card Battler",A popular game by Chalcedony Network.,Chalcedony Network,Chalcedony Network
471710,Rec Room,,"Free to Play, VR, Multiplayer, Funny, Online Co-Op, First-Person, Massively Multiplayer, Casual, Sandbox, Adventure, Co-op, Sports, Horror, Family Friendly, Character Customization, Simulation, 3D, Action, Singleplayer, Action-Adventure",A popular game by Rec Room.,Rec Room,Rec Room
1084600,My Time at Sandrock,,"Life Sim, Building, Farming Sim, Multiplayer, Sandbox, Crafting, RPG, Dating Sim, Open World, Character Customization, Mining, Adventure, Post-apocalyptic, Simulation, Casual, Singleplayer, Female Protagonist, Cartoony, Indie, LGBTQ+",A popular game by Pathea Games.,Pathea Games,"Pathea Games, Focus Entertainment, PM Studios, Inc., DMM Games"
246620,Plague Inc: Evolved,,"Strategy, Simulation, Outbreak Sim, Indie, Singleplayer, Multiplayer, Zombies, Casual, Tactical, Replay Value, Post-apocalyptic, Addictive, Realistic, 2D, Difficult, Atmospheric, Co-op, Sandbox, Early Access, Survival",A popular game by Ndemic Creations.,Ndemic Creations,Ndemic Creations
1149460,ICARUS,,"Survival, Open World Survival Craft, Multiplayer, Base-Building, Online Co-Op, Crafting, Open World, Exploration, Building, Co-op, PvE, First-Person, Space, Realistic, Mining, Third Person, Sandbox, Adventure, Nature, Science",A popular game by RocketWerkz.,RocketWerkz,RocketWerkz
573090,Stormworks: Build and Rescue,,"Sandbox, Base-Building, Open World, Building, Immersive Sim, Automation, Flight, Physics, PvP, Programming, Exploration, Sailing, Tutorial, Survival, Trains, Naval, Open World Survival Craft, First-Person, Third Person, Character Customization",A popular game by Geometa.,Geometa,Geometa
1119730,"Ranch Simulator: Build, Hunt, Farm",,"Simulation, Multiplayer, Online Co-Op, Open World, Farming Sim, Farming, Job Simulator, Co-op, Realistic, Hunting, Sandbox, Singleplayer, Management, Economy, Trading, Destruction, Relaxing, Immersive Sim, First-Person, Indie",A popular game by Toxic Dog.,Toxic Dog,Excalibur Games
805550,Assetto Corsa Competizione,,"Racing, Automobile Sim, Simulation, VR, Multiplayer, Driving, Realistic, Sports, Controller, Singleplayer, Open World, e-sports, Online Co-Op, Competitive, First-Person, Early Access, Atmospheric, Moddable, Difficult, PvP",A popular game by Kunos Simulazioni.,Kunos Simulazioni,505 Games
219740,Don't Starve,,"Survival, Open World Survival Craft, Crafting, Adventure, Indie, Sandbox, Singleplayer, Perma Death, Multiplayer, Open World, Exploration, Rogue-like, Replay Value, Moddable, Difficult, Simulation, 2D, Top-Down, Survival Horror, Horror",A popular game by Klei Entertainment.,Klei Entertainment,Klei Entertainment
594570,Total War: WARHAMMER II,,"Strategy, Fantasy, Turn-Based Strategy, RTS, Grand Strategy, War, Multiplayer, Games Workshop, Action, Turn-Based, Singleplayer, Dark Fantasy, Co-op, Tactical, Real Time Tactics, Story Rich, Atmospheric, Dwarf, Dinosaurs, Great Soundtrack","A popular game by CREATIVE ASSEMBLY, Feral Interactive (Mac), Feral Interactive (Linux).","CREATIVE ASSEMBLY, Feral Interactive (Mac), Feral Interactive (Linux)","SEGA, Feral Interactive (Mac), Feral Interactive (Linux)"
72850,The Elder Scrolls V: Skyrim,,"Open World, RPG, Fantasy, Adventure, Dragons, Moddable, First-Person, Action, Medieval, Singleplayer, Magic, Story Rich, Great Soundtrack, Sandbox, Lore-Rich, Atmospheric, Character Customization, Action RPG, Third Person, Epic",A popular game by Bethesda Game Studios.,Bethesda Game Studios,Bethesda Softworks
427410,Abiotic Factor,,"Survival, Online Co-Op, Open World Survival Craft, Crafting, Base-Building, Early Access, Sci-fi, Co-op Campaign, Exploration, Multiplayer, Sandbox, FPS, First-Person, Building, Science, Simulation, Immersive Sim, PvE, Aliens, Adventure",A popular game by Deep Field Games.,Deep Field Games,Playstack
637090,BATTLETECH,,"Mechs, Strategy, Turn-Based Tactics, Turn-Based, Sci-fi, Turn-Based Strategy, Tactical, Action, Robots, Character Customization, Singleplayer, RPG, Space, Adventure, Futuristic, Management, Multiplayer, Story Rich, Great Soundtrack, Difficult",A popular game by Harebrained Schemes.,Harebrained Schemes,Paradox Interactive
460930,Tom Clancy's Ghost Recon Wildlands,,"Open World, Shooter, Co-op, Stealth, Multiplayer, Singleplayer, Tactical, Action, Military, Third-Person Shooter, FPS, Online Co-Op, Third Person, Adventure, Survival, Strategy, Sandbox, First-Person, Atmospheric, PvP","A popular game by Ubisoft Paris, Ubisoft Annecy, Ubisoft Bucharest, Ubisoft Montpellier, Ubisoft Milan, Reflections, Ubisoft Belgrade.","Ubisoft Paris, Ubisoft Annecy, Ubisoft Bucharest, Ubisoft Montpellier, Ubisoft Milan, Reflections, Ubisoft Belgrade",Ubisoft
1325200,Nioh 2 – The Complete Edition,,"RPG, Action, Souls-like, Character Customization, Difficult, Co-op, JRPG, Multiplayer, Dark Fantasy, Fantasy, Historical, Hack and Slash, Story Rich, Violent, Singleplayer, Dark, Atmospheric, Medieval, Female Protagonist, Loot","A popular game by KOEI TECMO GAMES CO., LTD..","KOEI TECMO GAMES CO., LTD.","KOEI TECMO GAMES CO., LTD."
2231380,Tom Clancy's Ghost Recon Breakpoint,,"Open World, Co-op, Singleplayer, Multiplayer, Shooter, Action, Military, Stealth, Third-Person Shooter, Adventure, Realistic, Online Co-Op, Tactical, Third Person, Character Customization, FPS, Looter Shooter, Violent, Story Rich, First-Person",A popular game by Ubisoft Paris.,Ubisoft Paris,Ubisoft
1217060,Gunfire Reborn,,"Rogue-lite, FPS, Rogue-like, Online Co-Op, Co-op, Multiplayer, Looter Shooter, Indie, Action, RPG, Adventure, Action Roguelike, Shooter, First-Person, Dungeon Crawler, Replay Value, Singleplayer, Fast-Paced, Early Access, Loot",A popular game by Gunfire Reborn Studio.,Gunfire Reborn Studio,Duoyi Games
325610,Total War: ATTILA,,"Strategy, Historical, War, Turn-Based Strategy, Grand Strategy, RTS, Tactical, Rome, Multiplayer, Singleplayer, Real Time Tactics, Medieval, Co-op, Atmospheric, Action, Turn-Based, Open World, Survival, Simulation, Adventure","A popular game by CREATIVE ASSEMBLY, Feral Interactive.","CREATIVE ASSEMBLY, Feral Interactive","SEGA, Feral Interactive"
389430,Knight Online,,"Free to Play, MMORPG, Massively Multiplayer, Action, Open World, Multiplayer, PvP, Adventure, RPG, Action-Adventure, War, Strategy, Survival, Action RPG, Character Customization, Casual, Fantasy, Anime, Horror, MOBA","A popular game by Noah System, Mgame.","Noah System, Mgame",NTTGame
1244460,Jurassic World Evolution 2,,"Dinosaurs, Building, Simulation, Management, Sandbox, Strategy, Singleplayer, City Builder, Economy, Resource Management, Sci-fi, Open World, Violent, Atmospheric, Sequel, Action, Multiplayer, Base-Building, Survival, Casual",A popular game by Frontier Developments.,Frontier Developments,Frontier Developments
356190,Middle-earth: Shadow of War,,"Open World, Action, RPG, Singleplayer, Fantasy, Adventure, Third Person, Violent, Stealth, Gore, War, Story Rich, Hack and Slash, Action RPG, Medieval, Dark Fantasy, Magic, Atmospheric, Strategy, Multiplayer",A popular game by Monolith Productions.,Monolith Productions,WB Games
1056640,Phantasy Star Online 2,,"Free to Play, Character Customization, Anime, MMORPG, Multiplayer, RPG, Action, Online Co-Op, JRPG, Massively Multiplayer, Sci-fi, Action RPG, Fantasy, Open World, Mechs, Co-op, Nudity, Cute, Great Soundtrack, Sexual Content",A popular game by SEGA.,SEGA,SEGA
438040,Shakes and Fidget,,"Free to Play, RPG, Massively Multiplayer, Casual, Multiplayer, Adventure, Strategy, Clicker, MMORPG, Character Customization, Fantasy, Indie, Comedy, Medieval, Singleplayer, Funny, Classic, Dark Humor, Story Rich, Cult Classic",A popular game by Playa Games GmbH.,Playa Games GmbH,Playa Games GmbH
1222680,Need for Speed Heat,,"Racing, Open World, Multiplayer, Driving, Action, Singleplayer, Co-op, Adventure, Combat Racing, Atmospheric, Online Co-Op, Third Person, Arcade, Controller, Sports, PvP, First-Person, Character Customization, Destruction, Split Screen",A popular game by Ghost Games.,Ghost Games,Electronic Arts
3910,Sid Meier's Civilization III Complete,,"Strategy, Turn-Based Strategy, Turn-Based, Classic, 4X, Historical, Singleplayer, Multiplayer, Replay Value, Grand Strategy, Simulation, Military, Exploration, Addictive, City Builder, Old School, War, Isometric, Diplomacy, Alternate History",A popular game by Firaxis Games.,Firaxis Games,2K
1593500,God of War,,"Action, Singleplayer, Story Rich, Mythology, Adventure, Combat, Third Person, RPG, Hack and Slash, Violent, Open World, Fantasy, Exploration, Atmospheric, Action RPG, Gore, Souls-like, Emotional, 3D, PvE","A popular game by Santa Monica Studio, Jetpack Interactive.","Santa Monica Studio, Jetpack Interactive",PlayStation Publishing LLC
2208920,Assassin's Creed Valhalla,,"Open World, Action, RPG, Adventure, Singleplayer, Vikings, Multiplayer, Third Person, Action-Adventure, Stealth, Violent, Assassin, Action RPG, Story Rich, Historical, Female Protagonist, Atmospheric, Medieval, Character Customization, Mythology",A popular game by Ubisoft Montreal.,Ubisoft Montreal,Ubisoft
203770,Crusader Kings II,,"Grand Strategy, Strategy, Medieval, Historical, Political Sim, Simulation, RPG, Sandbox, Multiplayer, Politics, Diplomacy, Singleplayer, Replay Value, Real-Time with Pause, Moddable, Political, Free to Play, Character Customization, RTS, Great Soundtrack",A popular game by Paradox Development Studio.,Paradox Development Studio,Paradox Interactive
1129580,Medieval Dynasty,,"Crafting, Building, Multiplayer, Co-op, Medieval, Survival, Open World, Immersive Sim, Sandbox, Base-Building, RPG, Singleplayer, Simulation, Atmospheric, Realistic, First-Person, Adventure, Historical, Management, Agriculture",A popular game by Render Cube.,Render Cube,Toplitz Productions
1627720,Lies of P,,"Souls-like, Action, Dark Fantasy, Action RPG, Singleplayer, Third Person, Exploration, Story Rich, Steampunk, Dark, Adventure, Atmospheric, 3D, RPG, Choices Matter, Multiple Endings, Difficult, Gothic, Violent, Replay Value",A popular game by NEOWIZ.,NEOWIZ,NEOWIZ
1172380,STAR WARS Jedi: Fallen Order,,"Action-Adventure, Souls-like, Third Person, Open World, Story Rich, Swordplay, Exploration, Sci-fi, Action, Platformer, Space, RPG, Fighting, Puzzle, Adventure, Metroidvania, Fantasy, Atmospheric, Hack and Slash, Family Friendly",A popular game by Respawn Entertainment.,Respawn Entertainment,Electronic Arts
1201240,BLEACH Brave Souls,,"Free to Play, Anime, RPG, Multiplayer, Action, Action RPG, Singleplayer, JRPG, Online Co-Op, Co-op, PvP, Hack and Slash, Casual, Modern, Sci-fi, Story Rich, Open World, Great Soundtrack, Mod, MMORPG",A popular game by KLab Inc..,KLab Inc.,KLab Inc.
1190000,Car Mechanic Simulator 2021,,"Simulation, Automobile Sim, Realistic, Sandbox, Moddable, Driving, Racing, 3D, Singleplayer, Education, First-Person, Immersive Sim, Puzzle, Open World, Atmospheric, Adventure, Minigames, VR, Indie, Strategy",A popular game by Red Dot Games.,Red Dot Games,PlayWay S.A.
287700,METAL GEAR SOLID V: THE PHANTOM PAIN,,"Stealth, Open World, Action, Story Rich, Tactical, Cinematic, Third Person, Great Soundtrack, Singleplayer, Atmospheric, Adventure, Horses, Third-Person Shooter, Multiplayer, Shooter, Replay Value, Sandbox, Dark, Sci-fi, Heist",A popular game by KONAMI.,KONAMI,KONAMI
1158160,Coral Island,,"Farming Sim, Life Sim, Relaxing, Dating Sim, Simulation, Agriculture, RPG, Character Customization, Crafting, Singleplayer, Sandbox, Building, Open World, Casual, Indie, Adventure, Fishing, Mining, LGBTQ+, Cartoony",A popular game by Stairway Games.,Stairway Games,Balor Games
489630,"Warhammer 40,000: Gladius - Relics of War",,"Strategy, Warhammer 40K, 4X, Turn-Based Strategy, Turn-Based, Multiplayer, Hex Grid, Sci-fi, Turn-Based Tactics, Wargame, Co-op, Singleplayer, Tactical, Grand Strategy, War, Turn-Based Combat, Replay Value, Great Soundtrack, Military, Games Workshop",A popular game by Proxy Studios.,Proxy Studios,Slitherine Ltd.
1506830,FIFA 22,,"Football (Soccer), Sports, Multiplayer, Controller, Competitive, Simulation, Local Multiplayer, Singleplayer, Online Co-Op, Local Co-Op, Realistic, PvP, e-sports, Family Friendly, Team-Based, Physics, Immersive Sim, Co-op, Cinematic, Sexual Content",A popular game by EA Canada &amp; EA Romania.,EA Canada &amp; EA Romania,Electronic Arts
2384580,DYNASTY WARRIORS: ORIGINS,,"Hack and Slash, Spectacle fighter, Wargame, Martial Arts, Action RPG, RPG, Strategy, Historical, Dating Sim, Musou, Third Person, 3D, Swordplay, Controller, Action, Multiple Endings, Story Rich, Singleplayer, Tactical, War","A popular game by KOEI TECMO GAMES CO., LTD..","KOEI TECMO GAMES CO., LTD.","KOEI TECMO GAMES CO., LTD."
613100,House Flipper,,"Simulation, Design & Illustration, Building, Singleplayer, Relaxing, Sandbox, Casual, Education, Immersive Sim, Multiplayer, First-Person, Management, Economy, Family Friendly, Base-Building, 3D, Replay Value, Realistic, Indie, Moddable",A popular game by Empyrean.,Empyrean,"Frozen District, PlayWay S.A."
701160,Kingdom Two Crowns,,"Tower Defense, Minimalist, City Builder, Building, Singleplayer, Medieval, Fantasy, Strategy, Base-Building, Atmospheric, Controller, Colony Sim, Survival, Simulation, Adventure, Co-op, Local Multiplayer, Online Co-Op, Multiplayer, Pixel Graphics","A popular game by Fury Studios, Coatsink.","Fury Studios, Coatsink",Raw Fury
1092790,Inscryption,,"Card Battler, Card Game, Story Rich, Deckbuilding, Horror, Dark, Puzzle, Rogue-lite, Strategy, Rogue-like, Psychological, Surreal, Experimental, First-Person, Point & Click, 3D, 2D, Pixel Graphics, FMV, Adventure",A popular game by Daniel Mullins Games.,Daniel Mullins Games,Devolver Digital
2321470,Deep Rock Galactic: Survivor,,"Dwarf, Action Roguelike, Rogue-lite, Bullet Hell, Top-Down Shooter, PvE, Arena Shooter, Top-Down, Procedural Generation, Action, Arcade, Sci-fi, Singleplayer, Space, Score Attack, Aliens, Atmospheric, Combat, Early Access, Dark",A popular game by Funday Games.,Funday Games,Ghost Ship Publishing
508440,Totally Accurate Battle Simulator,,"Sandbox, Simulation, Funny, War, Physics, Strategy, Singleplayer, Realistic, Indie, Adventure, Colorful, Fantasy, 3D, Comedy, Action, Historical, Family Friendly, Wargame, Cute, Memes",A popular game by Landfall.,Landfall,Landfall
1256670,Library Of Ruina,,"Story Rich, Card Game, Strategy, Difficult, Deckbuilding, Turn-Based Combat, Great Soundtrack, Singleplayer, Psychological Horror, Indie, Visual Novel, Gore, Turn-Based, Card Battler, Turn-Based Strategy, 2D, Anime, RPG, Horror, Action",A popular game by ProjectMoon.,ProjectMoon,ProjectMoon
552520,Far Cry 5,,"Open World, Action-Adventure, Multiplayer, Co-op, FPS, Shooter, Exploration, Story Rich, Realistic, First-Person, America, Hunting, Action, Adventure, Stealth, 3D, Survival, Nature, Atmospheric, Psychedelic","A popular game by Ubisoft Montreal, Red Storm, Ubisoft Shanghai, Ubisoft Toronto, Ubisoft Kiev.","Ubisoft Montreal, Red Storm, Ubisoft Shanghai, Ubisoft Toronto, Ubisoft Kiev",Ubisoft
924970,Back 4 Blood,,"Zombies, Online Co-Op, Multiplayer, FPS, Shooter, Action, Co-op, Gore, Horror, Singleplayer, First-Person, Survival, Blood, Violent, Adventure, Survival Horror, PvE, PvP, Rogue-lite, Replay Value",A popular game by Turtle Rock Studios.,Turtle Rock Studios,Warner Bros. Games
1196590,Resident Evil Village,,"Survival Horror, Horror, First-Person, Singleplayer, Action, Sexual Content, Zombies, Gore, Story Rich, FPS, Atmospheric, Violent, Dark, Survival, Psychological Horror, VR, Adventure, Open World, Multiplayer, Nudity","A popular game by CAPCOM Co., Ltd..","CAPCOM Co., Ltd.","CAPCOM Co., Ltd."
335240,Transformice,,"Free to Play, Multiplayer, Massively Multiplayer, Funny, 2D, Platformer, Casual, Cute, Racing, Adventure, Online Co-Op, Indie, Survival, Strategy, Mouse only, Co-op, Family Friendly, Comedy, Puzzle, Action",A popular game by Atelier 801.,Atelier 801,Atelier 801
495420,State of Decay 2: Juggernaut Edition,,"Survival, Open World, Zombies, Base-Building, Multiplayer, Co-op, Online Co-Op, Post-apocalyptic, Simulation, Action, RPG, Sandbox, Third Person, Singleplayer, Gore, Horror, Perma Death, Violent, Replay Value, Atmospheric",A popular game by Undead Labs.,Undead Labs,Xbox Game Studios
1811260,EA SPORTS FIFA 23,,"Football (Soccer), Sports, Controller, e-sports, PvP, Management, Simulation, Team-Based, Realistic, Third Person, Immersive Sim, Multiplayer, Local Multiplayer, Local Co-Op, Co-op, Singleplayer, Online Co-Op, PvE, Free to Play, LGBTQ+",A popular game by EA Canada &amp; EA Romania.,EA Canada &amp; EA Romania,Electronic Arts
767560,War Robots,,"Robots, Mechs, Free to Play, PvP, Multiplayer, Shooter, Third-Person Shooter, 3D, Arena Shooter, Third Person, Action, Vehicular Combat, Controller, Sci-fi, Realistic, Tactical, Combat, Massively Multiplayer, Co-op, War",A popular game by MY.GAMES.,MY.GAMES,MY.GAMES
2135150,Elin,,"Early Access, Character Customization, Open World, Rogue-like, JRPG, Traditional Roguelike, Pixel Graphics, RPG, Singleplayer, Dungeon Crawler, 2D, Sandbox, Exploration, Difficult, Nonlinear, Procedural Generation, Mystery Dungeon, Loot, Multiplayer, Perma Death",A popular game by Lafrontier.,Lafrontier,Lafrontier
47890,The Sims 3,,"Life Sim, Simulation, Character Customization, Building, Sandbox, Singleplayer, Casual, Funny, Moddable, Romance, RPG, Family Friendly, Comedy, Adventure, Replay Value, Multiplayer, Nudity, Great Soundtrack, Strategy, Action","A popular game by The Sims Studio, Maxis.","The Sims Studio, Maxis",Electronic Arts
2680010,The First Berserker: Khazan,,"Souls-like, Difficult, Hack and Slash, Action RPG, Anime, Action-Adventure, Third Person, RPG, Action, 3D, Dark Fantasy, Cartoony, Atmospheric, Adventure, Dark, Cartoon, Destruction, Combat, Linear, Singleplayer",A popular game by Neople.,Neople,NEXON
297000,Heroes of Might & Magic III - HD Edition,,"Strategy, Turn-Based Strategy, Classic, Multiplayer, Fantasy, RPG, Great Soundtrack, Turn-Based, Atmospheric, Singleplayer, Co-op, Remake, Adventure, Replay Value, Local Multiplayer, Retro, Magic, Local Co-Op, Nostalgia, Action",A popular game by Dotemu.,Dotemu,Ubisoft Entertainment
286690,Metro 2033 Redux,,"Post-apocalyptic, FPS, Atmospheric, Story Rich, Horror, Action, Singleplayer, First-Person, Shooter, Stealth, Survival Horror, Based On A Novel, Survival, Adventure, Multiplayer, Remake, Gore, Mature, Classic, Open World",A popular game by 4A Games.,4A Games,Deep Silver
1147560,Skul: The Hero Slayer,,"Indie, Action, Action Roguelike, Pixel Graphics, 2D, Rogue-like, Rogue-lite, Singleplayer, Platformer, Metroidvania, Difficult, Side Scroller, Hack and Slash, Adventure, Villain Protagonist, Action-Adventure, Fantasy, Story Rich, Multiplayer, Cute",A popular game by SOUTHPAW GAMES.,SOUTHPAW GAMES,NEOWIZ
1817070,Marvel’s Spider-Man Remastered,,"Open World, Superhero, Action, Singleplayer, Story Rich, Adventure, Combat, Action-Adventure, Third Person, Parkour, Comic Book, Exploration, Beautiful, Stealth, Great Soundtrack, Funny, Atmospheric, Sci-fi, Multiplayer, Controller","A popular game by Insomniac Games, Nixxes Software.","Insomniac Games, Nixxes Software",PlayStation Publishing LLC
504230,Celeste,,"Precision Platformer, Difficult, Pixel Graphics, Great Soundtrack, Indie, Platformer, 2D Platformer, Female Protagonist, Singleplayer, 2D, Story Rich, Adventure, Cute, Puzzle-Platformer, LGBTQ+, Atmospheric, Action, Side Scroller, Retro, Exploration","A popular game by Maddy Makes Games Inc., Extremely OK Games, Ltd..","Maddy Makes Games Inc., Extremely OK Games, Ltd.",Maddy Makes Games Inc.
1237970,Titanfall 2,,"FPS, Mechs, Multiplayer, Shooter, Singleplayer, Action, Parkour, Sci-fi, First-Person, Futuristic, PvP, Military, Combat, Fast-Paced, Team-Based, Time Travel, Hero Shooter, Violent, Co-op, Gore",A popular game by Respawn Entertainment.,Respawn Entertainment,Electronic Arts
311690,Enter the Gungeon,,"Bullet Hell, Action Roguelike, Rogue-like, Pixel Graphics, Difficult, Dungeon Crawler, Indie, Local Co-Op, Multiplayer, Twin Stick Shooter, Co-op, Action, 2D, Top-Down, Shooter, Singleplayer, Loot, Rogue-lite, Cute, Funny",A popular game by Dodge Roll.,Dodge Roll,Devolver Digital
466560,Northgard: Definitive Edition,,"Strategy, City Builder, Simulation, RTS, Base-Building, Colony Sim, Multiplayer, Building, Economy, Tactical, War, 4X, Management, PvP, Co-op, Singleplayer, Vikings, Moddable, PvE, Resource Management",A popular game by Shiro Games.,Shiro Games,Shiro Games
2336220,Feed the Cups,,"Early Access, Cute, Simulation, Cooking, Online Co-Op, Crafting, 2D, Management, Co-op, Local Co-Op, Multiplayer, Singleplayer, Rogue-lite, Immersive Sim, Local Multiplayer, Action Roguelike, Funny, Action, Job Simulator, Cartoon",A popular game by Vambear Games.,Vambear Games,IndieArk
22330,The Elder Scrolls IV: Oblivion Game of the Year Edition (2009),,"RPG, Open World, Fantasy, Singleplayer, Moddable, First-Person, Adventure, Exploration, Great Soundtrack, Magic, Character Customization, Action, Story Rich, Atmospheric, Medieval, Sandbox, Classic, Action RPG, Third Person, Dark Fantasy",A popular game by Bethesda Game Studios.,Bethesda Game Studios,Bethesda Softworks
2567870,Chained Together,,"Co-op, Adventure, Casual, Platformer, Puzzle-Platformer, Simulation, Action-Adventure, 3D Platformer, Third Person, Exploration, Funny, Online Co-Op, Multiplayer, Post-apocalyptic, Mystery, Emotional, Physics, Surreal, Controller, Choices Matter","A popular game by Anegar Games, Lab42.","Anegar Games, Lab42",Secret Mode
1238860,Battlefield 4,,"Multiplayer, FPS, Singleplayer, Shooter, Military, War, Action, First-Person, PvP, Co-op, Destruction, Violent, Massively Multiplayer, Controller, Tactical, Story Rich, Open World, Online Co-Op, Strategy, Great Soundtrack",A popular game by DICE.,DICE,Electronic Arts
1971870,Mortal Kombat 1,,"Fighting, Action, Gore, Multiplayer, 2D Fighter, Blood, Martial Arts, Violent, PvP, Arcade, Story Rich, Singleplayer, Character Customization, 2.5D, Atmospheric, Competitive, Mature, Local Co-Op, Horror, 3D","A popular game by NetherRealm Studios, QLOC.","NetherRealm Studios, QLOC",Warner Bros. Games
883710,Resident Evil 2,,"Zombies, Survival Horror, Horror, Singleplayer, Remake, Third Person, Gore, Action, Puzzle, Atmospheric, Story Rich, Violent, Multiplayer, Survival, Classic, Female Protagonist, Dark, Shooter, Adventure, Difficult","A popular game by CAPCOM Co., Ltd..","CAPCOM Co., Ltd.","CAPCOM Co., Ltd."
1263850,Football Manager 2021,,"Sports, Simulation, Management, Football (Soccer), Singleplayer, Multiplayer, Football (American), Strategy, Co-op, Free to Play",A popular game by Sports Interactive.,Sports Interactive,SEGA
453480,Shadowverse CCG,,"Free to Play, Card Battler, Trading Card Game, Deckbuilding, Anime, Card Game, Strategy, Sexual Content, Multiplayer, Nudity, Fantasy, Turn-Based, PvP, Singleplayer, Competitive, Cute, Casual, RPG, JRPG, Adventure","A popular game by Cygames, Inc..","Cygames, Inc.","Cygames, Inc., Cygames Korea Inc."
1919590,NBA 2K23,,"Immersive Sim, Basketball, Sports, Simulation, Multiplayer, PvP, Co-op, Realistic, Controller, Local Co-Op, Singleplayer, Online Co-Op, Character Customization, 3D, Trading, 4 Player Local, Local Multiplayer, e-sports, Team-Based, Management",A popular game by Visual Concepts.,Visual Concepts,2K
346900,AdVenture Capitalist,,"Clicker, Idler, Management, Capitalism, Automation, Real-Time, Point & Click, Strategy, Character Customization, Relaxing, 2D, Funny, Casual, Simulation, Family Friendly, Comedy, Adventure, Memes, Singleplayer, Free to Play",A popular game by Hyper Hippo Games.,Hyper Hippo Games,Hyper Hippo Games
880940,Pummel Party,,"Multiplayer, Funny, Online Co-Op, 4 Player Local, Board Game, Party Game, Minigames, Local Multiplayer, Casual, Co-op, Party, Local Co-Op, Action, Indie, Comedy, Tabletop, Controller, Gore, Colorful, Singleplayer",A popular game by Rebuilt Games.,Rebuilt Games,Rebuilt Games
365360,Battle Brothers,,"Strategy, RPG, Medieval, Open World, Turn-Based Tactics, Turn-Based Strategy, Character Customization, War, Sandbox, Tactical, Simulation, Action, Tactical RPG, Turn-Based Combat, Replay Value, Moddable, Turn-Based, Singleplayer, Historical, Adventure",A popular game by Overhype Studios.,Overhype Studios,"Hooded Horse, Overhype Studios"
1041320,Lords Mobile,,"Free to Play, Strategy, Massively Multiplayer, NSFW, War, LGBTQ+, Gore, Anime, Multiplayer, RPG, Memes, Illuminati, RTS, Casual, Family Friendly, Mature, MMORPG, Female Protagonist, Dating Sim, World War II",A popular game by IGG SINGAPORE PTE. LTD..,IGG SINGAPORE PTE. LTD.,IGG SINGAPORE PTE. LTD.
9900,Star Trek Online,,"Free to Play, Sci-fi, Massively Multiplayer, Space, MMORPG, RPG, Open World, Multiplayer, Character Customization, Action, Third Person, Adventure, Singleplayer, PvE, Online Co-Op, Co-op, PvP, Strategy, Action RPG, Tactical",A popular game by Cryptic Studios.,Cryptic Studios,Arc Games
1940340,Darkest Dungeon II,,"Turn-Based Tactics, Dungeon Crawler, Rogue-lite, Dark Fantasy, Lovecraftian, Singleplayer, Rogue-like, Perma Death, Turn-Based, CRPG, Story Rich, Turn-Based Combat, Party-Based RPG, 2D, Gothic, Hand-drawn, RPG, Procedural Generation, Turn-Based Strategy, Stylized",A popular game by Red Hook Studios.,Red Hook Studios,Red Hook Studios
436150,Governor of Poker 3,,"Gambling, Card Game, Free to Play, Multiplayer, Sports, Character Customization, Massively Multiplayer, Strategy, Western, Relaxing, Team-Based, Conversation, Casual, Resource Management, Simulation, PvP, Cartoony, Gaming, Family Friendly, Party",A popular game by Playtika Ltd..,Playtika Ltd.,Playtika Ltd.
1343370,Old School RuneScape,,"MMORPG, Free to Play, Nostalgia, Adventure, Fantasy, Story Rich, Massively Multiplayer, Multiplayer, RPG, Character Customization, Third Person, PvE, Open World, Old School, PvP, Great Soundtrack, Classic, Exploration, Cult Classic, Lore-Rich",A popular game by Jagex Ltd.,Jagex Ltd,Jagex Ltd
1840,Source Filmmaker,,"Animation & Modeling, Free to Play, Video Production, Software, Movie, Difficult, Sandbox, Funny, Comedy, Singleplayer, Moddable, Character Customization, Memes, Survival Horror, Games Workshop, 3D, Anime, Great Soundtrack, Souls-like, Family Friendly",A popular game by Valve.,Valve,Valve
516750,My Summer Car,,"Automobile Sim, Simulation, Driving, Open World, Survival, Realistic, First-Person, Building, Racing, Singleplayer, Funny, Sandbox, Difficult, Early Access, Multiplayer, Perma Death, Comedy, Indie, Adventure, Psychological Horror",A popular game by Amistech Games.,Amistech Games,Amistech Games
2456740,inZOI,,"Life Sim, Character Customization, Sexual Content, Realistic, Simulation, Singleplayer, Building, Romance, Sandbox, Dating Sim, Immersive Sim, City Builder, Cats, Modern, Moddable, Relaxing, Casual, Family Friendly, Cute, Early Access",A popular game by inZOI Studio.,inZOI Studio,"KRAFTON, Inc."
444090,Paladins,,"Hero Shooter, Free to Play, Multiplayer, FPS, Shooter, Action, Team-Based, First-Person, PvP, MOBA, Online Co-Op, Fantasy, Controller, Strategy, Co-op, Character Customization, Massively Multiplayer, Colorful, Adventure, Funny",A popular game by Evil Mojo Games.,Evil Mojo Games,Hi-Rez Studios
976310,Mortal Kombat 11,,"Fighting, Gore, Violent, Multiplayer, Blood, Action, 2D Fighter, Mature, Local Multiplayer, Competitive, Singleplayer, Character Customization, Story Rich, Great Soundtrack, Atmospheric, Cute, Sexual Content, Arcade, 2.5D, Horror","A popular game by NetherRealm Studios, QLOC, Shiver.","NetherRealm Studios, QLOC, Shiver","Warner Bros. Games, Warner Bros. Interactive Entertainment"
404790,Godot Engine,,"Game Development, Utilities, Software, 3D, 2D, Free to Play, Programming",A popular game by Godot Engine.,Godot Engine,Godot Engine
1100600,Football Manager 2020,,"Simulation, Sports, Management, Football (Soccer), Football (American), Multiplayer, Strategy, Singleplayer, Tactical",A popular game by Sports Interactive.,Sports Interactive,SEGA
1888160,ARMORED CORE VI FIRES OF RUBICON,,"Mechs, Character Customization, Action, Robots, Third Person, Combat, Fast-Paced, Sci-fi, 3D, Souls-like, Multiplayer, Futuristic, Post-apocalyptic, Singleplayer, Difficult, Vehicular Combat, Soundtrack, Military, Action-Adventure, Atmospheric","A popular game by FromSoftware, Inc..","FromSoftware, Inc.","FromSoftware, Inc., Bandai Namco Entertainment Inc."
433850,Z1 Battle Royale,,"Survival, Massively Multiplayer, Multiplayer, Open World, Battle Royale, PvP, FPS, Action, Shooter, Free to Play, Third-Person Shooter, Zombies, Co-op, Early Access, Online Co-Op, Adventure, First-Person, Violent, Gore, Walking Simulator",A popular game by Daybreak Game Company.,Daybreak Game Company,Daybreak Game Company
1046930,Dota Underlords,,"Free to Play, Strategy, Auto Battler, Casual, Multiplayer, Tactical, Chess, Turn-Based Tactics, Turn-Based, Mature, Competitive, Fantasy, Board Game, Card Game, Deckbuilding, Singleplayer, PvP, Co-op, Automation, MOBA",A popular game by Valve.,Valve,Valve
2420110,Horizon Forbidden West Complete Edition,,"Open World, Singleplayer, Female Protagonist, Action, Exploration, RPG, Post-apocalyptic, Story Rich, Third Person, Sci-fi, Robots, Action RPG, Adventure, Atmospheric, LGBTQ+, Great Soundtrack, Controller, Action-Adventure, Stealth, Politics","A popular game by Guerrilla, Nixxes Software.","Guerrilla, Nixxes Software",PlayStation Publishing LLC
588430,Fallout Shelter,,"Free to Play, Base-Building, Survival, Post-apocalyptic, Singleplayer, Management, Simulation, Strategy, 2D, Building, Casual, Crafting, Adventure, Multiplayer, Sandbox, RPG, Funny, Atmospheric, Action, Great Soundtrack",A popular game by Bethesda Game Studios.,Bethesda Game Studios,Bethesda Softworks
881020,Granblue Fantasy: Relink,,"Anime, JRPG, Action RPG, Action, Online Co-Op, Multiplayer, Fantasy, RPG, Singleplayer, Female Protagonist, Third Person, Spectacle fighter, Hack and Slash, 3D, Controller, Magic, Swordplay, PvE, Dragons, Tutorial","A popular game by Cygames, Inc..","Cygames, Inc.","Cygames, Inc."
1044720,Farthest Frontier,,"Early Access, Historical, Agriculture, Medieval, 4X, Immersive Sim, City Builder, Resource Management, Top-Down, RTS, Strategy, Management, Base-Building, Building, Simulation, Economy, Survival, Farming, Action RTS, War",A popular game by Crate Entertainment.,Crate Entertainment,Crate Entertainment
1335200,Action Taimanin,,"Sexual Content, Nudity, Hentai, Mature, Free to Play, NSFW, Female Protagonist, Anime, 3D, Action, Hack and Slash, RPG, Singleplayer, Fighting, Action RPG, Adventure, Third Person, Ninja, Multiplayer, FPS",A popular game by LiLith.,LiLith,Infini-Brain inc.
383120,Empyrion - Galactic Survival,,"Simulation, Co-op, Open World Survival Craft, Space, Survival, Building, Open World, Exploration, Space Sim, Sandbox, Voxel, Physics, Multiplayer, Singleplayer, Sci-fi, PvE, PvP, Crafting, Strategy, FPS",A popular game by Eleon Game Studios.,Eleon Game Studios,Eleon Game Studios
1139980,Travellers Rest,,"Life Sim, Pixel Graphics, Management, Farming Sim, RPG, Medieval, Crafting, Immersive Sim, Building, Collectathon, Fantasy, Resource Management, Singleplayer, Colorful, Adventure, Indie, Isometric, Early Access, Inventory Management, Simulation",A popular game by Isolated Games.,Isolated Games,"Isolated Games, IndieArk"
838350,The Scroll of Taiwu : Beyond The Dome,,"RPG, Martial Arts, Sandbox, Open World, Strategy, Indie, Early Access, Singleplayer, Adventure, Simulation, Casual, Rogue-lite, Mythology, Dating Sim, Building, Rogue-like, 2D, Strategy RPG, Anime, CRPG",A popular game by ConchShip Games.,ConchShip Games,ConchShip Games
1259970,eFootball PES 2021 SEASON UPDATE,,"Sports, Football (Soccer), Multiplayer, e-sports, Realistic, Local Multiplayer, Co-op, Singleplayer, Football (American), Local Co-Op, Online Co-Op, Controller, Psychological Horror, Free to Play, Simulation, Team-Based, Casual, Horror, Sexual Content",A popular game by Konami Digital Entertainment.,Konami Digital Entertainment,Konami Digital Entertainment
361420,ASTRONEER,,"Multiplayer, Open World, Open World Survival Craft, Survival, Space, Exploration, Base-Building, Co-op, Sandbox, Adventure, Building, Crafting, Sci-fi, Automation, Singleplayer, Colorful, Third Person, Atmospheric, Simulation, Indie",A popular game by System Era Softworks.,System Era Softworks,System Era Softworks
787860,Farming Simulator 19,,"Simulation, Farming Sim, Multiplayer, Agriculture, Realistic, Driving, Open World, Singleplayer, Management, Automobile Sim, Moddable, Co-op, Resource Management, Relaxing, First-Person, Online Co-Op, Economy, Family Friendly, Atmospheric, Strategy",A popular game by GIANTS Software.,GIANTS Software,GIANTS Software
552100,Brick Rigs,,"Sandbox, Destruction, Building, Multiplayer, LEGO, Open World, Physics, Family Friendly, Driving, Simulation, Funny, Early Access, Racing, Action, First-Person, Zombies, Singleplayer, FPS, Gun Customization, Flight",A popular game by Fluppisoft GmbH.,Fluppisoft GmbH,Fluppisoft GmbH
431240,Golf With Your Friends,,"Multiplayer, Casual, Mini Golf, Sports, Golf, Indie, Funny, Family Friendly, Co-op, Singleplayer, Early Access, Physics, Simulation, Strategy, Great Soundtrack, Local Multiplayer, Difficult, Memes, Massively Multiplayer, Online Co-Op","A popular game by Blacklight Interactive, Team17.","Blacklight Interactive, Team17",Team17
1113000,Persona 4 Golden,,"JRPG, Great Soundtrack, Story Rich, Anime, Turn-Based Combat, RPG, Singleplayer, Party-Based RPG, Mystery, Emotional, Multiple Endings, Turn-Based Strategy, Detective, Dating Sim, Colorful, Adventure, Strategy, Visual Novel, Violent, Turn-Based",A popular game by ATLUS.,ATLUS,SEGA
1336490,Against the Storm,,"Strategy, City Builder, Simulation, Base-Building, Colony Sim, Management, Building, Resource Management, Rogue-like, Survival, Dark Fantasy, Sandbox, Real-Time with Pause, Open World, Singleplayer, Moddable, RTS, Economy, Replay Value, Automation",A popular game by Eremite Games.,Eremite Games,Hooded Horse
1149620,Gas Station Simulator,,"Simulation, Economy, Building, Singleplayer, Management, Casual, Base-Building, First-Person, Open World, Realistic, Relaxing, Education, Multiplayer, Funny, Design & Illustration, Driving, Memes, Destruction, Choices Matter, Family Friendly",A popular game by DRAGO entertainment.,DRAGO entertainment,"DRAGO entertainment, Shochiku"
477160,Human Fall Flat,,"Co-op, Funny, Puzzle, Adventure, Physics, Multiplayer, Sandbox, Puzzle-Platformer, Action, Open World, Local Co-Op, Indie, Local Multiplayer, Comedy, Parkour, Casual, Split Screen, Singleplayer, 3D Platformer, Simulation",A popular game by No Brakes Games.,No Brakes Games,Curve Games
1790600,DRAGON BALL: Sparking! ZERO,,"Anime, Action, Multiplayer, 3D Fighter, Local Multiplayer, Fighting, PvP, Combat, Martial Arts, Singleplayer, Competitive, 3D, Physics, Third Person, 2.5D, Co-op, Action-Adventure, PvE, Open World, Spectacle fighter","A popular game by Spike Chunsoft Co., Ltd..","Spike Chunsoft Co., Ltd.",Bandai Namco Entertainment
1371980,No Rest for the Wicked,,"Early Access, Open World, Souls-like, Action RPG, Combat, Cinematic, Exploration, Hack and Slash, Colorful, Immersive Sim, Character Customization, RPG, 3D, Isometric, Controller, Action, Stylized, Dark Fantasy, Gothic, Atmospheric",A popular game by Moon Studios GmbH.,Moon Studios GmbH,Moon Studios GmbH
599140,Graveyard Keeper,,"Pixel Graphics, Crafting, RPG, Simulation, Sandbox, Management, Indie, Singleplayer, Medieval, Building, Adventure, Dark Humor, Agriculture, 2D, Fantasy, Story Rich, Dark, Mystery, Gore, Violent",A popular game by Lazy Bear Games.,Lazy Bear Games,tinyBuild
1210320,Potion Craft: Alchemist Simulator,,"Crafting, Singleplayer, Relaxing, Simulation, Medieval, Management, Indie, 2D, Life Sim, RPG, Sandbox, Casual, Resource Management, Hand-drawn, Farming Sim, Trading, Choices Matter, Point & Click, Historical, Capitalism",A popular game by niceplay games.,niceplay games,tinyBuild
34030,Total War: NAPOLEON – Definitive Edition,,"Strategy, Historical, Grand Strategy, War, Turn-Based Strategy, RTS, Multiplayer, Tactical, Military, Singleplayer, Real Time Tactics, Turn-Based, Action, Turn-Based Tactics, Simulation, Co-op, Naval, Great Soundtrack, Moddable, Classic","A popular game by CREATIVE ASSEMBLY, Feral Interactive (Mac).","CREATIVE ASSEMBLY, Feral Interactive (Mac)","SEGA, Feral Interactive (Mac)"
753640,Outer Wilds,,"Exploration, Space, Mystery, Story Rich, Adventure, Great Soundtrack, Atmospheric, Puzzle, Open World, Singleplayer, Indie, Sci-fi, Horror, First-Person, Beautiful, Psychological Horror, Epic, 3D, Simulation, Action",A popular game by Mobius Digital.,Mobius Digital,Annapurna Interactive
242050,Assassin’s Creed IV Black Flag,,"Pirates, Open World, Assassin, Adventure, Action, Stealth, Parkour, Third Person, Naval, Multiplayer, Historical, Story Rich, Singleplayer, Exploration, Action-Adventure, Naval Combat, Atmospheric, RPG, Mature, Action RPG",A popular game by Ubisoft Montreal.,Ubisoft Montreal,Ubisoft
632470,Disco Elysium - The Final Cut,,"RPG, Story Rich, Choices Matter, Detective, Isometric, Atmospheric, Singleplayer, Point & Click, CRPG, Noir, Political, Surreal, Visual Novel, Exploration, Funny, Indie, Adventure, Open World, Character Customization, Sexual Content",A popular game by ZA/UM.,ZA/UM,ZA/UM
975370,Dwarf Fortress,,"Dwarf, Colony Sim, Strategy, Simulation, Base-Building, City Builder, Sandbox, Management, Building, Survival, Rogue-like, Open World, Procedural Generation, Resource Management, Fantasy, Crafting, Economy, Moddable, Difficult, Exploration",A popular game by Bay 12 Games.,Bay 12 Games,Kitfox Games
1397920,Mr.Mine,,"Idler, Clicker, Simulation, Strategy, Mining, Casual, Indie, 2D, Pixel Graphics, Resource Management, Free to Play, Singleplayer, Adventure, Building, Crafting, RPG, Management, Cartoony, Cartoon, Comedy",A popular game by Playsaurus.,Playsaurus,Playsaurus
670290,Real Pool 3D - Poolians,,"Pool, Sports, Free to Play, Multiplayer, Simulation, Casual, Indie, Massively Multiplayer, Strategy, VR, Relaxing, Shooter, Singleplayer, FPS, Funny, PvP, Action, Co-op, 3D, Psychological Horror",A popular game by Poolians.com.,Poolians.com,Poolians.com
387990,Scrap Mechanic,,"Building, Sandbox, Multiplayer, Survival, Open World, Physics, Crafting, Base-Building, Co-op, First-Person, Adventure, Singleplayer, Third Person, Funny, Simulation, Early Access, Action, Indie, Moddable, Online Co-Op",A popular game by Axolot Games.,Axolot Games,Axolot Games
362890,Black Mesa,,"FPS, Remake, Action, Sci-fi, First-Person, Singleplayer, Shooter, Atmospheric, Classic, Story Rich, Great Soundtrack, Aliens, Zombies, Adventure, Horror, Multiplayer, Indie, Mod, Early Access, Gore",A popular game by Crowbar Collective.,Crowbar Collective,Crowbar Collective
585420,Trailmakers,,"Space, Action, Family Friendly, Co-op Campaign, Online Co-Op, Singleplayer, Adventure, Action-Adventure, Colorful, Building, Racing, Open World, Sandbox, Vehicular Combat, Multiplayer, Crafting, Survival, Exploration, Physics, Jet",A popular game by Flashbulb.,Flashbulb,Flashbulb
211820,Starbound,,"Open World Survival Craft, Sandbox, Survival, Space, Adventure, Crafting, Pixel Graphics, Online Co-Op, Multiplayer, Open World, Exploration, Relaxing, Indie, 2D, Action, Building, Co-op, RPG, Atmospheric, Sci-fi",A popular game by Chucklefish.,Chucklefish,Chucklefish
459820,Crush Crush,,"Sexual Content, Nudity, Free to Play, Hentai, Dating Sim, Anime, Mature, Clicker, Cute, Singleplayer, NSFW, Romance, Visual Novel, Casual, Funny, Comedy, Indie, Female Protagonist, Memes, Resource Management",A popular game by Sad Panda Studios.,Sad Panda Studios,Sad Panda Studios
2552430,KINGDOM HEARTS -HD 1.5+2.5 ReMIX-,,"Action, RPG, Adventure, JRPG, Great Soundtrack, Action-Adventure, Emotional, Story Rich, Singleplayer, Fantasy, 3D, Magic, Colorful, Action RPG, Atmospheric, Anime, Cute, Character Action Game, Classic, Hack and Slash",A popular game by Square Enix.,Square Enix,Square Enix
646910,The Crew 2,,"Racing, Open World, Automobile Sim, Multiplayer, Driving, Massively Multiplayer, Action, Flight, Co-op, Singleplayer, Arcade, Online Co-Op, First-Person, Third Person, Simulation, America, Sports, Atmospheric, Sandbox, Adventure",A popular game by Ivory Tower.,Ivory Tower,Ubisoft
360430,Mafia III: Definitive Edition,,"Crime, Open World, Action, Story Rich, Singleplayer, Third Person, Violent, Shooter, Atmospheric, Great Soundtrack, Third-Person Shooter, Adventure, Nudity, Stealth, Multiplayer, Classic, Mature, Sandbox, Gore, FPS","A popular game by Hangar 13, Aspyr (Mac).","Hangar 13, Aspyr (Mac)","2K, Aspyr (Mac)"
1286680,Tiny Tina's Wonderlands,,"Loot, Adventure, Looter Shooter, Multiplayer, Shooter, RPG, FPS, Fantasy, Online Co-Op, Action, Comedy, Co-op, Singleplayer, Character Customization, Stylized, Narration, PvE, Class-Based, Local Co-Op, 3D",A popular game by Gearbox Software.,Gearbox Software,2K
228200,Company of Heroes,,"Strategy, World War II, RTS, War, Singleplayer, Multiplayer, Action, Military, Tactical, Violent, Historical, Base-Building, Co-op, Real Time Tactics, Classic, Moddable, Mod, Story Rich, Mature, Great Soundtrack",A popular game by Relic Entertainment.,Relic Entertainment,Relic Entertainment
447040,Watch_Dogs 2,,"Open World, Hacking, Illuminati, Multiplayer, Parkour, Action, Stealth, Third Person, Shooter, Crime, Singleplayer, Third-Person Shooter, Adventure, Co-op, Mature, Atmospheric, Story Rich, Sandbox, Funny, FPS",A popular game by Ubisoft.,Ubisoft,Ubisoft
433340,Slime Rancher,,"Cute, Exploration, Adventure, Singleplayer, Open World, First-Person, Colorful, Funny, Sandbox, Casual, Simulation, Management, Fantasy, Family Friendly, Indie, Great Soundtrack, Female Protagonist, Action, Early Access, FPS",A popular game by Monomi Park.,Monomi Park,Monomi Park
1922560,Plants vs. Zombies Garden Warfare 2: Deluxe Edition,,"Zombies, Hero Shooter, PvP, Third-Person Shooter, Funny, Action, Character Customization, Multiplayer, Shooter, Team-Based, Third Person, Controller, Casual, Cute, Colorful, Cartoon, Combat, Atmospheric, Co-op, Online Co-Op",A popular game by PopCap.,PopCap,Electronic Arts
960170,DJMAX RESPECT V,,"Rhythm, Music, Casual, Action, Anime, Multiplayer, Singleplayer, 2D, Competitive, Arcade, Cute, Early Access, Difficult, 3D, Pixel Graphics, Fantasy, PvP, PvE, Sports, Great Soundtrack",A popular game by NEOWIZ.,NEOWIZ,NEOWIZ
1533390,Gorilla Tag,,"VR, Psychological Horror, Multiplayer, First-Person, Funny, Parkour, Horror, 3D, 3D Platformer, PvP, Action, Nature, Survival Horror, Physics, Casual, Platformer, Moddable, 6DOF, Early Access, Minimalist",A popular game by Another Axiom Inc..,Another Axiom Inc.,Another Axiom Inc.
1584090,Touhou Mystia's Izakaya,,"Pixel Graphics, Casual, Simulation, RPG, Time Management, Faith, Anime, Comedy, JRPG, Cooking, 2D, Capitalism, Female Protagonist, Story Rich, Drama, Clicker, Cartoon, 1990's, Old School, Economy","A popular game by 二色幽紫蝶, Re零同人社.","二色幽紫蝶, Re零同人社","二色幽紫蝶, Re零同人社"
544730,Catan Universe,,"Board Game, Multiplayer, Casual, Strategy, Free to Play, Card Game, Tabletop, Singleplayer",A popular game by Client/Frontend: Endava  / Backend: SuperNimbus.,Client/Frontend: Endava  / Backend: SuperNimbus,USM
2000950,Call of Duty: Modern Warfare,,"Action, Singleplayer, FPS, Multiplayer, Shooter, Military, First-Person, Tactical, Story Rich, Modern, Co-op, Gun Customization, PvP, Gore, Violent, Online Co-Op, Realistic, Battle Royale, War, Zombies","A popular game by Infinity Ward, Beenox, High Moon Studios, Raven Software.","Infinity Ward, Beenox, High Moon Studios, Raven Software",Activision
690830,Foundation,,"City Builder, Simulation, Medieval, Strategy, Sandbox, Resource Management, Management, Relaxing, Atmospheric, Economy, Building, Indie, Singleplayer, Base-Building, Colony Sim, Open World, Survival, RTS, Choices Matter, Early Access",A popular game by Polymorph Games.,Polymorph Games,Polymorph Games
312520,Rain World,,"Difficult, Atmospheric, Survival, Exploration, Indie, Pixel Graphics, Platformer, 2D, Post-apocalyptic, Open World, Adventure, 2D Platformer, Cute, Survival Horror, Metroidvania, Physics, Singleplayer, Simulation, Souls-like, Action",A popular game by Videocult.,Videocult,Akupara Games
1599600,PlateUp!,,"Co-op, Management, Cooking, Rogue-lite, Building, Local Co-Op, Rogue-like, Cute, Procedural Generation, Funny, Base-Building, Casual, 4 Player Local, Online Co-Op, Controller, Strategy, Action Roguelike, Top-Down, Singleplayer, Action",A popular game by It's happening.,It's happening,"Yogscast Games, Gamersky Games"
1501750,Lords of the Fallen,,"Souls-like, Exploration, Combat, Action, Dark Fantasy, RPG, Dragons, Story Rich, Online Co-Op, Action RPG, Singleplayer, Action-Adventure, Adventure, Medieval, Lore-Rich, Magic, Character Customization, Multiplayer, Fantasy, Open World",A popular game by CI Games.,CI Games,CI Games
787480,Phoenix Wright: Ace Attorney Trilogy,,"Detective, Visual Novel, Story Rich, Mystery, Great Soundtrack, Anime, Singleplayer, Crime, Adventure, Puzzle, Point & Click, Funny, Classic, Cult Classic, Comedy, 2D, Conversation, Memes, Dynamic Narration, LGBTQ+","A popular game by CAPCOM Co., Ltd..","CAPCOM Co., Ltd.","CAPCOM Co., Ltd."
397900,Business Tour - Board Game with Online Multiplayer,,"Board Game, Free to Play, Multiplayer, Strategy, Casual, Massively Multiplayer, Indie, Co-op, Capitalism, Online Co-Op, Funny, Management, Family Friendly, Adventure, Singleplayer, Trading, Simulation, Tabletop, Psychological Horror, Comedy",A popular game by 8Floor.,8Floor,8Floor
1845910,Dragon Age: The Veilguard,,"LGBTQ+, Fantasy, Singleplayer, RPG, Politics, Action RPG, Strategy, CRPG, Turn-Based Tactics, Character Customization, Action, Third Person, Adventure, Dragons, Magic, Romance, Story Rich, Multiple Endings, Lore-Rich, Choices Matter",A popular game by BioWare.,BioWare,Electronic Arts
266840,Age of Mythology: Extended Edition,,"Strategy, Mythology, RTS, Classic, Multiplayer, Nostalgia, Great Soundtrack, Singleplayer, Epic, Fantasy, Simulation, Historical, Real-Time, Atmospheric, Tactical, Co-op, Adventure, Story Rich, Remake, Action","A popular game by SkyBox Labs, Ensemble Studios, Forgotten Empires.","SkyBox Labs, Ensemble Studios, Forgotten Empires",Xbox Game Studios
774801,Crab Champions,,"Early Access, Action Roguelike, Soundtrack, Looter Shooter, Rogue-like, Arcade, Multiplayer, Third-Person Shooter, 3D, Co-op, Bullet Hell, Casual, Shooter, Action, Platformer, PvE, Perma Death, Choices Matter, Memes, Relaxing",A popular game by Noisestorm.,Noisestorm,Noisestorm
212500,The Lord of the Rings Online,,"Free to Play, MMORPG, Massively Multiplayer, Open World, Fantasy, RPG, Adventure, Multiplayer, Character Customization, Based On A Novel, Exploration, Action, Story Rich, Online Co-Op, Co-op, Survival, Third Person, Singleplayer, PvP, Dark Fantasy",A popular game by Standing Stone Games.,Standing Stone Games,Daybreak Game Company LLC
2835570,Buckshot Roulette,,"Multiplayer, Dark, Gambling, Horror, First-Person, Strategy, Singleplayer, Indie, 3D, Psychological, Puzzle, Psychological Horror, Blood, Experimental, Action, Rogue-like, Simulation, Surreal, FPS, Rogue-lite",A popular game by Mike Klubnika.,Mike Klubnika,CRITICAL REFLEX
418370,Resident Evil 7 Biohazard,,"Horror, Survival Horror, First-Person, Singleplayer, Gore, Atmospheric, Zombies, VR, Psychological Horror, Action, Violent, Survival, Puzzle, Story Rich, Adventure, Multiplayer, FPS, Exploration, Shooter, Classic","A popular game by CAPCOM Co., Ltd..","CAPCOM Co., Ltd.","CAPCOM Co., Ltd."
2551020,One-armed robber,,"Free to Play, Multiplayer, Heist, Co-op, Action, Simulation, FPS, Funny, Strategy, First-Person, Shooter, Stealth, 3D, Singleplayer, Physics, VR, Tactical, Real Time Tactics, Indie, Stylized",A popular game by Duhndal.,Duhndal,Duhndal
233450,Prison Architect,,"Simulation, Building, Sandbox, Base-Building, Colony Sim, Strategy, Management, City Builder, 2D, Top-Down, Multiplayer, Resource Management, Economy, Singleplayer, Moddable, Capitalism, Funny, Replay Value, Indie, Casual","A popular game by Introversion Software, Double Eleven.","Introversion Software, Double Eleven",Paradox Interactive
391220,Rise of the Tomb Raider,,"Adventure, Action, Female Protagonist, Singleplayer, Third Person, Exploration, Open World, Action-Adventure, Story Rich, Survival, Puzzle, Stealth, Atmospheric, Third-Person Shooter, Parkour, Shooter, RPG, Multiplayer, Great Soundtrack, Quick-Time Events","A popular game by Crystal Dynamics, Eidos-Montréal, Feral Interactive (Mac), Feral Interactive (Linux), Nixxes.","Crystal Dynamics, Eidos-Montréal, Feral Interactive (Mac), Feral Interactive (Linux), Nixxes","Crystal Dynamics, Feral Interactive (Mac), Feral Interactive (Linux)"
359870,FINAL FANTASY X/X-2 HD Remaster,,"JRPG, Turn-Based Combat, Story Rich, RPG, Great Soundtrack, Fantasy, Singleplayer, Classic, Adventure, Turn-Based, Romance, Atmospheric, Female Protagonist, Anime, Linear, Action, Remake, Open World, Puzzle, Sci-fi",A popular game by Square Enix.,Square Enix,Square Enix
500,Left 4 Dead,,"Zombies, Co-op, Multiplayer, FPS, Action, Horror, Shooter, Online Co-Op, Survival, Team-Based, First-Person, Post-apocalyptic, Singleplayer, Atmospheric, Moddable, Adventure, Tactical, Replay Value, Competitive, Female Protagonist",A popular game by Valve.,Valve,Valve
365590,Tom Clancy’s The Division,,"Open World, Looter Shooter, Multiplayer, Third-Person Shooter, Action, Co-op, Shooter, RPG, Online Co-Op, Post-apocalyptic, Survival, Massively Multiplayer, Tactical, Third Person, Singleplayer, MMORPG, Adventure, Atmospheric, FPS, Stealth",A popular game by Massive Entertainment.,Massive Entertainment,Ubisoft
2054970,Dragon's Dogma 2,,"Open World, RPG, Action RPG, Fantasy, Singleplayer, Action, Adventure, Dragons, Magic, Action-Adventure, Medieval, Character Customization, Swordplay, Third Person, Physics, Artificial Intelligence, Lore-Rich, Multiplayer, 3D, PvE","A popular game by CAPCOM Co., Ltd..","CAPCOM Co., Ltd.","CAPCOM Co., Ltd."
361280,Turmoil,,"Management, Mining, Strategy, Time Management, Resource Management, Turn-Based Strategy, Multiplayer, Asynchronous Multiplayer, Singleplayer, Relaxing, 2D, Capitalism, Economy, Turn-Based Tactics, Simulation, Indie, Real Time Tactics, Historical, PvE, PvP",A popular game by Gamious.,Gamious,Gamious
629760,MORDHAU,,"Medieval, Multiplayer, First-Person, Swordplay, Gore, PvP, Online Co-Op, Action, Fighting, PvE, Character Customization, Hack and Slash, Third Person, Team-Based, Realistic, Competitive, Historical, Indie, FPS, Survival",A popular game by Triternion.,Triternion,Triternion
885970,Total War: ROME REMASTERED,,"Strategy, Grand Strategy, Turn-Based Strategy, Action, RTS, Rome, 4X, Real Time Tactics, Wargame, Historical, Diplomacy, Tactical, War, Multiplayer, Singleplayer, Turn-Based Combat, Turn-Based Tactics, Remake, Medieval, Classic","A popular game by Creative Assembly, Feral Interactive.","Creative Assembly, Feral Interactive",SEGA
1462040,FINAL FANTASY VII REMAKE INTERGRADE,,"RPG, Action RPG, JRPG, Singleplayer, Action-Adventure, Party-Based RPG, Spectacle fighter, Third Person, Action, Controller, Adventure, 3D, Fantasy, 3D Platformer, Magic, Story Rich, Cinematic, Realistic, Drama, Sci-fi",A popular game by Square Enix.,Square Enix,Square Enix
304050,Trove,,"Free to Play, Open World, Sandbox, Pixel Graphics, Fantasy, MMORPG, Voxel, Multiplayer, Crafting, Family Friendly, Replay Value, RPG, Building, Procedural Generation, Adventure, Dungeon Crawler, Massively Multiplayer, Nostalgia, Action, Colorful",A popular game by gamigo US Inc..,gamigo US Inc.,gamigo US Inc.
282070,This War of Mine,,"Survival, War, Atmospheric, Singleplayer, Strategy, Choices Matter, Simulation, Crafting, Base-Building, Resource Management, Post-apocalyptic, Management, Story Rich, Indie, Emotional, Realistic, 2.5D, Psychological, Drama, Stealth",A popular game by 11 bit studios.,11 bit studios,11 bit studios
704450,Neverwinter Nights: Enhanced Edition,,"RPG, Dungeons & Dragons, Fantasy, Character Customization, CRPG, Multiplayer, Real-Time with Pause, Story Rich, Adventure, Magic, Moddable, Online Co-Op, Co-op, Retro, Atmospheric, Action RPG, Female Protagonist, Action, Singleplayer, Action-Adventure",A popular game by Beamdog.,Beamdog,Beamdog
1418630,Dread Hunger,,"Multiplayer, Survival, Social Deduction, Online Co-Op, Co-op, Horror, Psychological, PvP, Team-Based, Strategy, Gore, Indie, Funny, Action, Difficult, First-Person, Blood, Dark, Adventure, Atmospheric",A popular game by Dread Hunger Team.,Dread Hunger Team,Digital Confectioners
40970,Stronghold Crusader HD (2012),,"Military, City Builder, Real Time Tactics, Medieval, Colony Sim, Building, War, Base-Building, Strategy, Sandbox, Management, Real-Time, Resource Management, Isometric, RTS, Economy, Historical, 2D, Tower Defense, Simulation",A popular game by Firefly Studios.,Firefly Studios,Firefly Studios
625960,Stoneshard,,"RPG, Rogue-like, Strategy, Pixel Graphics, Survival, Turn-Based, Open World Survival Craft, Procedural Generation, Singleplayer, 2D, Dungeon Crawler, Turn-Based Combat, Dark Fantasy, Indie, Difficult, Medieval, Replay Value, Sandbox, Early Access, Open World",A popular game by Ink Stains Games.,Ink Stains Games,HypeTrain Digital
1718570,ASTLIBRA Revision,,"Action RPG, 2D, Side Scroller, JRPG, Drama, Metroidvania, RPG, Time Travel, Fantasy, Spectacle fighter, Action, Dragons, Swordplay, Demons, Gothic, Futuristic, Modern, Mythology, Adventure, Supernatural",A popular game by KEIZO.,KEIZO,WhisperGames
1419170,My Singing Monsters,,"Creature Collector, Simulation, Casual, Farming Sim, Colony Sim, Free to Play, Cute, Cartoony, Collectathon, Colorful, Family Friendly, 2.5D, Building, Relaxing, Dragons, Dinosaurs, Nature, Music, Horror, Resource Management",A popular game by Big Blue Bubble.,Big Blue Bubble,Big Blue Bubble
2881650,Content Warning,,"Online Co-Op, Horror, Multiplayer, Funny, First-Person, Co-op, Psychological Horror, Survival Horror, Exploration, Atmospheric, 3D, Dungeon Crawler, Adventure, Supernatural, Time Management, Action-Adventure, Investigation, Mystery, Sci-fi, Procedural Generation","A popular game by Zorro, Wilnyl, Philip, thePetHen, Skog.","Zorro, Wilnyl, Philip, thePetHen, Skog",Evil Landfall?
920210,LEGO Star Wars: The Skywalker Saga,,"LEGO, Adventure, Co-op, Multiplayer, Open World, Space, Local Co-Op, Action, Sci-fi, Singleplayer, Funny, Family Friendly, Third Person, Story Rich, Epic, Great Soundtrack, Memes, Beautiful, Puzzle, NSFW",A popular game by TT Games.,TT Games,"Warner Bros. Games, Warner Bros. Interactive Entertainment"
1029780,Going Medieval,,"RPG, Early Access, City Builder, Colony Sim, Singleplayer, Strategy, Moddable, Sandbox, Economy, Simulation, Management, Replay Value, Procedural Generation, Survival, 3D, Crafting, RTS, Base-Building, Indie, Building",A popular game by Foxy Voxel.,Foxy Voxel,Mythwright
244450,Men of War: Assault Squad 2,,"Strategy, World War II, War, RTS, Simulation, Action, Tactical, Military, Multiplayer, Real Time Tactics, Tanks, Realistic, Historical, Co-op, Singleplayer, Destruction, Atmospheric, Difficult, Classic, Adventure",A popular game by Digitalmindsoft.,Digitalmindsoft,Fulqrum Publishing
412020,Metro Exodus,,"Post-apocalyptic, FPS, Singleplayer, Open World, Story Rich, Atmospheric, Action, First-Person, Horror, Survival, Shooter, Stealth, Adventure, Exploration, Survival Horror, Great Soundtrack, Violent, Gore, Multiplayer, Psychological Horror",A popular game by 4A Games.,4A Games,Deep Silver
972660,Spiritfarer: Farewell Edition,,"Emotional, Story Rich, Indie, Management, Relaxing, Building, Adventure, Hand-drawn, Exploration, Female Protagonist, Atmospheric, Local Co-Op, Platformer, Co-op, Crafting, Simulation, Funny, Cartoony, Farming Sim, Fishing",A popular game by Thunder Lotus.,Thunder Lotus,Thunder Lotus
1898300,ASKA,,"Early Access, Online Co-Op, Multiplayer, Crafting, Co-op, Singleplayer, Simulation, Open World Survival Craft, Building, Survival, Base-Building, Colony Sim, Sandbox, Character Customization, Exploration, Action RPG, Dark Fantasy, Resource Management, Action-Adventure, Adventure",A popular game by Sand Sailor Studio.,Sand Sailor Studio,Thunderful Publishing
1151640,Horizon Zero Dawn Complete Edition,,"Open World, Adventure, Female Protagonist, Singleplayer, Story Rich, RPG, Action, Post-apocalyptic, Sci-fi, Robots, Third Person, Exploration, Beautiful, Atmospheric, Action RPG, Archery, Hunting, Great Soundtrack, Stealth, Dinosaurs",A popular game by Guerrilla.,Guerrilla,PlayStation Publishing LLC
223850,3DMark,,"Benchmark, Utilities, Software, 3D, FPS, Multiplayer",A popular game by UL Solutions.,UL Solutions,UL Solutions
848450,Subnautica: Below Zero,,"Open World Survival Craft, Survival, Underwater, Singleplayer, Open World, Horror, Exploration, Base-Building, Indie, Adventure, Crafting, Multiplayer, First-Person, Survival Horror, Sci-fi, Aliens, Action, Story Rich, Atmospheric, Sandbox",A popular game by Unknown Worlds Entertainment.,Unknown Worlds Entertainment,Unknown Worlds Entertainment
895400,Deadside,,"Survival, Open World Survival Craft, FPS, Post-apocalyptic, PvP, Open World, Multiplayer, Third-Person Shooter, Base-Building, Shooter, First-Person, Co-op, Realistic, Action, Crafting, Adventure, Massively Multiplayer, Online Co-Op, Third Person, Looter Shooter",A popular game by Bad Pixel.,Bad Pixel,"Bad Pixel, tinyBuild"
1057090,Ori and the Will of the Wisps,,"Beautiful, Metroidvania, Platformer, Great Soundtrack, Singleplayer, Action, Adventure, Atmospheric, Story Rich, Exploration, Cute, Action-Adventure, Puzzle, Emotional, 2D, Indie, Difficult, Fantasy, Open World, Souls-like",A popular game by Moon Studios GmbH.,Moon Studios GmbH,Xbox Game Studios
9420,Supreme Commander: Forged Alliance,,"Strategy, RTS, Sci-fi, Multiplayer, Singleplayer, Base-Building, Grand Strategy, Co-op, Moddable, Real-Time with Pause, Robots, Competitive, Real-Time, Action, Online Co-Op, Classic, War, Great Soundtrack, Space, Adventure",A popular game by Gas Powered Games.,Gas Powered Games,Square Enix
524220,NieR:Automata,,"Great Soundtrack, Story Rich, Female Protagonist, Hack and Slash, Action, Open World, RPG, JRPG, Anime, Post-apocalyptic, Singleplayer, Robots, Atmospheric, Sci-fi, Nudity, Adventure, Spectacle fighter, Bullet Hell, Character Action Game, Violent","A popular game by Square Enix, PlatinumGames Inc..","Square Enix, PlatinumGames Inc.",Square Enix
493340,Planet Coaster,,"Simulation, Building, Management, Sandbox, Family Friendly, Relaxing, Strategy, Singleplayer, Economy, Realistic, Funny, Great Soundtrack, Atmospheric, Colorful, Third Person, City Builder, Casual, 3D, God Game, Multiplayer","A popular game by Frontier Developments, Aspyr (Mac).","Frontier Developments, Aspyr (Mac)","Frontier Developments, Aspyr (Mac)"
469600,Legion TD 2 - Multiplayer Tower Defense,,"Tower Defense, Multiplayer, Auto Battler, Strategy, PvP, Replay Value, Competitive, Online Co-Op, PvE, Co-op, Base-Building, Resource Management, Fantasy, Sci-fi, Magic, 3D, Mechs, Survival, 2D, Medieval",A popular game by AutoAttack Games.,AutoAttack Games,AutoAttack Games
3146520,WEBFISHING,,"Fishing, Multiplayer, Casual, Cute, Character Customization, Psychological Horror, Creature Collector, Indie, Online Co-Op, LGBTQ+, 3D, Collectathon, Stylized, Cartoon, Third Person, Colorful, Singleplayer, Co-op, Nonlinear, Sandbox",A popular game by lamedeveloper.,lamedeveloper,lamedeveloper
1030840,Mafia: Definitive Edition,,"Open World, Crime, Story Rich, Action, Singleplayer, Adventure, Sexual Content, Multiplayer, Third-Person Shooter, Remake, Violent, Third Person, Shooter, Atmospheric, Classic, Mature, Noir, Gore, Great Soundtrack, Racing",A popular game by Hangar 13.,Hangar 13,2K
221680,Rocksmith 2014 Edition REMASTERED LEARN & PLAY,,"Music, Education, Simulation, Rhythm, Great Soundtrack, Casual, Local Co-Op, Singleplayer, Rock Music, Difficult, Moddable, Co-op, Addictive, Multiplayer","A popular game by Ubisoft - San Francisco, Ubisoft - Osaka.","Ubisoft - San Francisco, Ubisoft - Osaka",Ubisoft
1449690,The Walking Dead: The Telltale Definitive Series,,"Choices Matter, Story Rich, Interactive Fiction, Horror, Multiple Endings, Comic Book, Adventure, Choose Your Own Adventure, Post-apocalyptic, Visual Novel, Zombies, Point & Click, Atmospheric, 3D, Third Person, Dark, Dynamic Narration, Conversation, Dystopian , Narration",A popular game by Skybound Games.,Skybound Games,Skybound Games
631510,Devil May Cry HD Collection,,"Action, Hack and Slash, Great Soundtrack, Difficult, Character Action Game, Classic, Spectacle fighter, Singleplayer, Demons, Stylized, Violent, Third Person, Gore, Story Rich, Atmospheric, Adventure, Gothic, Fast-Paced, Beat 'em up, Anime","A popular game by CAPCOM Co., Ltd..","CAPCOM Co., Ltd.","CAPCOM Co., Ltd."
1435790,Escape Simulator,,"Puzzle, Co-op, Multiplayer, Escape Room, First-Person, Adventure, Online Co-Op, Mystery, Controller, Singleplayer, Family Friendly, Casual, Simulation, Indie, VR, Story Rich, Investigation, Point & Click, Exploration, Level Editor",A popular game by Pine Studio.,Pine Studio,Pine Studio
2066020,Soulstone Survivors,,"Action Roguelike, Bullet Hell, Early Access, Rogue-lite, Action RPG, Rogue-like, Top-Down, Arcade, Action, Singleplayer, Procedural Generation, Colorful, Score Attack, Controller, RPG, Dark Fantasy, Twin Stick Shooter, Crafting, Hack and Slash, Character Customization",A popular game by Game Smithing Limited.,Game Smithing Limited,Game Smithing Limited
254700,Resident Evil 4 (2005),,"Inventory Management, Survival Horror, Action, Zombies, Horror, Third-Person Shooter, Singleplayer, Adventure, Classic, Third Person, Quick-Time Events, Atmospheric, Survival, Shooter, Gore, Replay Value, Great Soundtrack, Remake, Difficult, VR",A popular game by Capcom.,Capcom,Capcom
9450,"Warhammer 40,000: Dawn of War - Soulstorm",,"Warhammer 40K, Strategy, RTS, Base-Building, Sci-fi, Multiplayer, Real-Time, Games Workshop, Singleplayer, Futuristic, Classic, Action, Atmospheric, Great Soundtrack, Gore, Moddable, Adventure, Fantasy, Co-op, Memes",A popular game by Relic Entertainment.,Relic Entertainment,SEGA
774171,Muse Dash,,"Music, Rhythm, Anime, Cute, Sexual Content, Female Protagonist, Casual, Great Soundtrack, Singleplayer, 2D, Colorful, Indie, Hentai, Difficult, Action, Funny, Arcade, Beautiful, Mature, Nudity",A popular game by peropero.,peropero,hasuhasu
109600,Neverwinter,,"Free to Play, MMORPG, RPG, Massively Multiplayer, Adventure, Multiplayer, Fantasy, Action, Open World, Character Customization, Dungeons & Dragons, Co-op, Dragons, PvP, Action RPG, PvE, Third Person, Hack and Slash, Atmospheric, Zombies",A popular game by Cryptic Studios.,Cryptic Studios,Arc Games
1097150,Fall Guys: Ultimate Knockout,,"Multiplayer, Party Game, Battle Royale, Family Friendly, Massively Multiplayer, Platformer, Cute, Funny, PvP, 3D Platformer, Controller, Casual, Colorful, Action, Online Co-Op, Co-op, Comedy, Physics, Indie, Difficult",A popular game by Mediatonic.,Mediatonic,Ravenscourt
1127400,Mindustry,,"Base-Building, Resource Management, Tower Defense, Strategy, Automation, Multiplayer, Sandbox, Building, Co-op, 2D, RTS, Online Co-Op, Pixel Graphics, Singleplayer, PvE, Survival, Indie, PvP, Management, Action",A popular game by AnukenDev.,AnukenDev,AnukenDev
629730,Blade and Sorcery,,"VR, Swordplay, Moddable, Sandbox, Gore, Magic, Action, Violent, Physics, Medieval, Simulation, Fighting, First-Person, Fantasy, Singleplayer, Adventure, RPG, Indie, Early Access, Games Workshop",A popular game by WarpFrog.,WarpFrog,WarpFrog
1520470,封灵档案,,"Sexual Content, Nudity, Free to Play, Mature, Hentai, Horror, Multiplayer, Female Protagonist, Action, NSFW, Survival, Online Co-Op, PvP, 3D Platformer, 3D, Massively Multiplayer, Team-Based, Anime, Action-Adventure, Adventure",A popular game by （Hong Kong）GKD.,（Hong Kong）GKD,（Hong Kong）GKD
200260,Batman: Arkham City - Game of the Year Edition,,"Action, Open World, Stealth, Superhero, Adventure, Third Person, Singleplayer, Beat 'em up, Comic Book, Detective, Story Rich, Atmospheric, Fighting, Action-Adventure, Cinematic, Controller, 3D Vision, Sandbox, Metroidvania, Great Soundtrack",A popular game by Rocksteady Studios.,Rocksteady Studios,WB Games
1432860,Sun Haven,,"Farming Sim, Pixel Graphics, Multiplayer, Life Sim, RPG, Dating Sim, Character Customization, Relaxing, Adventure, Crafting, Fantasy, Agriculture, Singleplayer, Simulation, Magic, Mining, Exploration, Combat, Fishing, Cooking",A popular game by Pixel Sprout Studios.,Pixel Sprout Studios,Pixel Sprout Studios
454650,DRAGON BALL XENOVERSE 2,,"Anime, Fighting, Character Customization, Action, Multiplayer, Adventure, Massively Multiplayer, Co-op, RPG, Online Co-Op, Singleplayer, Open World, Third Person, Story Rich, MMORPG, Beat 'em up, Moddable, Great Soundtrack, Casual, Dragons","A popular game by QLOC, Dimps Corporation.","QLOC, Dimps Corporation",Bandai Namco Entertainment
870780,CONTROL Ultimate Edition,,"Action, Supernatural, Female Protagonist, Story Rich, Adventure, Third Person, Atmospheric, Singleplayer, Sci-fi, Horror, Third-Person Shooter, Surreal, Psychological Horror, Shooter, Metroidvania, Open World, Epic, Violent, Difficult, Great Soundtrack",A popular game by Remedy Entertainment.,Remedy Entertainment,Remedy Entertainment
744900,Dead Frontier 2,,"Free to Play, Multiplayer, Survival Horror, Zombies, Horror, Online Co-Op, Third-Person Shooter, MMORPG, Survival, PvE, Gore, Massively Multiplayer, Violent, Sandbox, Inventory Management, Trading, Atmospheric, Post-apocalyptic, Action, RPG",A popular game by Creaky Corpse Ltd.,Creaky Corpse Ltd,Creaky Corpse Ltd
2420510,HoloCure - Save the Fans!,,"Pixel Graphics, Bullet Hell, Anime, Action Roguelike, Cute, Rogue-lite, 2D, Action, Top-Down Shooter, Singleplayer, Casual, Female Protagonist, Arcade, Colorful, Fishing, Farming, Score Attack, Fantasy, Free to Play, Comedy",A popular game by KayAnimate.,KayAnimate,KayAnimate
1272080,PAYDAY 3,,"Heist, Co-op, Crime, Action, Multiplayer, FPS, Shooter, Stealth, Tactical, America, Online Co-Op, Dark Humor, First-Person, PvE, Gun Customization, RPG, Combat, 3D, Realistic, Shoot 'Em Up",A popular game by Starbreeze Studios.,Starbreeze Studios,Starbreeze Entertainment
1985810,Call of Duty: Black Ops Cold War,,"Singleplayer, FPS, Multiplayer, Action, Zombies, Cold War, Shooter, First-Person, Military, Co-op, Gun Customization, Online Co-Op, Gore, PvP, Tactical, Violent, War, PvE, Story Rich, Sexual Content","A popular game by Treyarch, Raven Software, High Moon Studios, Beenox, Activision Shanghai, Sledgehammer Games.","Treyarch, Raven Software, High Moon Studios, Beenox, Activision Shanghai, Sledgehammer Games",Activision
225540,Just Cause 3,,"Open World, Action, Destruction, Third-Person Shooter, Multiplayer, Singleplayer, Shooter, Adventure, Sandbox, Third Person, Exploration, Physics, Funny, Atmospheric, Co-op, Parkour, Comedy, Great Soundtrack, Moddable, RPG",A popular game by Avalanche Studios.,Avalanche Studios,Square Enix
400,Portal,,"Puzzle, Puzzle-Platformer, First-Person, 3D Platformer, Singleplayer, Sci-fi, Comedy, Female Protagonist, Physics, Funny, Action, Classic, Story Rich, Platformer, Science, Atmospheric, Dark Humor, Short, FPS, Adventure",A popular game by Valve.,Valve,Valve
223750,DCS World Steam Edition,,"Simulation, Flight, Free to Play, Military, Multiplayer, Realistic, VR, War, Open World, Singleplayer, Shooter, Action, Co-op, Sandbox, TrackIR, First-Person, Tanks, Strategy, Massively Multiplayer, FPS",A popular game by Eagle Dynamics SA.,Eagle Dynamics SA,Eagle Dynamics SA
784080,MechWarrior 5: Mercenaries,,"Mechs, Simulation, FPS, Action, Co-op, Shooter, Vehicular Combat, First-Person, Moddable, Destruction, Singleplayer, 3D, Online Co-Op, Combat, Futuristic, Tutorial, Economy, Management, PvE, Resource Management",A popular game by Piranha Games Inc..,Piranha Games Inc.,Piranha Games Inc.
22320,The Elder Scrolls III: Morrowind Game of the Year Edition,,"RPG, Open World, Fantasy, Classic, Great Soundtrack, Moddable, Singleplayer, First-Person, Adventure, Cult Classic, Atmospheric, Magic, Exploration, Story Rich, Sandbox, Character Customization, Action RPG, Medieval, Action, Third Person",A popular game by Bethesda Game Studios.,Bethesda Game Studios,Bethesda Softworks
70,Half-Life,,"FPS, Classic, 1990's, Singleplayer, Sci-fi, Multiplayer, Shooter, Action, First-Person, Aliens, Story Rich, Silent Protagonist, Atmospheric, Gore, Retro, Moddable, Adventure, Action-Adventure, Difficult, PvP",A popular game by Valve.,Valve,Valve
2527500,MiSide,,"Psychological Horror, Cute, Story Rich, Horror, First-Person, Singleplayer, Sexual Content, 3D, Atmospheric, Thriller, Conversation, Adventure, Puzzle, Drama, Anime, Simulation, Life Sim, Hentai, RPG, 2D",A popular game by AIHASTO.,AIHASTO,"IndieArk, Shochiku (Japan)"
690790,DiRT Rally 2.0,,"Racing, Automobile Sim, Simulation, Multiplayer, VR, Driving, Sports, Offroad, Realistic, Singleplayer, Difficult, First-Person, Controller, Open World, Co-op, 3D Vision, Family Friendly, TrackIR, Action, Adventure",A popular game by Codemasters.,Codemasters,"Codemasters, Electronic Arts"
2369390,Far Cry 6,,"Open World, FPS, Online Co-Op, Multiplayer, Action, Adventure, Shooter, Co-op, Singleplayer, Action-Adventure, Exploration, Combat, 3D, Female Protagonist, First-Person, PvE, Atmospheric, Crafting, Modern, Sandbox","A popular game by Ubisoft Toronto, Ubisoft Montreal, Ubisoft Kyiv, Ubisoft Shanghai, Ubisoft Berlin.","Ubisoft Toronto, Ubisoft Montreal, Ubisoft Kyiv, Ubisoft Shanghai, Ubisoft Berlin",Ubisoft
1211020,Wobbly Life,,"Adventure, Multiplayer, Open World, Simulation, Sandbox, Casual, Action, Indie, Funny, Co-op, Physics, Family Friendly, Early Access, Online Co-Op, Split Screen, Local Multiplayer, Cute, Party, Life Sim, 4 Player Local",A popular game by RubberBandGames.,RubberBandGames,RubberBandGames
1809540,Nine Sols,,"Metroidvania, Souls-like, Difficult, Action, 2D, Platformer, Hand-drawn, Atmospheric, Adventure, Story Rich, Cats, Indie, Gore, Dark Fantasy, Sci-fi, Mythology, Singleplayer, Martial Arts, Action-Adventure, Comic Book",A popular game by RedCandleGames.,RedCandleGames,RedCandleGames
729040,Borderlands Game of the Year Enhanced,,"FPS, Co-op, Shooter, First-Person, Loot, Online Co-Op, Action, RPG, Dark Humor, Looter Shooter, Comedy, Action RPG, Singleplayer, Gore, Multiplayer, Sci-fi, Funny, Atmospheric, Violent, Character Action Game","A popular game by Gearbox Software, Blind Squirrel Games.","Gearbox Software, Blind Squirrel Games",2K
3900,Sid Meier's Civilization IV,,"Strategy, Turn-Based Strategy, Turn-Based, 4X, Historical, Multiplayer, Singleplayer, Moddable, Grand Strategy, Classic, Addictive, Simulation, Replay Value, Resource Management, Great Soundtrack, War, Economy, Tactical, Management, Local Multiplayer",A popular game by Firaxis Games.,Firaxis Games,2K
1284410,GWENT: The Witcher Card Game,,"Free to Play, Strategy, Card Game, RPG, Multiplayer, Deckbuilding, Trading Card Game, PvP, Fantasy, Singleplayer, Nudity, Turn-Based, Sexual Content, Great Soundtrack, Card Battler, Difficult, Casual, Board Game, Atmospheric, Mature",A popular game by CD PROJEKT RED.,CD PROJEKT RED,CD PROJEKT RED
1118310,RetroArch,,"Free to Play, Retro, Software, Arcade, Singleplayer, Classic, Multiplayer, Local Multiplayer, Simulation, Old School, 1990's, Pixel Graphics, 2D, Co-op, 1980s, Utilities, Controller, Adventure, Hentai, RPG",A popular game by Libretro.,Libretro,Libretro
203140,Hitman: Absolution,,"Stealth, Action, Third Person, Assassin, Singleplayer, Third-Person Shooter, Tactical, Shooter, Replay Value, Crime, Multiplayer, Story Rich, Cinematic, Difficult, Atmospheric, Adventure, Strategy, Score Attack, Linear, Controller",A popular game by Io-Interactive A/S.,Io-Interactive A/S,Io-Interactive A/S
1846380,Need for Speed Unbound,,"Racing, Multiplayer, Open World, Action, Driving, Singleplayer, Character Customization, Combat Racing, Controller, Arcade, Online Co-Op, Casual, Simulation, Sports, Atmospheric, Adventure, Anime, Immersive, Music, Split Screen",A popular game by Criterion Games.,Criterion Games,Electronic Arts
445220,Avorion,,"Exploration, Sandbox, Space Sim, Building, Space, Flight, Open World, PvE, Choose Your Own Adventure, 3D, Third Person, Sci-fi, Simulation, Economy, Spaceships, Voxel, Management, Trading, Vehicular Combat, Action RPG",A popular game by Boxelware.,Boxelware,Boxelware
636480,Ravenfield,,"FPS, War, Singleplayer, Shooter, Military, Action, Sandbox, First-Person, Early Access, Funny, Team-Based, Tactical, Moddable, Strategy, Simulation, Indie, Physics, Realistic, Atmospheric, Adventure",A popular game by SteelRaven7.,SteelRaven7,SteelRaven7
20900,The Witcher: Enhanced Edition Director's Cut,,"RPG, Fantasy, Story Rich, Mature, Singleplayer, Choices Matter, Action, Third Person, Nudity, Adventure, Dark Fantasy, Based On A Novel, Atmospheric, Open World, Great Soundtrack, Medieval, Multiple Endings, Action RPG, Magic, Classic",A popular game by CD PROJEKT RED.,CD PROJEKT RED,"CD PROJEKT RED, 1C-SoftClub"
209000,Batman: Arkham Origins,,"Action, Open World, Superhero, Adventure, Stealth, Third Person, Singleplayer, Multiplayer, Fighting, Beat 'em up, Comic Book, Detective, Story Rich, Atmospheric, Action-Adventure, Controller, 3D Vision, Sandbox, Third-Person Shooter, RPG","A popular game by WB Games Montreal, Splash Damage.","WB Games Montreal, Splash Damage",Warner Bros. Interactive Entertainment
207610,The Walking Dead,,"Zombies, Story Rich, Adventure, Point & Click, Episodic, Singleplayer, Choices Matter, Drama, Horror, Emotional, Mature, Atmospheric, Choose Your Own Adventure, Post-apocalyptic, Comic Book, Survival, Quick-Time Events, Gore, Action, Third Person",A popular game by Telltale Games.,Telltale Games,Skybound Games
2212330,Your Only Move Is HUSTLE,,"2D Fighter, Turn-Based Strategy, Action, Strategy, Spectacle fighter, Turn-Based Tactics, 2D, Pixel Graphics, Sandbox, Simulation, Side Scroller, Anime, Cinematic, Cartoony, Cartoon, Solitaire, Minimalist, Colorful, Hand-drawn, Cute",A popular game by Ivy Sly.,Ivy Sly,Ivy Sly
3097560,Liar's Bar,,"Multiplayer, Casual, PvP, Co-op, Online Co-Op, Gambling, Indie, FPS, Funny, 3D, First-Person, Dark, Tabletop, Puzzle, Horror, Board Game, Strategy, VR, Gore, Early Access",A popular game by Curve Animation.,Curve Animation,Curve Animation
35140,Batman: Arkham Asylum Game of the Year Edition,,"Action, Stealth, Third Person, Superhero, Adventure, Singleplayer, Open World, Beat 'em up, Detective, Comic Book, Atmospheric, Story Rich, Action-Adventure, Fighting, Controller, Metroidvania, Puzzle, Horror, 3D Vision, Dark",A popular game by Rocksteady Studios.,Rocksteady Studios,WB Games
2103140,Magicraft,,"Action Roguelike, Rogue-lite, Looter Shooter, Bullet Hell, Rogue-like, Strategy RPG, RPG, Top-Down, Deckbuilding, Procedural Generation, Action, Magic, Lovecraftian, Crafting, Adventure, Singleplayer, Indie, Addictive, Early Access, Multiplayer",A popular game by Wave Games.,Wave Games,bilibili
389730,TEKKEN 7,,"Fighting, Action, Multiplayer, Competitive, Arcade, Local Multiplayer, Controller, 3D Fighter, Great Soundtrack, Singleplayer, e-sports, Character Customization, Sports, Difficult, Anime, Story Rich, Beat 'em up, Third Person, Atmospheric, 2D Fighter",A popular game by BANDAI NAMCO Studios Inc..,BANDAI NAMCO Studios Inc.,BANDAI NAMCO Entertainment
475150,Titan Quest Anniversary Edition,,"RPG, Hack and Slash, Action RPG, Loot, Mythology, Multiplayer, Co-op, Singleplayer, Classic, Isometric, Adventure, Action, Fantasy, Top-Down, Open World, Atmospheric, Great Soundtrack, Story Rich, Dungeon Crawler, Level Editor","A popular game by Iron Lore Entertainment, THQ Nordic.","Iron Lore Entertainment, THQ Nordic",THQ Nordic
17390,SPORE,,"God Game, Open World, Sandbox, Colony Sim, Exploration, Simulation, Space, Casual, Cute, Science, Funny, Aliens, Sci-fi, Adventure, Cartoony, Colorful, Family Friendly, Resource Management, Comedy, Cartoon",A popular game by Maxis™.,Maxis™,Electronic Arts
955900,Amazing Cultivation Simulator,,"Simulation, Martial Arts, RPG, Sandbox, Strategy, Mythology, Colony Sim, Survival, Indie, Base-Building, Open World, Singleplayer, Management, Fantasy, Early Access, Building, 2D, Anime, Nudity, Psychological Horror",A popular game by GSQ Games.,GSQ Games,"GSQ Games, Gamirror Games"
1040200,Crime Scene Cleaner,,"Simulation, Crime, Gore, Singleplayer, First-Person, Relaxing, Mature, Atmospheric, Action, Adventure, Funny, Realistic, Exploration, Life Sim, Indie, Stealth, Walking Simulator, Violent, Heist, Hacking",A popular game by President Studio.,President Studio,"President Studio, PlayWay S.A."
610080,Realm Grinder,,"Free to Play, Clicker, Pixel Graphics, Strategy, City Builder, Singleplayer, Idler, RPG, 2D, Casual, Building, Resource Management, Simulation, Indie, Multiplayer, Fantasy, Addictive, Base-Building, Point & Click, Adventure",A popular game by Divine Games.,Divine Games,Kongregate
1102190,Monster Train,,"Card Battler, Rogue-lite, Card Game, Turn-Based Tactics, Deckbuilding, Rogue-like, Turn-Based Strategy, PvP, Strategy, Difficult, Roguelike Deckbuilder, Turn-Based Combat, RPG, Choices Matter, Procedural Generation, Colorful, Fantasy, Demons, Magic, Trains",A popular game by Shiny Shoe.,Shiny Shoe,Good Shepherd Entertainment
666140,My Time at Portia,,"Life Sim, RPG, Open World, Farming Sim, Crafting, Simulation, Casual, Adventure, Singleplayer, Building, Agriculture, Sandbox, Indie, Relaxing, Mining, Exploration, Survival, Cartoony, Post-apocalyptic, Female Protagonist",A popular game by Pathea Games.,Pathea Games,Focus Entertainment
200510,XCOM: Enemy Unknown,,"Turn-Based Strategy, Tactical, Strategy, Sci-fi, Turn-Based, Aliens, Singleplayer, Base-Building, Turn-Based Tactics, Unforgiving, Replay Value, Addictive, Character Customization, Perma Death, Multiplayer, Difficult, RPG, Action, Atmospheric, Futuristic","A popular game by Firaxis Games, Feral Interactive (Linux).","Firaxis Games, Feral Interactive (Linux)","2K, Feral Interactive (Linux)"
640820,Pathfinder: Kingmaker — Enhanced Plus Edition,,"RPG, Party-Based RPG, Fantasy, CRPG, Isometric, Character Customization, Strategy RPG, Choices Matter, Story Rich, Singleplayer, Real-Time with Pause, Dungeons & Dragons, Adventure, Strategy, Turn-Based, Sexual Content, Medieval, Open World, Turn-Based Strategy, Female Protagonist",A popular game by Owlcat Games.,Owlcat Games,Knights Peak
1721470,Poppy Playtime,,"Horror, Free to Play, Singleplayer, Puzzle, First-Person, Survival Horror, Dark, Mystery, Psychological Horror, Survival, Indie, Adventure, Lore-Rich, 1980s, Thriller, Atmospheric, Action, Cartoony, Action-Adventure, Physics",A popular game by Mob Entertainment.,Mob Entertainment,Mob Entertainment
252530,OMSI 2: Steam Edition,,"Automobile Sim, Simulation, Driving, Realistic, Singleplayer, Moddable, Multiplayer, Casual, First-Person, TrackIR, Open World, Relaxing, Replay Value, Adventure, Family Friendly, Physics, Atmospheric, Cult Classic, Management, Action",A popular game by MR-Software GbR.,MR-Software GbR,Aerosoft GmbH
750920,Shadow of the Tomb Raider: Definitive Edition,,"Adventure, Action, Female Protagonist, Singleplayer, Open World, Third Person, Story Rich, Puzzle, Stealth, Action-Adventure, Exploration, Survival, Violent, Atmospheric, Shooter, Gore, Great Soundtrack, Multiplayer, Dark, Heist","A popular game by Eidos-Montréal, Crystal Dynamics, Nixxes, Feral Interactive (Mac), Feral interactive (Linux).","Eidos-Montréal, Crystal Dynamics, Nixxes, Feral Interactive (Mac), Feral interactive (Linux)","Crystal Dynamics, Feral Interactive (Mac), Feral interactive (Linux)"
872790,Football Manager 2019,,"Simulation, Sports, Football (Soccer), Management, Football (American), Strategy, Multiplayer, Singleplayer, Addictive, Tactical, Economy, Casual, Real Time Tactics, Free to Play",A popular game by Sports Interactive.,Sports Interactive,SEGA
492720,Tropico 6,,"City Builder, Strategy, Simulation, Economy, Management, Political Sim, Multiplayer, Sandbox, Politics, Building, Political, Singleplayer, Funny, Co-op, Choices Matter, Diplomacy, Destruction, Atmospheric, Story Rich, Top-Down","A popular game by Limbic Entertainment, Realmforge Studios.","Limbic Entertainment, Realmforge Studios",Kalypso Media
2141730,Backrooms: Escape Together,,"Multiplayer, Horror, Psychological Horror, Online Co-Op, Survival Horror, Co-op, Atmospheric, Early Access, Realistic, First-Person, Casual, Procedural Generation, Adventure, Exploration, Action, Puzzle, 3D, Singleplayer, Action-Adventure, Sci-fi",A popular game by Triiodide Studios.,Triiodide Studios,Triiodide Studios
671860,BattleBit Remastered,,"FPS, Multiplayer, Shooter, Military, Destruction, Massively Multiplayer, War, PvP, Action, Tactical, First-Person, Team-Based, Combat, Gun Customization, Class-Based, 3D, Voxel, Character Customization, Indie, Early Access","A popular game by SgtOkiDoki, Vilaskis, TheLiquidHorse.","SgtOkiDoki, Vilaskis, TheLiquidHorse",SgtOkiDoki
21690,Resident Evil 5,,"Co-op, Action, Zombies, Co-op Campaign, Third-Person Shooter, Online Co-Op, Horror, Multiplayer, Adventure, Third Person, Survival Horror, Shooter, Local Co-Op, Singleplayer, Female Protagonist, Quick-Time Events, Survival, Gore, Split Screen, Atmospheric",A popular game by Capcom.,Capcom,Capcom
1213210,Command & Conquer Remastered Collection,,"Strategy, RTS, Base-Building, Multiplayer, Classic, Great Soundtrack, War, Singleplayer, 1990's, FMV, Remake, PvP, Level Editor, Replay Value, Tanks, Soundtrack, Cinematic, Real Time Tactics, Isometric, Retro","A popular game by Petroglyph, Lemon Sky Studios.","Petroglyph, Lemon Sky Studios",Electronic Arts
234140,Mad Max,,"Open World, Vehicular Combat, Post-apocalyptic, Action, Driving, Singleplayer, Survival, Third Person, Adventure, Exploration, Automobile Sim, Atmospheric, Racing, Story Rich, Multiplayer, Sandbox, RPG, Shooter, Third-Person Shooter, War",A popular game by Avalanche Studios.,Avalanche Studios,"Warner Bros. Games, Warner Bros. Interactive Entertainment"
212200,Mabinogi,,"Free to Play, Massively Multiplayer, Anime, RPG, MMORPG, Casual, Action, Simulation, Adventure, Open World, Fantasy, Character Customization, Multiplayer, Sandbox, Cute, Action RPG, Great Soundtrack, JRPG, Story Rich, Life Sim",A popular game by NEXON Korea Corporation.,NEXON Korea Corporation,Nexon America Inc.
1017900,Age of Empires: Definitive Edition,,"Strategy, RTS, Multiplayer, Base-Building, Singleplayer, City Builder, Historical, Classic, Remake, Medieval, Story Rich, Real-Time, Co-op, Great Soundtrack, Action, War, Isometric, Retro, Atmospheric, Adventure","A popular game by World's Edge, Forgotten Empires, Tantalus.","World's Edge, Forgotten Empires, Tantalus",Xbox Game Studios
298110,Far Cry 4,,"Open World, Action, FPS, Co-op, Multiplayer, Adventure, Shooter, First-Person, Singleplayer, Stealth, Hunting, Atmospheric, Survival, Online Co-Op, Story Rich, Exploration, Crafting, Sandbox, RPG, Action RPG","A popular game by Ubisoft Montreal, Red Storm, Shanghai, Toronto, Kiev.","Ubisoft Montreal, Red Storm, Shanghai, Toronto, Kiev",Ubisoft
203160,Tomb Raider Game of the Year,,"Adventure, Action, Female Protagonist, Third Person, Singleplayer, Story Rich, Third-Person Shooter, Multiplayer, Exploration, Action-Adventure, Quick-Time Events, Atmospheric, Puzzle, Shooter, Stealth, Cinematic, Platformer, RPG, Reboot, 3D Vision","A popular game by Crystal Dynamics, Eidos-Montréal, Feral Interactive (Mac), Nixxes.","Crystal Dynamics, Eidos-Montréal, Feral Interactive (Mac), Nixxes","Crystal Dynamics, Feral Interactive (Mac)"
1557740,ROUNDS,,"Multiplayer, Fighting, Local Multiplayer, 2D Fighter, Deckbuilding, Rogue-lite, Action, Indie, Physics, Card Battler, PvP, 2D, Roguelike Deckbuilder, Card Game, Party Game, Platformer, 2D Platformer, Side Scroller, Arcade, Twin Stick Shooter",A popular game by Landfall.,Landfall,Landfall
1669980,Volcano Princess,,"Life Sim, Multiple Endings, Choices Matter, RPG, Anime, Dating Sim, Simulation, Female Protagonist, Visual Novel, Story Rich, Singleplayer, Cute, Time Management, Strategy, Indie, JRPG, Turn-Based Combat, Medieval, Drama, Hand-drawn",A popular game by 养蛋人 Egg Hatcher.,养蛋人 Egg Hatcher,养蛋人 Egg Hatcher
4760,Rome: Total War - Collection,,"Strategy, Historical, Rome, Turn-Based Strategy, RTS, Grand Strategy, Classic, Tactical, War, Great Soundtrack, Multiplayer, Singleplayer, Turn-Based, Moddable, Real Time Tactics, Action, Atmospheric, Simulation, 4X, Nostalgia",A popular game by CREATIVE ASSEMBLY.,CREATIVE ASSEMBLY,SEGA
208580,STAR WARS Knights of the Old Republic II - The Sith Lords,,"RPG, Story Rich, Sci-fi, Singleplayer, Classic, Choices Matter, Real-Time with Pause, Party-Based RPG, Adventure, Character Customization, Moddable, Third Person, Multiple Endings, Space, Atmospheric, Female Protagonist, Action, Turn-Based Combat, Turn-Based, Great Soundtrack","A popular game by Obsidian Entertainment, Aspyr (Mac, Linux, & Windows Update).","Obsidian Entertainment, Aspyr (Mac, Linux, & Windows Update)","LucasArts, Lucasfilm, Aspyr (Mac, Linux)"
638970,Yakuza 0,,"Story Rich, Action, Beat 'em up, Great Soundtrack, Crime, Open World, Minigames, Funny, RPG, Singleplayer, Violent, Mature, Adventure, Comedy, Sexual Content, Third Person, Drama, Atmospheric, JRPG, Dating Sim",A popular game by Ryu Ga Gotoku Studio.,Ryu Ga Gotoku Studio,SEGA
859580,Imperator: Rome,,"Strategy, Grand Strategy, Simulation, Rome, Historical, Political Sim, Singleplayer, Political, Management, Multiplayer, Economy, War, Politics, Moddable, Real-Time with Pause, Open World, Sandbox, Early Access, Alternate History, Choices Matter",A popular game by Paradox Development Studio.,Paradox Development Studio,Paradox Interactive
24200,DC Universe Online,,"Free to Play, Superhero, MMORPG, Massively Multiplayer, Character Customization, Action, Comic Book, RPG, Multiplayer, Adventure, Controller, Third Person, Open World, Combat, Beat 'em up, Exploration, PvP, Online Co-Op, Fighting, Co-op",A popular game by Dimensional Ink Games.,Dimensional Ink Games,Daybreak Game Company
707010,Will To Live Online,,"Survival, Free to Play, Multiplayer, Open World, Post-apocalyptic, Open World Survival Craft, FPS, Massively Multiplayer, Shooter, MMORPG, Action, First-Person, Crafting, RPG, Exploration, Early Access, Atmospheric, Gore, Violent, Indie",A popular game by AlphaSoft LLC.,AlphaSoft LLC,AlphaSoft LLC
312660,Sniper Elite 4,,"Sniper, Action, Multiplayer, Shooter, War, Stealth, World War II, Co-op, Singleplayer, Third Person, Open World, Violent, Third-Person Shooter, Gore, FPS, Adventure, Tactical, Mature, Strategy, First-Person",A popular game by Rebellion.,Rebellion,Rebellion
1030830,Mafia II: Definitive Edition,,"Action, Adventure, Crime, Open World, Story Rich, Sexual Content, Nudity, Violent, Singleplayer, Third Person, Third-Person Shooter, Gore, Noir, Shooter, Atmospheric, Great Soundtrack, Mature, Classic, Action-Adventure, Remake","A popular game by Hangar 13, D3T.","Hangar 13, D3T",2K
1385380,Across the Obelisk,,"Rogue-like, Strategy, 2D, Fantasy, Roguelike Deckbuilder, Card Game, Singleplayer, RPG, Card Battler, Multiplayer, Co-op, Deckbuilding, Turn-Based, Rogue-lite, Dungeon Crawler, Replay Value, Difficult, Class-Based, Turn-Based Combat, Mouse only",A popular game by Dreamsite Games.,Dreamsite Games,"Paradox Interactive, Paradox Arc"
42700,Call of Duty: Black Ops,,"Action, FPS, Zombies, Multiplayer, Shooter, Singleplayer, Cold War, First-Person, War, Military, Online Co-Op, Co-op, Gore, Story Rich, Controller, Adventure, Linear, Horror, Massively Multiplayer, Great Soundtrack",A popular game by Treyarch.,Treyarch,Activision
1601580,Frostpunk 2,,"Strategy, City Builder, Survival, Resource Management, Post-apocalyptic, Simulation, Singleplayer, Steampunk, Sequel, Management, Atmospheric, Base-Building, Choices Matter, Political Sim, Great Soundtrack, Violent, Politics, Snow, Colony Sim, Psychological Horror",A popular game by 11 bit studios.,11 bit studios,11 bit studios
307690,Sleeping Dogs: Definitive Edition,,"Open World, Action, Martial Arts, Crime, Singleplayer, Third Person, Story Rich, Parkour, Adventure, Multiplayer, Gore, Mature, Racing, Atmospheric, Shooter, Third-Person Shooter, Sandbox, Great Soundtrack, Fighting, Remake","A popular game by United Front Games, Feral Interactive (Mac).","United Front Games, Feral Interactive (Mac)","Square Enix, Feral Interactive (Mac)"
1657630,Slime Rancher 2,,"Early Access, Cute, Relaxing, Colorful, Open World, Singleplayer, First-Person, Creature Collector, Adventure, Simulation, Family Friendly, Casual, Female Protagonist, 3D, Fantasy, Building, Action-Adventure, FPS, Action, Atmospheric",A popular game by Monomi Park.,Monomi Park,Monomi Park
287450,Rise of Nations: Extended Edition,,"Strategy, RTS, Classic, Historical, Multiplayer, Nostalgia, Simulation, War, Great Soundtrack, Singleplayer, Epic, Base-Building, City Builder, Real-Time, Co-op, Remake, Building, Isometric, Action, Atmospheric","A popular game by SkyBox Labs, Big Huge Games.","SkyBox Labs, Big Huge Games",Xbox Game Studios
535930,Two Point Hospital,,"Simulation, Management, Medical Sim, Building, Funny, Singleplayer, Strategy, Sandbox, Indie, Comedy, Casual, City Builder, Cartoony, Replay Value, Isometric, Multiplayer, Family Friendly, Retro, Classic, Tactical",A popular game by Two Point Studios.,Two Point Studios,SEGA
1562430,DREDGE,,"Exploration, Fishing, Lovecraftian, Adventure, Open World, Mystery, Inventory Management, Atmospheric, Psychological Horror, Horror, RPG, Simulation, Singleplayer, Stylized, Survival Horror, Psychological, Story Rich, Indie, Sailing, 3D",A popular game by Black Salt Games.,Black Salt Games,Team17
1296830,暖雪 Warm Snow,,"Action Roguelike, Rogue-lite, Martial Arts, Action-Adventure, Rogue-like, 2D, RPG, Character Customization, Top-Down, Story Rich, Multiple Endings, Deckbuilding, Action, Mythology, Dark Fantasy, Singleplayer, Sexual Content, Adventure, Procedural Generation, Indie",A popular game by BadMudStudio.,BadMudStudio,bilibili
221040,Resident Evil 6,,"Zombies, Action, Co-op, Third-Person Shooter, Horror, Co-op Campaign, Online Co-Op, Multiplayer, Adventure, Split Screen, Third Person, Local Co-Op, Shooter, Quick-Time Events, Survival Horror, Survival, Singleplayer, Female Protagonist, Atmospheric, Gore",A popular game by Capcom.,Capcom,Capcom
2108330,F1 23,,"VR, Racing, Driving, Multiplayer, Automobile Sim, Sports, Singleplayer, Simulation, Competitive, e-sports, Relaxing, 3D, Action-Adventure, Cinematic, Arcade, Immersive Sim, First-Person, PvP, 3D Platformer, PvE",A popular game by Codemasters.,Codemasters,Electronic Arts
2124490,SILENT HILL 2,,"Psychological Horror, Horror, Survival Horror, Story Rich, Atmospheric, Psychological, Remake, Great Soundtrack, Singleplayer, Third Person, Multiple Endings, Adventure, Action, Exploration, Cinematic, Sexual Content, Violent, 3D, Classic, Action-Adventure",A popular game by Bloober Team SA.,Bloober Team SA,KONAMI
603850,Age of History II,,"Strategy, Historical, War, Grand Strategy, Turn-Based Strategy, Political Sim, Turn-Based, Simulation, Sandbox, Multiplayer, Singleplayer, World War II, Political, Diplomacy, Politics, Alternate History, World War I, Indie, Open World, Casual",A popular game by Łukasz Jakowski.,Łukasz Jakowski,Łukasz Jakowski Games
678950,DRAGON BALL FighterZ,,"Fighting, Anime, Action, 2D Fighter, Multiplayer, Local Multiplayer, Competitive, Controller, PvP, Arcade, Singleplayer, Difficult, e-sports, Fast-Paced, Spectacle fighter, Combat, Comic Book, Third Person, Adventure, Beat 'em up",A popular game by Arc System Works.,Arc System Works,Bandai Namco Entertainment
2027330,GoreBox,,"Gore, Sandbox, Violent, Physics, FPS, Shooter, PvE, Stylized, First-Person, 3D, Level Editor, PvP, Voxel, Action, Immersive Sim, Exploration, Relaxing, Controller, Colorful, Atmospheric",A popular game by F2Games.,F2Games,F2Games
1244090,Sea of Stars: Sunset Edition,,"Pixel Graphics, JRPG, Turn-Based Combat, Local Co-Op, Party-Based RPG, Story Rich, Adventure, RPG, 2D, Singleplayer, Fantasy, Indie, Lore-Rich, Retro, Co-op, Exploration, Funny, Multiplayer, Nostalgia, Emotional",A popular game by Sabotage Studio.,Sabotage Studio,Sabotage Studio
464920,Surviving Mars,,"Colony Sim, City Builder, Strategy, Survival, Space, Base-Building, Mars, Simulation, Sci-fi, Resource Management, Singleplayer, Building, Management, Sandbox, Space Sim, Futuristic, Open World, RTS, Great Soundtrack, Moddable","A popular game by Haemimont Games, Abstraction.","Haemimont Games, Abstraction",Paradox Interactive
1169040,Necesse,,"Open World Survival Craft, Multiplayer, Open World, Sandbox, Pixel Graphics, Indie, Adventure, Survival, Crafting, Early Access, RPG, Co-op, Building, Action, Exploration, Online Co-Op, Automation, 2D, Atmospheric, Base-Building",A popular game by Fair Games ApS.,Fair Games ApS,Fair Games ApS
1022450,War Selection,,"Strategy, Base-Building, Free to Play, RTS, Multiplayer, Military, War, Online Co-Op, Massively Multiplayer, PvP, Singleplayer, Survival, Historical, Co-op, Management, PvE, Indie, Early Access, Atmospheric, Replay Value",A popular game by Glyph Worlds.,Glyph Worlds,Glyph Worlds
1150690,OMORI,,"Psychological Horror, Story Rich, Pixel Graphics, Indie, Great Soundtrack, RPG, Multiple Endings, RPGMaker, Hand-drawn, Horror, 2D, Colorful, Turn-Based, Atmospheric, Party-Based RPG, Exploration, JRPG, Stylized, Anime, Fantasy","A popular game by OMOCAT, LLC.","OMOCAT, LLC","OMOCAT, LLC"
2440510,Forza Motorsport,,"Racing, Automobile Sim, Simulation, Sports, Multiplayer, Driving, First-Person, Realistic, Third Person, Singleplayer, Physics, PvP, Immersive Sim, Family Friendly, Management, VR, Science, Transportation, Character Customization, Open World",A popular game by Turn 10.,Turn 10,Xbox Game Studios
24010,Train Simulator Classic,,"Simulation, Trains, Singleplayer, Driving, Realistic, Casual, Relaxing, Open World, Building, Moddable, Sandbox, Level Editor, TrackIR, Atmospheric, Transportation, Action, Adventure, VR, City Builder, Strategy",A popular game by Dovetail Games.,Dovetail Games,"Dovetail Games - Trains, Dovetail Games"
1451190,Undisputed,,"3D Fighter, Third Person, 3D, Combat, Controller, Boxing, Fighting, Sports, Realistic, Multiplayer, Singleplayer, Local Multiplayer, Early Access, Simulation, Action, e-sports, PvE, PvP, Character Customization, Immersive Sim",A popular game by Steel City Interactive.,Steel City Interactive,Deep Silver
1332010,Stray,,"Cats, Adventure, Atmospheric, Cyberpunk, Singleplayer, Cute, Exploration, Robots, Beautiful, Puzzle, Third Person, Horror, Sci-fi, Indie, Dystopian , Open World, Mystery, Action, Colorful, Stealth",A popular game by BlueTwelve Studio.,BlueTwelve Studio,Annapurna Interactive
218230,PlanetSide 2,,"Free to Play, FPS, Massively Multiplayer, Shooter, Action, Open World, Multiplayer, Team-Based, Sci-fi, War, Tactical, First-Person, PvP, Futuristic, Online Co-Op, Co-op, Strategy, Space, Adventure, RPG",A popular game by Rogue Planet Games.,Rogue Planet Games,Daybreak Game Company
268850,EVGA Precision X1,,"Utilities, Software, Free to Play",A popular game by EVGA.,EVGA,EVGA
42960,Victoria II,,"Grand Strategy, Strategy, Historical, Political Sim, Politics, Economy, Simulation, Real-Time with Pause, Military, World War I, War, Sandbox, Singleplayer, RTS, Management, Alternate History, Multiplayer, Moddable, Diplomacy, Great Soundtrack",A popular game by Paradox Development Studio.,Paradox Development Studio,Paradox Interactive
220240,Far Cry 3,,"Open World, FPS, Action, Adventure, Multiplayer, Shooter, Stealth, Co-op, First-Person, Hunting, Singleplayer, Sandbox, Story Rich, Survival, Online Co-Op, Nudity, Atmospheric, Crafting, Colorful, RPG","A popular game by Ubisoft Montreal, Massive Entertainment, and Ubisoft Shanghai.","Ubisoft Montreal, Massive Entertainment, and Ubisoft Shanghai",Ubisoft
2408820,Luma Island,,"Adventure, Farming Sim, Crafting, Exploration, Open World, RPG, Simulation, Co-op, Mining, Online Co-Op, Multiplayer, Fishing, Building, Casual, Character Customization, Fantasy, Agriculture, Singleplayer, Cute, Farming",A popular game by Feel Free Games.,Feel Free Games,Feel Free Games
314160,Microsoft Flight Simulator X: Steam Edition,,"Flight, Simulation, Realistic, Open World, Multiplayer, Singleplayer, Moddable, Adventure, First-Person, Atmospheric, VR, Action, Difficult, Massively Multiplayer, Co-op, Military, Third Person, Strategy, Local Multiplayer, Sandbox",A popular game by Microsoft Game Studios.,Microsoft Game Studios,Xbox Game Studios
493490,City Car Driving,,"Simulation, Driving, Automobile Sim, Open World, Realistic, Survival Horror, Multiplayer, Singleplayer, Racing, VR, First-Person, Moddable, Physics, Indie, Family Friendly, Psychological Horror, Education, Casual, Adventure, Horror","A popular game by Forward Development, Ltd..","Forward Development, Ltd.","Forward Global Group, Ltd."
2772750,Age of History 3,,"Wargame, Strategy, Grand Strategy, RTS, Alternate History, Diplomacy, World War I, Economy, Education, 2D, Tactical, World War II, Medieval, War, Level Editor, Singleplayer, Moddable, Realistic, Building, Cold War",A popular game by Łukasz Jakowski.,Łukasz Jakowski,Łukasz Jakowski Games
1686940,Bopl Battle,,"Multiplayer, 4 Player Local, 2D Fighter, Action, Online Co-Op, Funny, Local Co-Op, Strategy, Cartoony, Co-op, Local Multiplayer, 2D, Colorful, Hand-drawn, Cute, PvP, Physics, Controller, Casual, Comedy",A popular game by Johan Grönvall.,Johan Grönvall,Zapray Games
20920,The Witcher 2: Assassins of Kings Enhanced Edition,,"RPG, Fantasy, Mature, Story Rich, Choices Matter, Singleplayer, Third Person, Nudity, Adventure, Dark Fantasy, Multiple Endings, Open World, Action, Atmospheric, Based On A Novel, Well-Written, Difficult, Medieval, Magic, Dark",A popular game by CD PROJEKT RED.,CD PROJEKT RED,"CD PROJEKT RED, 1C-SoftClub"
774361,Blasphemous,,"Metroidvania, Pixel Graphics, Souls-like, Dark Fantasy, Gore, 2D, Violent, Action, Indie, Difficult, Platformer, Singleplayer, Blood, Adventure, Gothic, Horror, Lore-Rich, Great Soundtrack, Side Scroller, Nudity",A popular game by The Game Kitchen.,The Game Kitchen,Team17
242920,Banished,,"City Builder, Colony Sim, Strategy, Simulation, Survival, Indie, Singleplayer, Sandbox, Medieval, Resource Management, Relaxing, Economy, Building, Management, Open World, Difficult, Beautiful, Procedural Generation, Historical, RTS",A popular game by Shining Rock Software LLC.,Shining Rock Software LLC,Shining Rock Software LLC
224260,No More Room in Hell,,"Free to Play, Zombies, Multiplayer, Survival, Horror, Co-op, Online Co-Op, Action, FPS, First-Person, Survival Horror, Shooter, Post-apocalyptic, Open World, Realistic, Indie, Atmospheric, Mod, Adventure, Massively Multiplayer",A popular game by No More Room in Hell Team.,No More Room in Hell Team,Lever Games
2163330,Yet Another Zombie Survivors,,"Early Access, Action Roguelike, Bullet Hell, Indie, Arcade, Rogue-lite, Action RPG, Singleplayer, Top-Down Shooter, Rogue-like, Zombies, 3D, Score Attack, Top-Down, Controller, Casual, Survival, Action, Dark, Modern",A popular game by Awesome Games Studio.,Awesome Games Studio,Awesome Games Studio
794260,Outward Definitive Edition,,"RPG, Open World, Survival, Co-op, Online Co-Op, Local Co-Op, Souls-like, Split Screen, Fantasy, Adventure, Exploration, Multiplayer, Singleplayer, Third Person, Difficult, Atmospheric, Resource Management, Realistic, Moddable, Violent",A popular game by Nine Dots Studio.,Nine Dots Studio,"Prime Matter, Deep Silver"
834910,ATLAS,,"Survival, Open World, Pirates, Sailing, Adventure, Massively Multiplayer, Crafting, Naval Combat, Early Access, Online Co-Op, Multiplayer, RPG, MMORPG, Exploration, Sandbox, Base-Building, Action, PvP, Co-op, PvE","A popular game by Grapeshot Games, Instinct Games.","Grapeshot Games, Instinct Games","Grapeshot Games, Snail Games USA"
1659420,UNCHARTED: Legacy of Thieves Collection,,"Adventure, Action-Adventure, Story Rich, Singleplayer, Third Person, Third-Person Shooter, Puzzle, Multiplayer, Action, Exploration, Shooter, Controller, Cinematic, Parkour, Stealth, Atmospheric, Female Protagonist, Combat, Platformer, Funny","A popular game by Naughty Dog LLC, Iron Galaxy Studios.","Naughty Dog LLC, Iron Galaxy Studios",PlayStation Publishing LLC
668580,Atomic Heart,,"Sexual Content, FPS, Horror, Singleplayer, Puzzle, Robots, Mystery, Action, Shooter, Sci-fi, First-Person, Open World, Action-Adventure, Alternate History, Exploration, Atmospheric, Gore, Cyberpunk, Action RPG, RPG",A popular game by Mundfish.,Mundfish,"Focus Entertainment, 4Divinity, Mundfish"
205710,EverQuest,,"Free to Play, RPG, Massively Multiplayer, MMORPG, Fantasy, Classic, Old School, Dwarf, Adventure, Multiplayer, Action, Sandbox, Open World, Elf, Character Customization, Sexual Content",A popular game by Darkpaw Games.,Darkpaw Games,Daybreak Game Company
1222690,Dragon Age Inquisition,,"RPG, Character Customization, Open World, Choices Matter, Fantasy, Story Rich, Singleplayer, Sexual Content, Adventure, Action, Dragons, Multiplayer, Third Person, Action RPG, Strategy, Female Protagonist, Great Soundtrack, Atmospheric, Combat, LGBTQ+",A popular game by BioWare.,BioWare,Electronic Arts
1881700,Undawn,,"Open World, Massively Multiplayer, Survival, RPG, MMORPG, Post-apocalyptic, Multiplayer, Adventure, Crafting, Shooter, Sandbox, Co-op, PvP, Third-Person Shooter, PvE, Zombies, Free to Play, Character Customization, Third Person, Building",A popular game by Lightspeed Studios.,Lightspeed Studios,Level Infinite
1333350,Angel Legion,,"Sexual Content, Mature, Nudity, Hentai, Free to Play, NSFW, Female Protagonist, 3D, Anime, Character Customization, RPG, Strategy, Idler, Adventure, Turn-Based Tactics, Singleplayer, Multiplayer, Card Game, MMORPG, Co-op",A popular game by Shanghai SilverMoon Network Technology Co.Ltd.,Shanghai SilverMoon Network Technology Co.Ltd,Shanghai SilverMoon Network Technology Co.Ltd
418460,Rising Storm 2: Vietnam,,"FPS, Wargame, Military, Massively Multiplayer, Cold War, Immersive Sim, War, PvP, Historical, First-Person, Horror, Gore, Team-Based, Vehicular Combat, Action, Realistic, Simulation, Multiplayer, Tactical, Atmospheric","A popular game by Antimatter Games, Tripwire Interactive.","Antimatter Games, Tripwire Interactive",Tripwire Interactive
1274570,DEVOUR,,"Horror, Online Co-Op, Multiplayer, Survival Horror, Sexual Content, Co-op, Psychological Horror, Dark, Survival, First-Person, VR, Atmospheric, Indie, Difficult, Gore, Puzzle, Singleplayer, Violent, Action, Stealth",A popular game by Straight Back Games.,Straight Back Games,Straight Back Games
333420,Cossacks 3,,"Strategy, RTS, War, Multiplayer, Singleplayer, Historical, Resource Management, Action RTS, Base-Building, PvP, PvE, 3D, City Builder, Action, Isometric, Open World, Co-op, Economy, Replay Value, Real-Time with Pause",A popular game by GSC Game World.,GSC Game World,GSC Game World
1536610,OpenTTD,,"Simulation, Building, Free to Play, Economy, Sandbox, Management, Trains, Transportation, Multiplayer, Resource Management, City Builder, Moddable, Singleplayer, 2D, Isometric, Strategy, Online Co-Op, Co-op, Indie, Casual",A popular game by OpenTTD.,OpenTTD,OpenTTD
204360,Castle Crashers,,"2D, Online Co-Op, Co-op, Beat 'em up, Hack and Slash, Funny, Adventure, 4 Player Local, Local Co-Op, Multiplayer, Local Multiplayer, Action, Singleplayer, Medieval, Cartoony, Cute, Comedy, RPG, Arcade, Casual",A popular game by The Behemoth.,The Behemoth,The Behemoth
678960,CODE VEIN,,"Souls-like, Anime, Character Customization, Action RPG, JRPG, Co-op, Third Person, Singleplayer, Action, Difficult, RPG, Vampire, Multiplayer, Dark Fantasy, Post-apocalyptic, Online Co-Op, Hack and Slash, Violent, Adventure, Gore",A popular game by Bandai Namco Studios.,Bandai Namco Studios,Bandai Namco Entertainment
1644960,NBA 2K22,,"Sports, Basketball, Simulation, Realistic, Multiplayer, e-sports, 3D, Singleplayer, Team-Based, Character Customization, Management, Controller, Trading, Deckbuilding, 4 Player Local, Co-op, Gambling, Local Co-Op, Local Multiplayer, Online Co-Op",A popular game by Visual Concepts.,Visual Concepts,2K
241930,Middle-earth: Shadow of Mordor,,"Open World, Action, Fantasy, Adventure, Third Person, Stealth, Singleplayer, RPG, Action RPG, Assassin, Hack and Slash, Gore, Parkour, Story Rich, Atmospheric, Dark Fantasy, Magic, Lore-Rich, Based On A Novel, Sandbox",A popular game by Monolith Productions.,Monolith Productions,"Warner Bros. Interactive Entertainment, Warner Bros. Games"
1170950,Mortal Online 2,,"MMORPG, Sandbox, Open World, PvP, Character Customization, RPG, First-Person, Exploration, Swordplay, Medieval, Fantasy, Magic, Crafting, Survival, Adventure, Massively Multiplayer, Old School, Multiplayer, Combat, Gore",A popular game by Star Vault AB.,Star Vault AB,Star Vault AB
261640,Borderlands: The Pre-Sequel,,"Looter Shooter, Co-op, FPS, Action, Comedy, Loot, RPG, Open World, Multiplayer, Shooter, Funny, Online Co-Op, First-Person, Space, Adventure, Sci-fi, Action RPG, Singleplayer, Memes, Atmospheric","A popular game by 2K Australia, Gearbox Software, Aspyr (Linux).","2K Australia, Gearbox Software, Aspyr (Linux)","2K, Aspyr (Linux)"
274170,Hotline Miami 2: Wrong Number,,"Great Soundtrack, Gore, Pixel Graphics, Violent, Action, Fast-Paced, Difficult, Retro, Top-Down, 1980s, Indie, Singleplayer, Top-Down Shooter, Atmospheric, Blood, 2D, Shooter, Level Editor, Arcade, 1990's",A popular game by Dennaton Games.,Dennaton Games,Devolver Digital
368260,Marvel's Midnight Suns,,"Superhero, Turn-Based Tactics, Deckbuilding, Turn-Based Strategy, Tactical RPG, Turn-Based Combat, Card Game, Character Customization, Strategy RPG, Tactical, RPG, Strategy, Card Battler, Adventure, Singleplayer, 3D, Third Person, Supernatural, Magic, Fantasy",A popular game by Firaxis Games.,Firaxis Games,2K
251060,Wargame: Red Dragon,,"Strategy, RTS, Military, Realistic, Wargame, Cold War, Tactical, Multiplayer, Real Time Tactics, War, Simulation, Naval, Alternate History, Singleplayer, Real-Time, Action, Co-op, Difficult, Epic, Adventure",A popular game by Eugen Systems.,Eugen Systems,Eugen Systems
10090,Call of Duty: World at War,,"Zombies, World War II, FPS, Multiplayer, Action, Shooter, Singleplayer, Co-op, First-Person, Moddable, War, Online Co-Op, Gore, Historical, Classic, Survival, Great Soundtrack, Horror, Tanks, Adventure",A popular game by Treyarch.,Treyarch,Activision
211500,RaceRoom Racing Experience,,"Free to Play, Racing, Automobile Sim, Realistic, Multiplayer, Driving, Simulation, Competitive, Physics, PvP, Difficult, Sports, Controller, VR, Singleplayer, First-Person, Massively Multiplayer, e-sports, Co-op, Artificial Intelligence",A popular game by KW Studios.,KW Studios,"KW Studios, RaceRoom Entertainment AG"
694280,Zombie Army 4: Dead War,,"Zombies, Action, Shooter, Multiplayer, Co-op, Third-Person Shooter, Singleplayer, Third Person, Gore, Adventure, Horror, Sniper, PvE, Violent, World War II, Alternate History, Combat, Dark, Demons, Open World",A popular game by Rebellion.,Rebellion,Rebellion
780290,Gloomhaven,,"Online Co-Op, Dark Fantasy, Turn-Based Combat, Card Game, Turn-Based Strategy, Unforgiving, Tactical RPG, Class-Based, Co-op Campaign, Strategy, Difficult, Deckbuilding, 3D, RPG, Tactical, Turn-Based Tactics, Board Game, Turn-Based, Isometric, Party-Based RPG","A popular game by Flaming Fowl Studios, Saber Interactive.","Flaming Fowl Studios, Saber Interactive",Twin Sails Interactive
617290,Remnant: From the Ashes,,"Souls-like, Action, Co-op, RPG, Adventure, Third-Person Shooter, Multiplayer, Online Co-Op, Shooter, Post-apocalyptic, Survival, Difficult, Singleplayer, Lovecraftian, Dark Fantasy, Violent, Procedural Generation, Atmospheric, Replay Value, Horror",A popular game by Gunfire Games.,Gunfire Games,"Arc Games, THQ Nordic"
527230,For The King,,"RPG, Online Co-Op, Strategy, Turn-Based, Rogue-like, Open World, Multiplayer, Turn-Based Combat, Co-op, Tabletop, Adventure, Rogue-lite, Turn-Based Strategy, Party-Based RPG, Board Game, Local Co-Op, Indie, Fantasy, Hex Grid, Strategy RPG",A popular game by IronOak Games.,IronOak Games,Curve Games
698780,Doki Doki Literature Club!,,"Psychological Horror, Visual Novel, Anime, Free to Play, Dating Sim, Cute, Horror, Dark, Story Rich, Romance, Singleplayer, Great Soundtrack, Gore, Violent, Indie, Sexual Content, First-Person, Memes, Casual, Adventure",A popular game by Team Salvato.,Team Salvato,Team Salvato
307780,Mortal Kombat X,,"Fighting, Gore, Action, Multiplayer, Violent, Blood, Mature, Local Multiplayer, 2D Fighter, Competitive, Atmospheric, Singleplayer, Arcade, Great Soundtrack, Online Co-Op, 2.5D, Fantasy, Third Person, Horror, Female Protagonist","A popular game by NetherRealm Studios, QLOC.","NetherRealm Studios, QLOC","Warner Bros. Games, Warner Bros. Interactive Entertainment"
32370,STAR WARS Knights of the Old Republic,,"RPG, Sci-fi, Story Rich, Singleplayer, Classic, Adventure, Party-Based RPG, Real-Time with Pause, Choices Matter, Third Person, Action, Space, Exploration, Fantasy, Atmospheric, Turn-Based, Great Soundtrack, Moddable, Female Protagonist, Open World","A popular game by BioWare, Aspyr (Mac).","BioWare, Aspyr (Mac)","LucasArts, Aspyr (Mac), Disney, Lucasfilm"
1105670,The Last Spell,,"Strategy, Singleplayer, Turn-Based Strategy, RPG, Turn-Based Tactics, Tactical, Turn-Based Combat, Turn-Based, Tactical RPG, Strategy RPG, 2D, Dark Fantasy, Pixel Graphics, Perma Death, Rogue-lite, Tower Defense, Base-Building, Post-apocalyptic, Fantasy, Rogue-like",A popular game by Ishtar Games.,Ishtar Games,"Nacon, The Arcade Crew, Gamera Games, DANGEN Entertainment"
620980,Beat Saber,,"VR, Rhythm, Music, Moddable, Fast-Paced, Singleplayer, Difficult, First-Person, Multiplayer, Indie, Swordplay, Action, Sports, Great Soundtrack, Futuristic, Casual, Music-Based Procedural Generation, PvP, Games Workshop, Early Access",A popular game by Beat Games.,Beat Games,Beat Games
2406770,Bodycam,,"Early Access, FPS, Realistic, Shooter, Military, Co-op, Horror, Zombies, Multiplayer, Team-Based, Immersive Sim, PvP, Action, First-Person, Tactical, Open World, Combat, Physics, Wargame, VR",A popular game by Reissad Studio.,Reissad Studio,Reissad Studio
253710,theHunter Classic,,"Free to Play, Hunting, Multiplayer, Open World, Simulation, Shooter, Co-op, First-Person, Survival, Realistic, Online Co-Op, Adventure, FPS, Singleplayer, Sports, Action, Stealth, Strategy, Massively Multiplayer, Casual","A popular game by Expansive Worlds, Avalanche Studios.","Expansive Worlds, Avalanche Studios","Expansive Worlds, Avalanche Studios"
201810,Wolfenstein: The New Order,,"FPS, Action, Alternate History, Shooter, Singleplayer, Gore, First-Person, World War II, Atmospheric, Story Rich, Sci-fi, Stealth, War, Old School, Adventure, Dystopian , Great Soundtrack, Robots, Epic, Historical",A popular game by MachineGames.,MachineGames,Bethesda Softworks
239030,"Papers, Please",,"Indie, Political, Simulation, Point & Click, Singleplayer, Pixel Graphics, Dystopian , Multiple Endings, Puzzle, Story Rich, Retro, Atmospheric, 2D, Addictive, Great Soundtrack, Strategy, Replay Value, Casual, Difficult, Adventure",A popular game by Lucas Pope.,Lucas Pope,3909
551170,Onmyoji,,"RPG, Free to Play, Anime, Turn-Based, Strategy, Adventure, Multiplayer, Fantasy, PvP, Early Access, Mythology, Massively Multiplayer, JRPG",A popular game by NetEase Games.,NetEase Games,NetEase Games
1124300,HUMANKIND,,"Strategy, Turn-Based Strategy, 4X, Multiplayer, City Builder, Historical, Grand Strategy, Management, Singleplayer, Turn-Based, War, Hex Grid, Simulation, Alternate History, Open World, Tactical, Great Soundtrack, Building, Survival, Character Customization",A popular game by AMPLITUDE Studios.,AMPLITUDE Studios,AMPLITUDE Studios
2780980,LOCKDOWN Protocol,,"Early Access, Multiplayer, Social Deduction, Conversation, Space, Action, Investigation, Casual, First-Person, Sci-fi, Puzzle, FPS, Real Time Tactics, PvP, Team-Based, 3D, Perma Death, Strategy, Cute, Stylized",A popular game by Mirage Creative Lab.,Mirage Creative Lab,Mirage Creative Lab
383150,Dead Island Definitive Edition,,"Zombies, Open World, Co-op, Multiplayer, Survival, Action, Gore, Horror, First-Person, FPS, Online Co-Op, Singleplayer, Crafting, RPG, Survival Horror, Violent, Adventure, Nudity, Controller, Female Protagonist",A popular game by Techland.,Techland,Deep Silver
223710,Cry of Fear,,"Horror, Free to Play, Multiplayer, Psychological Horror, Survival Horror, Co-op, Atmospheric, Action, First-Person, Psychological, Indie, Online Co-Op, Singleplayer, FPS, Adventure, Zombies, Shooter, Survival, Mod, Massively Multiplayer",A popular game by Team Psykskallar.,Team Psykskallar,Team Psykskallar
219150,Hotline Miami,,"Great Soundtrack, Violent, Action, Indie, Pixel Graphics, Top-Down, Gore, 1980s, Fast-Paced, Retro, Psychedelic, Difficult, Singleplayer, Surreal, 2D, Shooter, Top-Down Shooter, Atmospheric, Addictive, Music",A popular game by Dennaton Games.,Dennaton Games,Devolver Digital
1637320,Dome Keeper,,"Singleplayer, Post-apocalyptic, Rogue-like, Action, Sci-fi, Combat, Resource Management, Tower Defense, Pixel Graphics, Atmospheric, Space, Procedural Generation, Physics, Replay Value, Exploration, Retro, 2D, Controller, Tactical, Adventure",A popular game by Bippinbits.,Bippinbits,Raw Fury
237310,Elsword,,"Free to Play, Anime, RPG, Action, MMORPG, Massively Multiplayer, Adventure, Multiplayer, Fighting, Side Scroller, PvP, Online Co-Op, Hack and Slash, 2D, Fantasy, Cute, Casual, Co-op, Platformer, Beat 'em up",A popular game by KOG.,KOG,KOG Games
10180,Call of Duty: Modern Warfare 2 (2009),,"Action, FPS, Multiplayer, Shooter, First-Person, Singleplayer, War, Military, Co-op, Online Co-Op, PvP, Great Soundtrack, Story Rich, Atmospheric, Controller, Adventure, Tactical, Linear, Strategy, Moddable",A popular game by Infinity Ward.,Infinity Ward,Activision
1096530,Solasta: Crown of the Magister,,"RPG, Co-op Campaign, Character Customization, Multiplayer, Turn-Based Combat, Dungeons & Dragons, Choices Matter, CRPG, Story Rich, Fantasy, Adventure, Strategy RPG, Combat, Strategy, Singleplayer, Class-Based, Controller, Party-Based RPG, Team-Based, Online Co-Op",A popular game by Tactical Adventures.,Tactical Adventures,Tactical Adventures
47810,Dragon Age: Origins - Ultimate Edition,,"RPG, Fantasy, Story Rich, Choices Matter, Singleplayer, Party-Based RPG, Real-Time with Pause, Character Customization, Mature, Adventure, Multiple Endings, Well-Written, Dark Fantasy, Strategy, Dragons, Female Protagonist, Classic, Open World, Tactical, Moddable",A popular game by BioWare.,BioWare,Electronic Arts
2138710,Sifu,,"Action, Martial Arts, Beat 'em up, Difficult, Third Person, Singleplayer, Souls-like, Crime, Indie, Blood, Swordplay, Fighting, Dark, Action Roguelike, Arcade, Hack and Slash, Rogue-like, Action-Adventure, Dark Fantasy, War",A popular game by Sloclap.,Sloclap,"Sloclap, Kepler Interactive"
342200,MechWarrior Online Solaris 7,,"Free to Play, Mechs, Multiplayer, Shooter, Action, Robots, Sci-fi, Simulation, FPS, PvP, Massively Multiplayer, Strategy, First-Person, Tactical, Team-Based, War, Survival, Singleplayer, Walking Simulator, Violent",A popular game by Piranha Games Inc..,Piranha Games Inc.,Piranha Games Inc.
482730,Football Manager 2017,,"Sports, Football (Soccer), Simulation, Management, Football (American), Strategy, Tactical, Multiplayer, Singleplayer, Casual, Action",A popular game by Sports Interactive.,Sports Interactive,SEGA
243470,Watch_Dogs,,"Open World, Hacking, Action, Multiplayer, Third Person, Adventure, Stealth, Third-Person Shooter, Singleplayer, Shooter, Atmospheric, Parkour, Epic, Driving, Co-op, Beautiful, Strategy, Futuristic, RPG, Simulation",A popular game by Ubisoft.,Ubisoft,Ubisoft
373420,Divinity: Original Sin - Enhanced Edition,,"RPG, Turn-Based, Co-op, Adventure, Fantasy, Party-Based RPG, Strategy, Turn-Based Combat, Story Rich, Character Customization, CRPG, Open World, Local Co-Op, Singleplayer, Isometric, Multiplayer, Indie, Turn-Based Strategy, Great Soundtrack, Split Screen",A popular game by Larian Studios.,Larian Studios,Larian Studios
78000,Bejeweled 3,,"Puzzle, Casual, Match 3, Singleplayer, Strategy, Addictive, Relaxing, Classic, Great Soundtrack, Touch-Friendly, Colorful, Family Friendly, Indie, Arcade, 2D","A popular game by PopCap Games, Inc..","PopCap Games, Inc.","PopCap Games, Inc., Electronic Arts"
39140,FINAL FANTASY VII,,"JRPG, RPG, Classic, Turn-Based, Story Rich, Singleplayer, Great Soundtrack, Fantasy, Retro, Adventure, Party-Based RPG, Epic, Sci-fi, Open World, Cyberpunk, Atmospheric, Dystopian , Exploration, 1990's, Strategy",A popular game by Square Enix.,Square Enix,Square Enix
2849080,Kingdom Rush 5: Alliance TD,,"Strategy, Tower Defense, 2D, Cartoon, Cartoony, Singleplayer, Fantasy, Dragons, Building, Funny, Indie, Medieval, Action, Adventure, Comedy, Magic, Dark",A popular game by Ironhide Game Studio.,Ironhide Game Studio,Ironhide Game Studio
349040,NARUTO SHIPPUDEN: Ultimate Ninja STORM 4,,"Anime, Fighting, Action, Multiplayer, Ninja, Adventure, Story Rich, Local Multiplayer, Singleplayer, Third Person, Great Soundtrack, Open World, Fantasy, Co-op, Atmospheric, Online Co-Op, Local Co-Op, Beat 'em up, Memes, Heist",A popular game by CyberConnect2 Co. Ltd..,CyberConnect2 Co. Ltd.,BANDAI NAMCO Entertainment
2140510,Town of Salem 2,,"Free to Play, Social Deduction, Strategy, RPG, PvP, Multiplayer, Casual, Conversation, Cartoony, Strategy RPG, Fantasy, Werewolves, Mystery, Magic, Cartoon, Supernatural, Psychological Horror, Choices Matter, Cute, Isometric",A popular game by BlankMediaGames LLC.,BlankMediaGames LLC,Digital Bandidos
269950,X-Plane 11,,"Simulation, Flight, Realistic, Open World, Multiplayer, VR, Singleplayer, Physics, First-Person, Sandbox, Atmospheric, Adventure, Third Person, Education, Exploration, Family Friendly, Beautiful, Action, Controller, Massively Multiplayer",A popular game by Laminar Research.,Laminar Research,Laminar Research
410900,Forts,,"Base-Building, Multiplayer, Physics, Strategy, Destruction, Building, Moddable, Sandbox, Action, 2D, Military, Tactical, Memes, Singleplayer, Funny, Level Editor, Indie, Retro, Pixel Graphics, Lemmings",A popular game by EarthWork Games.,EarthWork Games,EarthWork Games
228280,Baldur's Gate: Enhanced Edition,,"RPG, Fantasy, Dungeons & Dragons, CRPG, Isometric, Party-Based RPG, Real-Time with Pause, Singleplayer, Story Rich, Character Customization, Old School, Adventure, Co-op, Multiplayer, Magic, Online Co-Op, Atmospheric, Action-Adventure, Remake, Strategy",A popular game by Beamdog.,Beamdog,Beamdog
7940,Call of Duty 4: Modern Warfare (2007),,"FPS, Action, Multiplayer, Shooter, Singleplayer, First-Person, Classic, Military, War, PvP, Story Rich, Great Soundtrack, Linear, Modern, Controller, Co-op, Atmospheric, Moddable, Competitive, Zombies",A popular game by Infinity Ward.,Infinity Ward,Activision
1017180,The Long Drive,,"Driving, Open World, Multiplayer, Survival, Automobile Sim, Exploration, Post-apocalyptic, Adventure, First-Person, Racing, Simulation, Shooter, Singleplayer, Horror, Early Access, Sexual Content, Indie, Casual, Realistic, Psychological Horror",A popular game by Genesz.,Genesz,Genesz
1817190,Marvel’s Spider-Man: Miles Morales,,"Open World, Action, Singleplayer, Superhero, Adventure, Third Person, Combat, Parkour, Story Rich, Exploration, Action-Adventure, Stealth, Comic Book, Beat 'em up, Great Soundtrack, Multiplayer, Beautiful, Sci-fi, RPG, Mature","A popular game by Insomniac Games, Nixxes Software.","Insomniac Games, Nixxes Software",PlayStation Publishing LLC
285900,Gang Beasts,,"Funny, Physics, Multiplayer, Colorful, Party Game, Local Multiplayer, Party, Fighting, Comedy, 3D Fighter, Casual, Soundtrack, 4 Player Local, Co-op, Family Friendly, Beat 'em up, Memes, Third Person, Singleplayer, Indie","A popular game by Boneloaf, Rocket Science.","Boneloaf, Rocket Science",Boneloaf
1106840,Hydroneer,,"Base-Building, Mining, Automation, Sandbox, Co-op, Open World, Multiplayer, Building, Funny, Resource Management, Casual, Simulation, Indie, Singleplayer, Adventure, Crafting, First-Person, Strategy, Family Friendly, Split Screen",A popular game by Foulball Hangover.,Foulball Hangover,Foulball Hangover
289650,Assassin's Creed Unity,,"Open World, Parkour, Assassin, Co-op, Stealth, Historical, Action, Adventure, Multiplayer, Third Person, Online Co-Op, Singleplayer, Atmospheric, Story Rich, Great Soundtrack, RPG, Action RPG, Tactical, Simulation, Beautiful",A popular game by Ubisoft.,Ubisoft,Ubisoft
1611910,"Warhammer 40,000: Chaos Gate - Daemonhunters",,"Warhammer 40K, Turn-Based Strategy, Turn-Based Tactics, Strategy RPG, Tactical, Choices Matter, Strategy, Character Customization, PvE, 3D, Turn-Based Combat, Third Person, Story Rich, Dark Fantasy, Stylized, Sci-fi, RPG, Demons, Tactical RPG, Futuristic",A popular game by Complex Games.,Complex Games,Frontier Foundry
2239150,Thronefall,,"Tower Defense, Strategy, City Builder, Minimalist, Medieval, Action, Action RTS, Building, 3D, Base-Building, Colorful, Isometric, Stylized, Fantasy, Combat, Singleplayer, Indie, Controller, Hack and Slash, Early Access","A popular game by GrizzlyGames, Mythwright.","GrizzlyGames, Mythwright",Mythwright
273110,Counter-Strike Nexon: Studio,,"Free to Play, FPS, Zombies, Sandbox, PvE, Multiplayer, PvP, Shooter, Horror, Action, Co-op, First-Person, Survival Horror, Online Co-Op, Gore, Funny, 3D, Dark, Mod, Singleplayer","A popular game by Valve, NEXON.","Valve, NEXON",NEXON
269210,Hero Siege,,"Action RPG, Pixel Graphics, Hack and Slash, Action Roguelike, RPG, Multiplayer, Co-op, Action, Indie, Adventure, Rogue-like, 2D, Top-Down, Local Co-Op, Rogue-lite, Bullet Hell, Fantasy, Difficult, Controller, Singleplayer",A popular game by Panic Art Studios Ltd.,Panic Art Studios Ltd,Panic Art Studios Ltd
2231450,Pizza Tower,,"Great Soundtrack, 2D Platformer, Fast-Paced, Indie, Cartoony, Platformer, Funny, Singleplayer, Pixel Graphics, Comedy, Action, 2D, Epic, Colorful, Difficult, Retro, 1990's, Adventure, Memes, War",A popular game by Tour De Pizza.,Tour De Pizza,Tour De Pizza
1455840,Dorfromantik,,"Puzzle, Relaxing, City Builder, Turn-Based Strategy, Board Game, Strategy, Casual, Sandbox, Simulation, Resource Management, Minimalist, Family Friendly, Procedural Generation, Logic, Controller, Indie, Turn-Based Tactics, 3D, Hand-drawn, Singleplayer",A popular game by Toukana Interactive.,Toukana Interactive,Toukana Interactive
409710,BioShock Remastered,,"FPS, Story Rich, Atmospheric, Horror, Singleplayer, First-Person, Action, Dystopian , Shooter, Underwater, Steampunk, Sci-fi, Dark, Adventure, Classic, Great Soundtrack, Immersive Sim, Alternate History, Remake, RPG","A popular game by 2K Boston, 2K Australia, Blind Squirrel, Feral Interactive (Mac).","2K Boston, 2K Australia, Blind Squirrel, Feral Interactive (Mac)","2K, Feral Interactive (Mac)"
843380,Super Animal Royale,,"Battle Royale, Free to Play, Cute, Multiplayer, Casual, Online Co-Op, Shooter, Massively Multiplayer, Funny, Character Customization, Co-op, Top-Down Shooter, PvP, Action, Indie, Survival, Colorful, Lore-Rich, Family Friendly, Adventure",A popular game by Pixile.,Pixile,Pixile
12120,Grand Theft Auto: San Andreas,,"Open World, Action, Crime, Classic, Third Person, Automobile Sim, Singleplayer, Multiplayer, Shooter, Driving, Story Rich, Adventure, Sandbox, Mature, Great Soundtrack, Third-Person Shooter, Moddable, Atmospheric, Funny, Comedy",A popular game by Rockstar Games.,Rockstar Games,Rockstar Games
760160,Vampire: The Masquerade - Bloodhunt,,"Multiplayer, Battle Royale, Vampire, PvP, Third-Person Shooter, Combat, Survival, Shooter, Supernatural, Action, Free to Play, Parkour, Realistic, Third Person, Dark, 3D, Gothic, Stylized, Character Customization, Tactical",A popular game by Sharkmob AB.,Sharkmob AB,Sharkmob AB
952060,Resident Evil 3,,"Action, Zombies, Horror, Female Protagonist, Multiplayer, Survival Horror, Remake, Singleplayer, Third Person, Co-op, Gore, Third-Person Shooter, Violent, Story Rich, Atmospheric, Adventure, Sexual Content, Classic, Difficult, Great Soundtrack","A popular game by CAPCOM Co., Ltd..","CAPCOM Co., Ltd.","CAPCOM Co., Ltd."
17480,Command & Conquer: Red Alert 3,,"Family Friendly, Level Editor, Strategy, RTS, Action, Multiplayer, Co-op, Singleplayer, Base-Building, Online Co-Op, Alternate History, War, Real-Time, Sci-fi, Co-op Campaign, Classic, Great Soundtrack, Comedy, FMV, Atmospheric",A popular game by EA Los Angeles.,EA Los Angeles,Electronic Arts
2218750,Halls of Torment,,"Action Roguelike, Rogue-lite, Bullet Hell, Pixel Graphics, Action RPG, Dark Fantasy, Rogue-like, Action, RPG, Arcade, Hack and Slash, Top-Down, 2D, Singleplayer, Dark, Atmospheric, Demons, Gothic, Fantasy, Medieval",A popular game by Chasing Carrots.,Chasing Carrots,Chasing Carrots
392110,ENDLESS Space 2,,"Strategy, Space, Sci-fi, 4X, Turn-Based Strategy, Multiplayer, Turn-Based, Grand Strategy, Great Soundtrack, Singleplayer, Action, Open World, War, Atmospheric, Co-op, Moddable, Sandbox, RPG, Indie, RTS",A popular game by AMPLITUDE Studios.,AMPLITUDE Studios,AMPLITUDE Studios
42680,Call of Duty: Modern Warfare 3 (2011),,"Action, FPS, Multiplayer, Shooter, First-Person, War, Singleplayer, Online Co-Op, Military, Co-op, Casual, Story Rich, Survival, Controller, Linear, Point & Click, Adventure, Masterpiece, Zombies, Family Friendly","A popular game by Infinity Ward, Sledgehammer Games.","Infinity Ward, Sledgehammer Games",Activision
230290,Universe Sandbox,,"Sandbox, Space, Simulation, Physics, Science, Destruction, Realistic, God Game, Education, Singleplayer, Early Access, Relaxing, Family Friendly, Open World, Space Sim, Casual, Sci-fi, Indie, Atmospheric, Exploration",A popular game by Giant Army.,Giant Army,Giant Army
2064650,Tower of Fantasy,,"Anime, MMORPG, Open World, RPG, Action, Action-Adventure, Free to Play, Action RPG, 3D Platformer, Cinematic, Cartoony, Drama, Sci-fi, Post-apocalyptic, Futuristic, Cyberpunk, Character Customization, Massively Multiplayer, Story Rich, Bullet Time",A popular game by Hotta Studio.,Hotta Studio,Perfect World Games
571740,Golf It!,,"Multiplayer, Mini Golf, Golf, Casual, Sports, Funny, Online Co-Op, Singleplayer, Simulation, Level Editor, Indie, Early Access, Local Multiplayer, Sandbox, Co-op, VR, Family Friendly, Memes, Difficult, Strategy",A popular game by Perfuse Entertainment.,Perfuse Entertainment,Perfuse Entertainment
236110,Dungeon Defenders II,,"Multiplayer, Online Co-Op, Co-op Campaign, Tower Defense, Singleplayer, Strategy RPG, Survival, Action RPG, Building, Third Person, Character Customization, Tactical, Loot, Family Friendly, Cartoony, Fantasy, Team-Based, 3D, Colorful, Party-Based RPG",A popular game by Chromatic Games.,Chromatic Games,Chromatic Games
996580,Spyro Reignited Trilogy,,"3D Platformer, Adventure, Remake, Dragons, Family Friendly, Action, Classic, Singleplayer, Platformer, Colorful, Collectathon, Cute, Fantasy, Cult Classic, Cartoony, Great Soundtrack, Casual, Third Person, Funny, Atmospheric","A popular game by Toys for Bob, Iron Galaxy Studios.","Toys for Bob, Iron Galaxy Studios",Activision
377840,FINAL FANTASY IX,,"JRPG, Story Rich, Great Soundtrack, Fantasy, RPG, Classic, Turn-Based Combat, Singleplayer, Adventure, Turn-Based, Atmospheric, Open World, Party-Based RPG, Funny, Cult Classic, Steampunk, Medieval, Exploration, Anime, Action",A popular game by Square Enix.,Square Enix,Square Enix
386940,Ultimate Chicken Horse,,"Multiplayer, Party, Funny, Platformer, Local Co-Op, Party Game, PvP, Local Multiplayer, Level Editor, Precision Platformer, 4 Player Local, Online Co-Op, Casual, Competitive, Family Friendly, Parkour, 2D, Cute, Action, 2D Platformer",A popular game by Clever Endeavour Games.,Clever Endeavour Games,Clever Endeavour Games
16900,GROUND BRANCH,,"Tactical, Realistic, Military, FPS, Shooter, Multiplayer, Singleplayer, Simulation, Action, Co-op, First-Person, Gun Customization, War, Online Co-Op, Early Access, Indie, Strategy, Team-Based, Sandbox, Atmospheric","A popular game by BlackFoot Studios, MicroProse Software.","BlackFoot Studios, MicroProse Software",MicroProse Software
1282730,Loop Hero,,"Tactical, Rogue-like, Pixel Graphics, Deckbuilding, Rogue-lite, Choices Matter, Indie, Resource Management, Card Game, Strategy RPG, 2D, Dark Fantasy, Old School, Story Rich, Fantasy, Time Management, RPG, Turn-Based Tactics, Minimalist, Adventure",A popular game by Four Quarters.,Four Quarters,Devolver Digital
1948280,Stacklands,,"Card Game, Management, Survival, Card Battler, Rogue-lite, City Builder, Strategy, Building, Solitaire, 2D, Singleplayer, Tabletop, Deckbuilding, Cute, Simulation, Indie, Hand-drawn, Colorful, Casual, Fantasy",A popular game by Sokpop Collective.,Sokpop Collective,Sokpop Collective
2280,DOOM + DOOM II,,"FPS, Classic, 1990's, Action, Great Soundtrack, Retro, Old School, Demons, Shooter, Gore, First-Person, Singleplayer, Boomer Shooter, Moddable, Fast-Paced, Sci-fi, Violent, 2.5D, Multiplayer, Difficult","A popular game by id Software, Nightdive Studios.","id Software, Nightdive Studios",Bethesda
502500,ACE COMBAT 7: SKIES UNKNOWN,,"Flight, Jet, Military, War, Shooter, Arcade, Cinematic, PvP, 3D, Action, First-Person, Story Rich, Simulation, Third Person, Multiplayer, Great Soundtrack, Singleplayer, Silent Protagonist, Sci-fi, Realistic",A popular game by Bandai Namco Studios Inc..,Bandai Namco Studios Inc.,Bandai Namco Entertainment
637650,FINAL FANTASY XV WINDOWS EDITION,,"RPG, Open World, JRPG, Fantasy, Story Rich, Great Soundtrack, Singleplayer, Adventure, Action, Multiplayer, Action RPG, Third Person, Anime, Hack and Slash, Atmospheric, Online Co-Op, Co-op, Violent, First-Person, Nudity",A popular game by Square Enix.,Square Enix,Square Enix
32440,LEGO Star Wars - The Complete Saga,,"LEGO, Local Co-Op, Adventure, Co-op, Family Friendly, Multiplayer, Comedy, Singleplayer, Funny, Classic, Action, Sci-fi, Local Multiplayer, Great Soundtrack, Space, Controller, Casual, Puzzle, Open World, Online Co-Op",A popular game by Traveller's Tales.,Traveller's Tales,"LucasArts, Lucasfilm, Disney"
1128920,EVERSPACE 2,,"Shooter, Space, Loot, Exploration, Looter Shooter, Open World, Action RPG, Action-Adventure, Story Rich, Adventure, Action, PvE, Combat, Simulation, Flight, RPG, Singleplayer, Third-Person Shooter, Third Person, Sci-fi",A popular game by ROCKFISH Games.,ROCKFISH Games,ROCKFISH Games
1547000,Grand Theft Auto: San Andreas – The Definitive Edition,,"Sexual Content, Open World, Action, Crime, Third-Person Shooter, Nudity, Adventure, Violent, Action-Adventure, Third Person, 1990's, Singleplayer, Mature, Story Rich, Combat, Gore, Classic, Psychological Horror, Memes, Sandbox",A popular game by Rockstar Games.,Rockstar Games,Rockstar Games
367500,Dragon's Dogma: Dark Arisen,,"RPG, Open World, Character Customization, Fantasy, Action, Adventure, Singleplayer, Action RPG, Dragons, Dark Fantasy, Third Person, Magic, Exploration, Atmospheric, Great Soundtrack, Story Rich, Difficult, Multiplayer, JRPG, Hack and Slash",A popular game by Capcom.,Capcom,Capcom
228380,Wreckfest,,"Racing, Destruction, Automobile Sim, Simulation, Multiplayer, Driving, Physics, Action, Indie, Sports, Singleplayer, Realistic, Funny, Arcade, Early Access, Sandbox, Third Person, Co-op, Open World, Atmospheric",A popular game by Bugbear.,Bugbear,THQ Nordic
1127500,Mini Motorways,,"Strategy, Simulation, Casual, Indie, Management, Minimalist, Puzzle, Relaxing, Transportation, Singleplayer, Building, Stylized, Top-Down, City Builder, Beautiful, Resource Management, Family Friendly, Great Soundtrack, Touch-Friendly, Rogue-like",A popular game by Dinosaur Polo Club.,Dinosaur Polo Club,Dinosaur Polo Club
292730,Call of Duty: Infinite Warfare,,"Action, FPS, Multiplayer, Zombies, Futuristic, Space, Shooter, Hero Shooter, First-Person, Singleplayer, Sci-fi, Robots, Adventure, Story Rich, Atmospheric, Quick-Time Events, War, Great Soundtrack, Co-op, Post-apocalyptic",A popular game by Infinity Ward.,Infinity Ward,Activision
6060,"STAR WARS Battlefront II (Classic, 2005)",,"Action, Multiplayer, Shooter, Classic, Third-Person Shooter, Sci-fi, Space, FPS, First-Person, Singleplayer, Moddable, Third Person, Military, Co-op, Tactical, Great Soundtrack, Strategy, Adventure, Addictive, Epic",A popular game by Pandemic Studios.,Pandemic Studios,"Lucasfilm, LucasArts, Disney"
858810,Dawn of Man,,"City Builder, Colony Sim, Survival, Strategy, Simulation, Historical, Sandbox, Singleplayer, Open World, Economy, Indie, Choices Matter, RTS, Resource Management, Destruction, Multiplayer, Story Rich, Management, Nudity, Political",A popular game by Madruga Works.,Madruga Works,Madruga Works
223470,POSTAL 2,,"Violent, Dark Humor, Open World, Mature, First-Person, Funny, Comedy, Sandbox, Moddable, Third Person, Gore, FPS, Action, Dark Comedy, Singleplayer, Multiplayer, Shooter, Classic, Adventure, Satire",A popular game by Running With Scissors.,Running With Scissors,Running With Scissors
287390,Metro: Last Light Redux,,"Post-apocalyptic, FPS, Atmospheric, Action, Story Rich, Horror, Singleplayer, First-Person, Shooter, Stealth, Survival, Based On A Novel, Adventure, Survival Horror, Nudity, Remake, Sci-fi, Multiplayer, Difficult, Open World",A popular game by 4A Games.,4A Games,Deep Silver
22370,Fallout 3: Game of the Year Edition,,"Open World, RPG, Post-apocalyptic, Singleplayer, Moddable, First-Person, Sci-fi, FPS, Adventure, Action, Exploration, Replay Value, Atmospheric, Sandbox, Third Person, Story Rich, Shooter, Action RPG, Cult Classic, Great Soundtrack",A popular game by Bethesda Game Studios.,Bethesda Game Studios,Bethesda Softworks
997010,Police Simulator: Patrol Officers,,"Simulation, Crime, Open World, Multiplayer, Realistic, Investigation, Online Co-Op, Immersive Sim, Singleplayer, America, Co-op, Third Person, 3D, Exploration, Automobile Sim, Character Customization, Choices Matter, Education, Early Access, Female Protagonist",A popular game by Aesir Interactive.,Aesir Interactive,astragon Entertainment
331470,Everlasting Summer,,"Visual Novel, Story Rich, Free to Play, Anime, Great Soundtrack, Choices Matter, Mature, Romance, Singleplayer, Nudity, Multiple Endings, 2D, Dating Sim, Replay Value, Mystery, Adventure, Comedy, Indie, Classic, Casual",A popular game by Soviet Games.,Soviet Games,Soviet Games
569480,Kingdoms and Castles,,"City Builder, Colony Sim, Strategy, Medieval, Building, Simulation, Sandbox, Resource Management, Base-Building, Singleplayer, Survival, Management, RTS, Economy, Action, Colorful, Relaxing, Open World, Great Soundtrack, Crafting","A popular game by Lion Shield, LLC.","Lion Shield, LLC","Lion Shield, LLC"
512900,Streets of Rogue,,"Rogue-lite, Action Roguelike, Pixel Graphics, Multiplayer, RPG, Rogue-like, Indie, Action, Co-op, Adventure, Local Co-Op, Funny, Online Co-Op, Stealth, Procedural Generation, Great Soundtrack, 2D, Immersive Sim, Violent, Gore",A popular game by Matt Dabrowski.,Matt Dabrowski,tinyBuild
418530,Spelunky 2,,"Platformer, 2D Platformer, Difficult, Online Co-Op, Perma Death, Co-op, Replay Value, Indie, Procedural Generation, 4 Player Local, Local Co-Op, PvP, Action, 2D, Action Roguelike, Side Scroller, Cute, Rogue-like, Funny, Dark Humor","A popular game by Mossmouth, BlitWorks.","Mossmouth, BlitWorks",Mossmouth
1693980,Dead Space,,"Horror, Third-Person Shooter, Sci-fi, Space, Survival Horror, Psychological Horror, Shooter, Action-Adventure, Singleplayer, Third Person, Atmospheric, Action, Survival, Remake, Aliens, Dark, Violent, Adventure, Combat, Blood",A popular game by Motive.,Motive,Electronic Arts
673950,Farm Together,,"Agriculture, Multiplayer, Simulation, Relaxing, Online Co-Op, Casual, Farming Sim, Building, Co-op, Cute, Sandbox, Singleplayer, Character Customization, Third Person, Cartoony, Replay Value, Controller, Colony Sim, Horses, Female Protagonist",A popular game by Milkstone Studios.,Milkstone Studios,Milkstone Studios
731490,Crash Bandicoot N. Sane Trilogy,,"3D Platformer, Remake, Platformer, Classic, Difficult, Singleplayer, Adventure, Great Soundtrack, Action, Funny, Cartoony, Colorful, Controller, Family Friendly, Retro, 1990's, Comedy, Third Person, Nostalgia, Cute","A popular game by Vicarious Visions, Iron Galaxy Studios.","Vicarious Visions, Iron Galaxy Studios",Activision
605740,"Flashing Lights - Police, Firefighting, Emergency Services (EMS) Simulator",,"Adventure, Driving, Simulation, Automobile Sim, Physics, Crime, Shooter, Open World, Realistic, Third-Person Shooter, Destruction, RPG, Multiplayer, Sandbox, Third Person, Exploration, FPS, America, Massively Multiplayer, Action",A popular game by Nils Jakrins.,Nils Jakrins,Excalibur Games
489520,Minion Masters,,"PvE, Trading Card Game, Stylized, Turn-Based Tactics, Free to Play, Multiplayer, Card Battler, PvP, Tactical RPG, Strategy, Deckbuilding, Card Game, Real Time Tactics, Online Co-Op, Colorful, Fantasy, RTS, Co-op, Tower Defense, Singleplayer",A popular game by BetaDwarf.,BetaDwarf,BetaDwarf
105450,Age of Empires III (2007),,"Strategy, RTS, Base-Building, Multiplayer, Historical, Resource Management, City Builder, War, Simulation, Singleplayer, Real-Time, Military, Classic, Building, Open World, Co-op, Action, Online Co-Op, Real-Time with Pause, Adventure",A popular game by Ensemble Studios.,Ensemble Studios,Xbox Game Studios
403640,Dishonored 2,,"Stealth, First-Person, Action, Assassin, Singleplayer, Steampunk, Story Rich, Atmospheric, Female Protagonist, Magic, Parkour, Supernatural, Open World, Adventure, Immersive Sim, Exploration, Gore, Great Soundtrack, Heist, Dystopian ",A popular game by Arkane Studios.,Arkane Studios,Bethesda Softworks
493520,GTFO,,"Online Co-Op, Horror, Co-op, FPS, Difficult, Multiplayer, Shooter, Survival Horror, Action, Stealth, Tactical, Team-Based, Gore, First-Person, Zombies, PvE, Atmospheric, Character Customization, Violent, Replay Value",A popular game by 10 Chambers.,10 Chambers,10 Chambers
248390,Craft The World,,"Dwarf, Colony Sim, Crafting, Building, Sandbox, Survival, Open World, Strategy, Indie, Simulation, City Builder, RPG, 2D, Multiplayer, Singleplayer, Resource Management, Fantasy, Adventure, God Game, Tower Defense","A popular game by Dekovir Entertainment, Sibear Games.","Dekovir Entertainment, Sibear Games",Dekovir Ltd
8870,BioShock Infinite,,"FPS, Story Rich, Action, Singleplayer, Steampunk, Atmospheric, Shooter, First-Person, Beautiful, Alternate History, Adventure, Great Soundtrack, Dystopian , Sci-fi, Time Travel, Fantasy, Gore, Linear, RPG, Immersive","A popular game by Irrational Games, Virtual Programming (Linux).","Irrational Games, Virtual Programming (Linux)",2K
476600,Call of Duty: WWII,,"World War II, FPS, Multiplayer, Singleplayer, Zombies, War, Action, Shooter, First-Person, Co-op, Violent, Gore, Historical, Story Rich, Psychological Horror, Horror, Massively Multiplayer, Open World, Female Protagonist, Heist","A popular game by Sledgehammer Games, Raven Software.","Sledgehammer Games, Raven Software",Activision
249130,LEGO Marvel Super Heroes,,"LEGO, Open World, Superhero, Local Co-Op, Adventure, Action, Family Friendly, Co-op, Multiplayer, Comedy, Funny, Singleplayer, Comic Book, Third Person, Split Screen, Local Multiplayer, Puzzle, Casual, Sandbox, Platformer",A popular game by Traveller's Tales.,Traveller's Tales,Warner Bros. Interactive Entertainment
595520,FINAL FANTASY XII THE ZODIAC AGE,,"RPG, JRPG, Fantasy, Singleplayer, Story Rich, Great Soundtrack, Open World, Adventure, Exploration, Classic, Party-Based RPG, Real-Time with Pause, Third Person, Action, Anime, Turn-Based, Remake, Atmospheric, Strategy, Female Protagonist",A popular game by Square Enix.,Square Enix,Square Enix
424030,War of Rights,,"Historical, War, Multiplayer, Realistic, Action, Simulation, Military, FPS, Strategy, First-Person, Shooter, Early Access, Massively Multiplayer, Indie, Violent, America, Singleplayer, Gore, Tactical, Mature",A popular game by Campfire Games.,Campfire Games,Campfire Games
282440,Quake Live,,"FPS, Arena Shooter, Multiplayer, Classic, Fast-Paced, Action, Shooter, e-sports, Competitive, First-Person, Difficult, Cult Classic, Old School, Parkour, Funny, Violent, Nostalgia, Addictive, Atmospheric, Survival",A popular game by id Software.,id Software,Bethesda Softworks
364360,Total War: WARHAMMER,,"Strategy, Fantasy, RTS, War, Turn-Based Strategy, Games Workshop, Grand Strategy, Multiplayer, Tactical, Dark Fantasy, Action, Singleplayer, Turn-Based, Dwarf, Atmospheric, Co-op, Story Rich, Open World, RPG, Gore","A popular game by CREATIVE ASSEMBLY, Feral Interactive (Linux), Feral Interactive (Mac).","CREATIVE ASSEMBLY, Feral Interactive (Linux), Feral Interactive (Mac)","SEGA, Feral Interactive (Linux), Feral Interactive (Mac)"
326460,ShellShock Live,,"Tanks, Multiplayer, Strategy, 2D, Action, Turn-Based, Shooter, Casual, Online Co-Op, Early Access, Massively Multiplayer, Indie, Colorful, Funny, Turn-Based Strategy, Co-op, Singleplayer, Physics, Great Soundtrack, Family Friendly",A popular game by kChamp Games.,kChamp Games,kChamp Games
1483870,Draw & Guess,,"Party, Multiplayer, Funny, Casual, Online Co-Op, Party Game, Relaxing, Comedy, 2D, PvP, Cute, PvE, Colorful, Cartoony, Cartoon, Hand-drawn, Co-op, Singleplayer, Spelling, Puzzle",A popular game by Acureus.,Acureus,Acureus
337320,Paint the Town Red,,"Gore, Blood, Action, Violent, Multiplayer, Fighting, First-Person, Physics, Rogue-like, Beat 'em up, Funny, Voxel, Rogue-lite, Singleplayer, FPS, Indie, Mature, Adventure, Difficult, Arcade",A popular game by South East Games.,South East Games,South East Games
1859910,Legend of Mortal,,"RPG, Choices Matter, Multiple Endings, Lore-Rich, Replay Value, Martial Arts, Drama, Dating Sim, Singleplayer, Strategy, Funny, Narrative, Indie, Adventure, 2D, Sexual Content, Action, Retro, Atmospheric, Tactical RPG",A popular game by Obb Studio Inc..,Obb Studio Inc.,"Paras Games, Obb Studio Inc."
911400,Assassin's Creed III Remastered,,"Action, Adventure, Assassin, Open World, Stealth, Historical, Parkour, Singleplayer, Third Person, Story Rich, America, Multiplayer, Great Soundtrack, RPG, Gore, Action-Adventure, Atmospheric, Co-op, Action RPG, Alternate History",A popular game by Ubisoft Entertainment.,Ubisoft Entertainment,Ubisoft Entertainment				
319630,Life is Strange - Episode 1,,"Story Rich, Choices Matter, Great Soundtrack, Female Protagonist, Time Travel, Atmospheric, Episodic, Singleplayer, Adventure, Time Manipulation, Multiple Endings, Mystery, Third Person, Point & Click, Indie, Walking Simulator, Casual, Action, LGBTQ+, Memes","A popular game by DONTNOD Entertainment, Feral Interactive (Mac), Feral Interactive (Linux).","DONTNOD Entertainment, Feral Interactive (Mac), Feral Interactive (Linux)","Square Enix, Feral interactive (Mac), Feral Interactive (Linux)"
1254120,Bless Unleashed,,"RPG, MMORPG, Free to Play, Open World, Multiplayer, Sexual Content, Massively Multiplayer, Action, Adventure, Action RPG, Third Person, Fantasy, PvE, PvP, Character Customization, Trading, Beautiful, Co-op, Singleplayer, Controller",A popular game by VALOFE.,VALOFE,VALOFE
470220,UNO,,"Card Game, Multiplayer, Tabletop, Board Game, Casual, Family Friendly, Funny, Strategy, Co-op, Online Co-Op, Singleplayer, Classic, Cult Classic, Local Multiplayer, Replay Value, Team-Based, Action, Party Game, PvP, Competitive",A popular game by Ubisoft Entertainment.,Ubisoft Entertainment,Ubisoft Entertainment
485510,Nioh: Complete Edition,,"Souls-like, Action, RPG, Difficult, Hack and Slash, Dark Fantasy, Ninja, Action RPG, Third Person, JRPG, Singleplayer, Co-op, Multiplayer, Historical, Loot, Fantasy, Adventure, Atmospheric, Nudity, Great Soundtrack","A popular game by KOEI TECMO GAMES CO., LTD..","KOEI TECMO GAMES CO., LTD.","KOEI TECMO GAMES CO., LTD."
2198150,Tiny Glade,,"Building, Design & Illustration, Relaxing, Sandbox, Cozy, Casual, Medieval, Indie, Procedural Generation, Experimental, Cute, Family Friendly, Nature, Top-Down, First-Person, Simulation, Colorful, Singleplayer, Stylized, Atmospheric",A popular game by Pounce Light.,Pounce Light,Pounce Light
612880,Wolfenstein II: The New Colossus,,"FPS, Action, Gore, Singleplayer, Alternate History, Violent, First-Person, Shooter, World War II, Story Rich, Nudity, Sci-fi, Stealth, Atmospheric, Comedy, Dystopian , Adventure, Great Soundtrack, Multiplayer, Open World",A popular game by MachineGames.,MachineGames,Bethesda Softworks
339600,VEGA Conflict,,"Free to Play, 2D, Space, Massively Multiplayer, Strategy, Combat, Base-Building, Top-Down Shooter, Open World, RTS, Sandbox, PvE, Action, PvP, Sci-fi, Survival, Exploration, War, Multiplayer, Singleplayer",A popular game by KIXEYE.,KIXEYE,KIXEYE
205100,Dishonored,,"Stealth, First-Person, Assassin, Action, Steampunk, Singleplayer, Atmospheric, Story Rich, Multiple Endings, Adventure, Dark, Magic, Dystopian , FPS, RPG, Replay Value, Immersive Sim, Fantasy, Open World, Shooter",A popular game by Arkane Studios.,Arkane Studios,Bethesda Softworks
736190,Chinese Parents,,"Life Sim, Psychological Horror, Memes, Simulation, Casual, RPG, Indie, Singleplayer, Dating Sim, Anime, Funny, Cute, Strategy, Education, Survival Horror, Mature, Dark Humor, Horror, Puzzle, Survival",A popular game by 墨鱼玩游戏.,墨鱼玩游戏,墨鱼玩游戏
292120,FINAL FANTASY XIII,,"JRPG, RPG, Female Protagonist, Linear, Great Soundtrack, Singleplayer, Fantasy, Story Rich, Adventure, Cinematic, Sci-fi, Action, Third Person, Atmospheric, Turn-Based Combat, Action RPG, Futuristic, Turn-Based, Strategy, Difficult",A popular game by Square Enix.,Square Enix,Square Enix
383980,Rivals of Aether,,"Fighting, 2D Fighter, Multiplayer, Pixel Graphics, Indie, Local Multiplayer, Competitive, Platformer, Games Workshop, Moddable, 2D, Great Soundtrack, 4 Player Local, Action, Controller, Arcade, Beat 'em up, Singleplayer, Retro, GameMaker",A popular game by Aether Studios.,Aether Studios,Aether Studios
590380,Into the Breach,,"Strategy, Turn-Based Strategy, Indie, Pixel Graphics, Turn-Based Tactics, Mechs, Rogue-like, Turn-Based, Puzzle, Rogue-lite, Sci-fi, Singleplayer, Turn-Based Combat, Tactical, Isometric, RPG, Replay Value, Simulation, Procedural Generation, Great Soundtrack",A popular game by Subset Games.,Subset Games,Subset Games
1238000,Mass Effect: Andromeda Deluxe Edition,,"Character Customization, Sci-fi, RPG, Open World, Third-Person Shooter, Singleplayer, Action, Action RPG, Space, Third Person, Multiplayer, Sexual Content, Story Rich, Choices Matter, Nudity, Violent, Adventure, Female Protagonist, Shooter, Romance",A popular game by BioWare.,BioWare,Electronic Arts
65800,Dungeon Defenders,,"Multiplayer, Online Co-Op, Tower Defense, Singleplayer, Strategy, Survival, Action RPG, Character Customization, Tactical, Family Friendly, Funny, Building, Fantasy, PvE, Strategy RPG, Moddable, RPG, 3D, Third Person, Team-Based",A popular game by Chromatic Games.,Chromatic Games,Chromatic Games
274190,Broforce,,"America, Action, Pixel Graphics, Co-op, 2D, Local Co-Op, Platformer, Multiplayer, Indie, Shooter, Side Scroller, Local Multiplayer, Funny, Gore, Retro, Comedy, Adventure, Arcade, Casual, Epic",A popular game by Free Lives.,Free Lives,Devolver Digital
1268750,Starship Troopers: Extermination,,"Online Co-Op, Action, Sci-fi, First-Person, FPS, Combat, Multiplayer, Co-op, Aliens, Arcade, PvE, Wargame, Shooter, Space, Base-Building, Arena Shooter, Class-Based, 3D, Realistic, Early Access",A popular game by Offworld.,Offworld,Offworld
1549970,Aliens: Fireteam Elite,,"Co-op, Shooter, Aliens, Action, Horror, Third-Person Shooter, Character Customization, Online Co-Op, Sci-fi, Survival, Space, Survival Horror, Atmospheric, RPG, Third Person, Multiplayer, PvE, Controller, Singleplayer, Co-op Campaign",A popular game by Cold Iron Studios.,Cold Iron Studios,"Cold Iron Studios, Focus Entertainment"
672680,Call of War: World War 2,,"Strategy, Free to Play, World War II, War, Grand Strategy, Military, Simulation, Multiplayer, Tactical, Historical, Massively Multiplayer, Diplomacy, RTS, Wargame, Co-op, 2D, Board Game, PvP, Alternate History, Real-Time",A popular game by Bytro Labs GmbH.,Bytro Labs GmbH,Bytro Labs GmbH
204880,Sins of a Solar Empire: Rebellion,,"Management, Diplomacy, Online Co-Op, Multiplayer, Singleplayer, Simulation, Space, Strategy, 4X, RTS, Grand Strategy, Sandbox, Co-op, Sci-fi, Exploration, Replay Value, Space Sim, Base-Building, Military, 3D","A popular game by Ironclad Games Corporation, Stardock Entertainment.","Ironclad Games Corporation, Stardock Entertainment",Stardock Entertainment
675010,MudRunner,,"Offroad, Simulation, Automobile Sim, Multiplayer, Driving, Realistic, Open World, Physics, Co-op, Online Co-Op, Mod, Moddable, Singleplayer, Sandbox, Exploration, Racing, Atmospheric, Adventure, First-Person, Third Person",A popular game by Saber Interactive.,Saber Interactive,Focus Entertainment
257350,Baldur's Gate II: Enhanced Edition,,"RPG, Dungeons & Dragons, Story Rich, CRPG, Fantasy, Party-Based RPG, Open World, Tabletop, Character Customization, Real-Time with Pause, Choices Matter, Multiplayer, Adventure, Magic, Online Co-Op, Singleplayer, Isometric, Atmospheric, Action-Adventure, Old School",A popular game by Beamdog.,Beamdog,Beamdog
2378900,The Coffin of Andy and Leyley,,"Psychological, Dark Comedy, Story Rich, Multiple Endings, Dark, Choices Matter, Singleplayer, Visual Novel, Horror, Demons, Drama, RPGMaker, Adventure, Hand-drawn, Puzzle, Female Protagonist, RPG, Early Access, Stylized, Exploration",A popular game by Kit9 Studio.,Kit9 Studio,Kit9 Studio
80,Counter-Strike: Condition Zero,,"Action, FPS, Shooter, Multiplayer, First-Person, Singleplayer, Classic, Tactical, Team-Based, Competitive, Military, Online Co-Op, Strategy, Adventure, Survival, Atmospheric, Old School, Open World, Dark, Violent",A popular game by Valve.,Valve,Valve
24790,Command & Conquer 3: Tiberium Wars,,"Family Friendly, Level Editor, Strategy, RTS, Action, Multiplayer, Singleplayer, Action RTS, City Builder, Base-Building, Sci-fi, FMV, Atmospheric, Post-apocalyptic, War, Story Rich, Futuristic, Aliens, Classic, Great Soundtrack",A popular game by EA Los Angeles.,EA Los Angeles,Electronic Arts
627270,Injustice 2,,"Fighting, Action, Superhero, Multiplayer, Local Multiplayer, 2D Fighter, Singleplayer, Comic Book, Story Rich, Arcade, Character Customization, Violent, Controller, Competitive, Online Co-Op, Beat 'em up, 2.5D, Difficult, Local Co-Op, PvP","A popular game by NetherRealm Studios, QLOC.","NetherRealm Studios, QLOC",WB Games
213670,South Park: The Stick of Truth,,"RPG, Comedy, Adventure, Funny, Turn-Based, Dark Humor, Singleplayer, Action, Mature, 2D, Satire, Nudity, Cartoon, Open World, Story Rich, Fantasy, Turn-Based Strategy, Epic, Zombies, JRPG",A popular game by Obsidian Entertainment.,Obsidian Entertainment,Ubisoft
234330,MARVEL Puzzle Quest,,"Puzzle, Match 3, Free to Play, Superhero, RPG, Turn-Based, 2D, Turn-Based Combat, Collectathon, PvE, Casual, Asynchronous Multiplayer, Comic Book, PvP, Strategy RPG, Singleplayer, Party-Based RPG, Strategy, Touch-Friendly, Multiplayer",A popular game by Broken Circle Studios.,Broken Circle Studios,505 Go Inc
291480,Warface: Clutch,,"Free to Play, FPS, Multiplayer, Shooter, Action, PvP, Co-op, Gun Customization, Character Customization, First-Person, Online Co-Op, Team-Based, Tactical, Realistic, Class-Based, Massively Multiplayer, Military, PvE, War, Competitive",A popular game by MY.GAMES.,MY.GAMES,MY.GAMES
1161580,Hardspace: Shipbreaker,,"Space, Sci-fi, Simulation, Physics, Singleplayer, Destruction, Sandbox, Puzzle, First-Person, Space Sim, Strategy, Futuristic, Dystopian , Building, Early Access, Procedural Generation, Open World, Relaxing, Action, Great Soundtrack",A popular game by Blackbird Interactive.,Blackbird Interactive,Blackbird Interactive
763890,Wildermyth,,"Party-Based RPG, Choices Matter, Story Rich, Character Customization, Turn-Based Tactics, Procedural Generation, Tactical RPG, Fantasy, Rogue-lite, Turn-Based Strategy, Hand-drawn, RPG, Emotional, Turn-Based, Comic Book, Moddable, Indie, Strategy, Singleplayer, 2.5D",A popular game by Worldwalker Games LLC.,Worldwalker Games LLC,"Worldwalker Games LLC, WhisperGames"
736260,Baba Is You,,"Puzzle, Indie, Difficult, Singleplayer, Logic, Pixel Graphics, Cute, Programming, 2D, Sokoban, Great Soundtrack, Minimalist, Casual, Level Editor, Top-Down, Retro, Strategy, Atmospheric, Surreal, Funny",A popular game by Hempuli Oy.,Hempuli Oy,Hempuli Oy
200710,Torchlight II,,"RPG, Action RPG, Hack and Slash, Loot, Dungeon Crawler, Co-op, Fantasy, Online Co-Op, Multiplayer, Action, Adventure, Singleplayer, Indie, Moddable, Character Customization, Isometric, Replay Value, Steampunk, Atmospheric, Cartoon",A popular game by Runic Games.,Runic Games,XD
65980,Sid Meier's Civilization: Beyond Earth,,"Strategy, Turn-Based Strategy, Sci-fi, Space, 4X, Turn-Based, Multiplayer, Futuristic, Singleplayer, Aliens, Hex Grid, Tactical, Grand Strategy, Replay Value, Exploration, Atmospheric, Moddable, Adventure, Simulation, Action","A popular game by Firaxis Games, Aspyr (Mac), Aspyr (Linux).","Firaxis Games, Aspyr (Mac), Aspyr (Linux)","2K, Aspyr (Mac), Aspyr (Linux)"
427290,Vampyr,,"Vampire, RPG, Choices Matter, Story Rich, Open World, Action, Singleplayer, Atmospheric, Third Person, Horror, Dark Fantasy, Violent, Dark, Gore, Action RPG, Souls-like, Adventure, Sexual Content, Action-Adventure, Stealth",A popular game by DONTNOD Entertainment.,DONTNOD Entertainment,Focus Entertainment
1929610,Demonologist,,"Horror, Multiplayer, Online Co-Op, Psychological Horror, Co-op, Investigation, First-Person, Dark, Demons, Surreal, Mystery, Detective, Indie, Cinematic, Thriller, 3D, Action, Tactical, Lovecraftian, Survival Horror",A popular game by Clock Wizard Games.,Clock Wizard Games,Clock Wizard Games
674940,Stick Fight: The Game,,"Multiplayer, Funny, Fighting, Local Multiplayer, Action, 2D Fighter, 4 Player Local, PvP, 2D, Casual, Physics, Online Co-Op, Local Co-Op, Indie, Shooter, Controller, Co-op, Great Soundtrack, Split Screen, Strategy",A popular game by Landfall West.,Landfall West,Landfall
851850,DRAGON BALL Z: KAKAROT,,"Action, RPG, Anime, Open World, Multiplayer, Fighting, Singleplayer, Story Rich, Adventure, JRPG, Controller, Great Soundtrack, Action RPG, Beat 'em up, Fantasy, Dragons, Third Person, Atmospheric, Character Customization, Difficult",A popular game by CyberConnect2 Co. Ltd..,CyberConnect2 Co. Ltd.,Bandai Namco Entertainment Inc.
480490,Prey,,"Sci-fi, Immersive Sim, Space, Singleplayer, Horror, Atmospheric, FPS, First-Person, Story Rich, Exploration, Action, Aliens, Survival Horror, Futuristic, Stealth, Psychological Horror, Adventure, Open World, RPG, Great Soundtrack",A popular game by Arkane Studios.,Arkane Studios,Bethesda Softworks
1222700,A Way Out,,"Online Co-Op, Co-op, Split Screen, Story Rich, Local Co-Op, Multiplayer, Action-Adventure, Action, Adventure, Crime, Third Person, Emotional, Conversation, Atmospheric, Nudity, Cinematic, Sexual Content, Violent, Singleplayer, Indie",A popular game by Hazelight Studios.,Hazelight Studios,Electronic Arts
861650,Session: Skate Sim,,"Skateboarding, Sports, Simulation, Singleplayer, Indie, Action, Realistic, Third Person, Difficult, Exploration, Funny, Physics, Family Friendly, Early Access, Character Customization, Immersive Sim, Skating, Multiplayer, Parkour, Strategy",A popular game by crea-ture Studios Inc..,crea-ture Studios Inc.,Nacon
891040,Pool 2D - Poolians,,"Free to Play, Pool, Multiplayer, Simulation, Sports, Massively Multiplayer, Casual, Indie, Bowling, Co-op, e-sports, Singleplayer, Tabletop, Board Game, 3D, Funny, PvP, 2D, Psychological Horror, Local Co-Op",A popular game by Poolians.com.,Poolians.com,Poolians.com
285920,TerraTech,,"Building, Sandbox, Open World, Open World Survival Craft, Multiplayer, Robots, Crafting, Action, Survival, Adventure, Singleplayer, Exploration, Strategy, Early Access, Indie, Vehicular Combat, Physics, Online Co-Op, Third Person, PvP",A popular game by Payload Studios.,Payload Studios,Mythwright
1782120,ZERO Sievert,,"Extraction Shooter, Survival, Post-apocalyptic, Looter Shooter, Top-Down, Pixel Graphics, Shooter, Action, Open World, Singleplayer, Indie, Adventure, Exploration, Simulation, Loot, Early Access, Strategy, Atmospheric, Base-Building, Survival Horror",A popular game by CABO Studio.,CABO Studio,Modern Wolf
648350,Jurassic World Evolution,,"Building, Dinosaurs, Simulation, Management, Strategy, Sandbox, Singleplayer, City Builder, Sci-fi, Economy, Resource Management, Open World, Atmospheric, Violent, Action, Multiplayer, Great Soundtrack, Survival, Casual, Adventure",A popular game by Frontier Developments.,Frontier Developments,Frontier Developments
206480,Dungeons & Dragons Online,,"Free to Play, RPG, MMORPG, Dungeons & Dragons, Massively Multiplayer, Fantasy, Adventure, Multiplayer, Action, Dragons, Open World, Magic, Character Customization, Co-op, Dungeon Crawler, Third Person, Dwarf, Online Co-Op, Puzzle, Sandbox",A popular game by Standing Stone Games.,Standing Stone Games,Daybreak Game Company LLC
1672970,Minecraft Dungeons,,"Dungeon Crawler, Hack and Slash, Adventure, Action, RPG, Action RPG, Action-Adventure, Exploration, Top-Down, Loot, Isometric, Arcade, Colorful, Voxel, Fantasy, Cute, Family Friendly, Atmospheric, Funny, Magic","A popular game by Mojang Studios, ‪Double Eleven.","Mojang Studios, ‪Double Eleven",Xbox Game Studios
19680,Alice: Madness Returns,,"Horror, Female Protagonist, Dark Fantasy, 3D Platformer, Hack and Slash, Gothic, Action-Adventure, Singleplayer, Story Rich, Psychological, Platformer, Surreal, Third Person, Fantasy, Action, Atmospheric, Noir, Based On A Novel, Adventure, Supernatural",A popular game by Spicy Horse Games.,Spicy Horse Games,Electronic Arts
1135690,Unpacking,,"Relaxing, Cute, Casual, Pixel Graphics, Puzzle, Story Rich, Singleplayer, Simulation, Indie, Life Sim, Atmospheric, Point & Click, LGBTQ+, Female Protagonist, Isometric, Family Friendly, Colorful, Inventory Management, 2D, Hidden Object",A popular game by Witch Beam.,Witch Beam,Balor Games
1207650,Suzerain,,"Visual Novel, Choose Your Own Adventure, Political Sim, Interactive Fiction, Political, Choices Matter, Text-Based, Story Rich, Multiple Endings, Politics, RPG, Point & Click, Strategy RPG, Alternate History, Drama, Singleplayer, Adventure, Old School, Narrative, Hand-drawn",A popular game by Torpor Games.,Torpor Games,Torpor Games
215080,WAKFU,,"Free to Play, Massively Multiplayer, Turn-Based Strategy, MMORPG, RPG, Open World, Turn-Based, Strategy, Adventure, Anime, Tactical, Multiplayer, Fantasy, Isometric, 2D, Tactical RPG, Turn-Based Combat, Action, Sandbox, Co-op",A popular game by Ankama Studio.,Ankama Studio,Ankama Games
875210,Kingdom Heroes 8,,"RTS, Tactical RPG, Real Time Tactics, War, Strategy RPG, Historical, Grand Strategy, Character Customization, Strategy, City Builder, RPG, 2D, 3D, Action, Simulation, Realistic, Tactical, Retro, Combat, Singleplayer","A popular game by USERJOY Technology Co.,Ltd..","USERJOY Technology Co.,Ltd.","USERJOY Technology Co.,Ltd., Phoenix Game"
1491000,War Robots: Frontiers,,"Free to Play, Third-Person Shooter, Mechs, PvP, Multiplayer, Action, Arena Shooter, Robots, Sci-fi, Futuristic, Shooter, Third Person, Online Co-Op, Team-Based, Combat, 3D, Controller, Destruction, Massively Multiplayer, Simulation",A popular game by MY.GAMES.,MY.GAMES,MY.GAMES
313120,Stranded Deep,,"Open World Survival Craft, Survival, Multiplayer, Open World, Crafting, First-Person, Adventure, Exploration, Realistic, Singleplayer, Building, Co-op, Sandbox, Simulation, Underwater, Early Access, Action, Atmospheric, Indie, Strategy",A popular game by Beam Team Games.,Beam Team Games,Beam Team Publishing
633230,NARUTO TO BORUTO: SHINOBI STRIKER,,"Anime, Multiplayer, Character Customization, Action, Fighting, Ninja, Co-op, PvP, Open World, RPG, Third Person, Massively Multiplayer, Controller, Adventure, Singleplayer, Team-Based, Online Co-Op, MMORPG, Strategy, MOBA",A popular game by Soleil Ltd..,Soleil Ltd.,Bandai Namco Entertainment
1162520,Richman10,,"Casual, Multiplayer, Tabletop, Strategy, Local Multiplayer, Board Game, Anime, Cute, Co-op, Turn-Based","A popular game by Softstar Technology (Beijing) Co.,Ltd.","Softstar Technology (Beijing) Co.,Ltd",SOFTSTAR ENTERTAINMENT
1012880,60 Seconds! Reatomized,,"2D, Choose Your Own Adventure, Dark Humor, Turn-Based Tactics, Exploration, Outbreak Sim, Immersive Sim, Strategy, Point & Click, Difficult, Life Sim, Text-Based, Wrestling, Post-apocalyptic, Survival, 3D, Dark Comedy, Management, Funny, Horror",A popular game by Robot Gentleman.,Robot Gentleman,Robot Gentleman
573100,Battlefleet Gothic: Armada 2,,"Space, Strategy, Warhammer 40K, RTS, Real Time Tactics, Sci-fi, Singleplayer, Games Workshop, Multiplayer, Co-op, Violent, Naval, Naval Combat, War, Atmospheric, Tactical, Co-op Campaign",A popular game by Tindalos Interactive.,Tindalos Interactive,Focus Entertainment
488790,South Park: The Fractured But Whole,,"RPG, Comedy, Dark Humor, Funny, Superhero, Singleplayer, Mature, Turn-Based, Cartoon, Memes, Adventure, Story Rich, Nudity, Open World, Satire, Action, 2D, Sexual Content, Illuminati, Atmospheric",A popular game by Ubisoft San Francisco.,Ubisoft San Francisco,Ubisoft
899440,GOD EATER 3,,"Anime, Action, Character Customization, Hack and Slash, Hunting, Multiplayer, Co-op, JRPG, RPG, Online Co-Op, Singleplayer, Action RPG, Third Person, Post-apocalyptic, Great Soundtrack, Story Rich, Adventure, Female Protagonist, Open World, Sexual Content",A popular game by BANDAI NAMCO Studios Inc..,BANDAI NAMCO Studios Inc.,BANDAI NAMCO Entertainment
946050,Soda Dungeon 2,,"Free to Play, Idler, RPG, Pixel Graphics, Dungeon Crawler, Casual, Indie, 2D, Turn-Based, Strategy RPG, Turn-Based Combat, Comedy, Fantasy, Simulation, Singleplayer, Clicker, Adventure, Medieval, Action, Strategy","A popular game by AN Productions, Poxpower.","AN Productions, Poxpower",Armor Games Studios
1970580,Backpack Hero,,"Replay Value, Turn-Based, Inventory Management, Roguelike Deckbuilder, Deckbuilding, 2D, Fantasy, Rogue-like, Strategy, Building, Choices Matter, Turn-Based Strategy, Casual, Rogue-lite, Procedural Generation, Singleplayer, Card Battler, Controller, Female Protagonist, Moddable",A popular game by Jaspel.,Jaspel,"Pretty Soon, IndieArk"
3244220,A Game About Digging A Hole,,"Exploration, Voxel, Sandbox, Mining, Horror, Simulation, Crafting, Economy, Procedural Generation, Adventure, Underground, First-Person, Singleplayer, Mystery, Atmospheric, 3D, Casual, Loot, Colorful, Physics",A popular game by DoubleBee.,DoubleBee,"rokaplay select, Drillhounds"
16810,Sid Meier's Civilization IV: Colonization,,"Strategy, Turn-Based Strategy, Turn-Based, 4X, Historical, Multiplayer, Singleplayer, Moddable, Grand Strategy, Simulation, Economy, Management, Remake, City Builder, Colony Sim",A popular game by Firaxis Games.,Firaxis Games,2K
346010,Besiege,,"Simulation, Sandbox, Destruction, Physics, Medieval, Building, Moddable, Real-Time with Pause, Multiplayer, Puzzle, Flight, Replay Value, Logic, PvE, Robots, Level Editor, Vehicular Combat, LEGO, Naval Combat, Dark Humor",A popular game by Spiderling Studios.,Spiderling Studios,Spiderling Studios
704850,Thief Simulator,,"Simulation, Stealth, Singleplayer, Crime, First-Person, Open World, Adventure, Heist, Action, Indie, Co-op, Sandbox, Funny, Exploration, Realistic, FPS, RPG, Silent Protagonist, Atmospheric, Immersive Sim",A popular game by Noble Muffins.,Noble Muffins,PlayWay S.A.
235460,METAL GEAR RISING: REVENGEANCE,,"Great Soundtrack, Hack and Slash, Action, Spectacle fighter, Swordplay, Character Action Game, Singleplayer, Third Person, Fast-Paced, Ninja, Gore, Story Rich, Cyberpunk, Difficult, Sci-fi, Replay Value, Mechs, Beat 'em up, Adventure, Stealth",A popular game by PlatinumGames.,PlatinumGames,KONAMI
278080,DYNASTY WARRIORS 8: Xtreme Legends Complete Edition,,"Hack and Slash, Action, Musou, Historical, Third Person, Great Soundtrack, Local Co-Op, Local Multiplayer, Beat 'em up, Multiplayer, Singleplayer, Action RPG, RPG, Fighting, Adventure, Co-op, JRPG, Strategy, Spectacle fighter, Casual","A popular game by KOEI TECMO GAMES CO., LTD..","KOEI TECMO GAMES CO., LTD.","KOEI TECMO GAMES CO., LTD."
202970,Call of Duty: Black Ops II,,"Multiplayer, Action, FPS, Shooter, Singleplayer, First-Person, Co-op, War, Online Co-Op, Team-Based, Futuristic, Controller, Survival, Tactical, Great Soundtrack, Horror, Adventure, Sci-fi, Massively Multiplayer, Atmospheric",A popular game by Treyarch.,Treyarch,Activision
300,Day of Defeat: Source,,"FPS, World War II, Multiplayer, Action, Shooter, Military, War, Team-Based, First-Person, Historical, Class-Based, Classic, Tactical, Realistic, Online Co-Op, Gore, Strategy, Massively Multiplayer, Simulation, Violent",A popular game by Valve.,Valve,Valve
1681430,RoboCop: Rogue City,,"FPS, Action, First-Person, Singleplayer, Shooter, Gore, Story Rich, Cyberpunk, Sci-fi, Adventure, Atmospheric, Violent, Soundtrack, RPG, Robots, Dystopian , Action RPG, Crime, Futuristic, Mature",A popular game by Teyon.,Teyon,Nacon
1987080,Inside the Backrooms,,"Horror, Multiplayer, Survival Horror, Puzzle, Psychological Horror, Co-op, Online Co-Op, Adventure, Exploration, First-Person, Atmospheric, FPS, 3D, Dark, Mystery, Sci-fi, VR, Story Rich, PvE, Early Access",A popular game by MrFatcat.,MrFatcat,"MrFatcat, Dropsiick"
537180,Digimon Masters Online,,"Free to Play, Anime, MMORPG, Massively Multiplayer, Adventure, RPG, Action, Open World, Casual, Multiplayer, Fantasy, Action-Adventure, Co-op, Action RPG, Arcade, Creature Collector, Online Co-Op, Singleplayer, Survival, FPS","A popular game by Move Games Co., Ltd..","Move Games Co., Ltd.",MOVE ON USA CO.
4580,"Warhammer 40,000: Dawn of War - Dark Crusade",,"Strategy, Warhammer 40K, RTS, Base-Building, Sci-fi, Multiplayer, Singleplayer, Games Workshop, Real-Time, Classic, War, Gore, Action, Tactical, Atmospheric, Co-op, Fantasy, Space, Violent, Adventure",A popular game by Relic Entertainment.,Relic Entertainment,SEGA
2140020,Stronghold: Definitive Edition,,"City Builder, Strategy, Real Time Tactics, Medieval, Sandbox, Building, Colony Sim, RTS, Economy, Base-Building, Tower Defense, 2D, Isometric, Historical, Simulation, Atmospheric, Resource Management, Open World, Funny, Multiplayer",A popular game by Firefly Studios.,Firefly Studios,Firefly Studios
666860,Bit Heroes Quest,,"Free to Play, Pixel Graphics, RPG, Adventure, MMORPG, Massively Multiplayer, Turn-Based, 2D, Multiplayer, Dungeon Crawler, Casual, Loot, Action, Idler, Online Co-Op, Creature Collector",A popular game by Juppiomenz.,Juppiomenz,Kongregate
371660,Far Cry Primal,,"Open World, Survival, Action, Adventure, Hunting, First-Person, Singleplayer, Open World Survival Craft, Crafting, Exploration, FPS, Stealth, Atmospheric, Mature, Shooter, RPG, Action RPG, Strategy, Online Co-Op, Sexual Content",A popular game by Ubisoft.,Ubisoft,Ubisoft
751780,Forager,,"Open World Survival Craft, Survival, Pixel Graphics, Crafting, Indie, Farming Sim, Sandbox, 2D, Adventure, Base-Building, Singleplayer, Multiplayer, Resource Management, Building, Exploration, Open World, RPG, Casual, Agriculture, Simulation",A popular game by HopFrog.,HopFrog,Balor Games
704270,Generation Zero,,"Open World, Survival, Co-op, FPS, Multiplayer, Base-Building, Robots, Post-apocalyptic, Atmospheric, Shooter, Sci-fi, Mechs, Sandbox, Horror, 1980s, Crafting, Survival Horror, PvE, Action, Exploration",A popular game by Systemic Reaction™.,Systemic Reaction™,Avalanche Studios
213610,Sonic Adventure 2,,"Action, Great Soundtrack, 3D Platformer, Platformer, Fast-Paced, Adventure, Classic, Singleplayer, Replay Value, Third Person, Local Multiplayer, Retro, Story Rich, Family Friendly, Multiplayer, 3D, Split Screen, Racing, Sci-fi, Comedy",A popular game by SEGA.,SEGA,SEGA
1692250,F1 22,,"Racing, Immersive Sim, VR, Sports, Driving, Automobile Sim, Controller, PvP, Multiplayer, Simulation, Realistic, Co-op, Online Co-Op, Singleplayer, Memes, Split Screen, Local Multiplayer, Action, Open World, Arcade",A popular game by Codemasters.,Codemasters,Electronic Arts
560130,Pillars of Eternity II: Deadfire,,"RPG, Party-Based RPG, Isometric, CRPG, Story Rich, Character Customization, Singleplayer, Fantasy, Choices Matter, Open World, Turn-Based, Real-Time with Pause, Pirates, Adventure, Nudity, Exploration, Romance, Atmospheric, Great Soundtrack, Female Protagonist",A popular game by Obsidian Entertainment.,Obsidian Entertainment,"Versus Evil, Obsidian Entertainment, Xbox Game Studios"
2058190,Lost Judgment,,"Action, Adventure, Beat 'em up, Action-Adventure, 3D Fighter, Cinematic, Realistic, Third Person, Hack and Slash, Crime, Conspiracy, Detective, Dark, Drama, Investigation, Foreign, Gambling, Martial Arts, Logic, Modern",A popular game by RGG Studio.,RGG Studio,SEGA
517630,Just Cause 4 Reloaded,,"Open World, Action, Destruction, Singleplayer, Adventure, Sandbox, Third-Person Shooter, Shooter, Physics, Violent, Funny, Story Rich, Gore, Atmospheric, Co-op, Driving, Third Person, FPS, Heist, Comedy",A popular game by Avalanche Studios.,Avalanche Studios,Square Enix
780310,The Riftbreaker,,"Base-Building, Tower Defense, Survival, Strategy, Hack and Slash, Crafting, Resource Management, Sci-fi, Building, Exploration, Action RPG, Adventure, RPG, Isometric, Loot, Sandbox, Simulation, Mechs, Action, Atmospheric",A popular game by EXOR Studios.,EXOR Studios,"EXOR Studios, Surefire.Games"
1097840,Gears 5,,"Action, Adventure, Third-Person Shooter, Multiplayer, Co-op, Singleplayer, Shooter, Gore, Violent, Female Protagonist, Split Screen, Co-op Campaign, Local Co-Op, Open World, Third Person, Story Rich, Hero Shooter, Sci-fi, Mature, Horror",A popular game by The Coalition.,The Coalition,Xbox Game Studios
860510,Little Nightmares II,,"Horror, Adventure, Singleplayer, Puzzle, Dark, Atmospheric, Psychological Horror, Story Rich, Multiplayer, Stealth, Action-Adventure, Puzzle-Platformer, Indie, Platformer, Great Soundtrack, 2.5D, Thriller, Action, Co-op, Violent",A popular game by Tarsier Studios.,Tarsier Studios,BANDAI NAMCO Entertainment
2021910,FPS Chess,,"FPS, PvP, Shooter, Free to Play, Multiplayer, Board Game, Strategy, Tabletop, Turn-Based Strategy, 3D, Sports, First-Person, Funny, Psychological Horror, Action, Chess, Casual, Local Multiplayer, Family Friendly, Stylized",A popular game by Meta Fork.,Meta Fork,DigiPen Institute of Technology
321960,Might & Magic Heroes VII,,"Strategy, Turn-Based Strategy, RPG, Fantasy, Multiplayer, Turn-Based, Singleplayer, Story Rich, Adventure, Atmospheric, Co-op, Classic, Magic, Open World, Local Co-Op",A popular game by Limbic Entertainment.,Limbic Entertainment,Ubisoft
728530,SD GUNDAM G GENERATION CROSS RAYS,,"Mechs, Tactical RPG, Turn-Based Tactics, Anime, RPG, Robots, JRPG, Cinematic, Character Customization, Turn-Based, Turn-Based Strategy, Singleplayer, Strategy RPG, Isometric, Top-Down, Sci-fi, 2.5D, Space, Story Rich, Strategy","A popular game by TOM CREATE, 株式会社トムクリエイト.","TOM CREATE, 株式会社トムクリエイト","BANDAI NAMCO Entertainment, 株式会社バンダイナムコエンターテインメント"
1250,Killing Floor,,"FPS, Zombies, Co-op, Survival, Horror, Multiplayer, Action, Online Co-Op, Violent, Gore, Shooter, Team-Based, First-Person, Survival Horror, Moddable, Bullet Time, Class-Based, 3D, Singleplayer, Dark Comedy",A popular game by Tripwire Interactive.,Tripwire Interactive,Tripwire Interactive
10150,Prototype,,"Action, Open World, Gore, Singleplayer, Third Person, Adventure, Superhero, Parkour, Violent, Hack and Slash, Zombies, Action-Adventure, Sci-fi, Story Rich, Sandbox, RPG, Stealth, Controller, Atmospheric, Horror",A popular game by Radical Entertainment.,Radical Entertainment,Activision
589290,Holdfast: Nations At War,,"Shooter, FPS, Multiplayer, War, Action, Military, Historical, Wargame, World War I, Tactical, Simulation, Combat, Third-Person Shooter, PvP, Naval, Strategy, Memes, First-Person, Third Person, Team-Based",A popular game by Anvil Game Studios.,Anvil Game Studios,Anvil Game Studios
424840,Little Nightmares,,"Horror, Atmospheric, Adventure, Singleplayer, Puzzle-Platformer, Dark, Puzzle, Indie, Story Rich, Stealth, Platformer, Psychological Horror, Great Soundtrack, 2.5D, Third Person, Survival Horror, Female Protagonist, Short, Action, Strategy",A popular game by Tarsier Studios.,Tarsier Studios,BANDAI NAMCO Entertainment
921570,OCTOPATH TRAVELER,,"RPG, JRPG, Pixel Graphics, Turn-Based, Story Rich, Turn-Based Combat, Singleplayer, Great Soundtrack, Open World, Strategy, Adventure, 2.5D, Anime, Choices Matter, Multiple Endings, Casual, Sandbox, Party-Based RPG, Management, Simulation","A popular game by Square Enix, ACQUIRE Corp..","Square Enix, ACQUIRE Corp.",Square Enix
667970,VTOL VR,,"Flight, VR, Simulation, Combat, Jet, Military, Realistic, War, Action, Vehicular Combat, Physics, Naval Combat, Artificial Intelligence, Multiplayer, Singleplayer, First-Person, 6DOF, Level Editor, Futuristic, Sandbox","A popular game by Boundless Dynamics, LLC.","Boundless Dynamics, LLC","Boundless Dynamics, LLC"
1089350,NBA 2K20,,"Basketball, Sports, Simulation, Multiplayer, Singleplayer, Capitalism, Casual, Loot, Local Multiplayer, Massively Multiplayer, Character Customization, Controller, Realistic",A popular game by Visual Concepts.,Visual Concepts,2K
12200,Bully: Scholarship Edition,,"Open World, Action, Adventure, Third Person, Singleplayer, Comedy, Great Soundtrack, Funny, Classic, Dark Humor, Story Rich, Sandbox, Satire, Atmospheric, Exploration, Mature, Simulation, Controller, Multiplayer, RPG",A popular game by Rockstar New England.,Rockstar New England,Rockstar Games
447020,Farming Simulator 17,,"Farming Sim, Simulation, Automobile Sim, Multiplayer, Agriculture, Open World, Realistic, Economy, Driving, Moddable, Singleplayer, Management, First-Person, Co-op, Online Co-Op, Family Friendly, Third Person, Sandbox, Strategy, Great Soundtrack",A popular game by GIANTS Software.,GIANTS Software,GIANTS Software
329050,Devil May Cry 4 Special Edition,,"Action, Hack and Slash, Character Action Game, Great Soundtrack, Singleplayer, Spectacle fighter, Third Person, Stylized, Difficult, Classic, Story Rich, Anime, Adventure, Atmospheric, Beat 'em up, Replay Value, Female Protagonist, Controller, Remake, Demons","A popular game by CAPCOM Co., Ltd..","CAPCOM Co., Ltd.","CAPCOM Co., Ltd. "
1337520,Risk of Rain Returns,,"Action Roguelike, Online Co-Op, Multiplayer, 2D, PvE, Local Co-Op, Looter Shooter, Sci-fi, Action, Controller, Arcade, Space, Rogue-like, Class-Based, Loot, Pixel Graphics, Singleplayer, Atmospheric, Co-op, Combat",A popular game by Hopoo Games.,Hopoo Games,"Gearbox Publishing, 2K"
531510,Just Shapes & Beats,,"Rhythm, Great Soundtrack, Music, Bullet Hell, Difficult, Multiplayer, 2D, Indie, Action, Co-op, Singleplayer, Local Multiplayer, Online Co-Op, Local Co-Op, Fast-Paced, 4 Player Local, Story Rich, Colorful, Funny, Strategy",A popular game by Berzerk Studio.,Berzerk Studio,Berzerk Studio
719040,Wasteland 3,,"CRPG, Character Customization, Choices Matter, Story Rich, Sexual Content, Violent, Post-apocalyptic, RPG, Tactical RPG, Party-Based RPG, Turn-Based Tactics, Isometric, Turn-Based, Strategy, Turn-Based Combat, Open World, Sci-fi, Tactical, Co-op, Online Co-Op",A popular game by inXile Entertainment.,inXile Entertainment,"inXile Entertainment, Xbox Game Studios"
1088850,Marvel's Guardians of the Galaxy,,"Singleplayer, Story Rich, Action, Action-Adventure, Superhero, Third-Person Shooter, Choices Matter, Comedy, Sci-fi, Adventure, Exploration, Space, Shooter, Cinematic, Great Soundtrack, Atmospheric, Aliens, RPG, Open World, Multiplayer",A popular game by Eidos-Montréal.,Eidos-Montréal,Eidos Interactive Corp.
418240,Shadow Tactics: Blades of the Shogun,,"Stealth, Strategy, Tactical, Ninja, Real Time Tactics, Singleplayer, Indie, Isometric, Assassin, Historical, Action, RTS, Difficult, Violent, Atmospheric, Third Person, Adventure, Puzzle, Survival, Great Soundtrack",A popular game by Mimimi Games.,Mimimi Games,Daedalic Entertainment
450540,"Hot Dogs, Horseshoes & Hand Grenades",,"Sandbox, VR, Physics, Shooter, FPS, Simulation, Gun Customization, First-Person, Funny, Moddable, Realistic, Action, America, Comedy, Destruction, Singleplayer, Atmospheric, Memes, Early Access, Indie",A popular game by RUST LTD..,RUST LTD.,RUST LTD.
232890,Stronghold Crusader 2,,"Strategy, Medieval, City Builder, RTS, Multiplayer, Simulation, Historical, Co-op, Building, Classic, Singleplayer, Resource Management, Atmospheric, Sandbox, Tactical, Action, Open World, Adventure, Survival, Base-Building",A popular game by Firefly Studios.,Firefly Studios,Firefly Studios
1338770,Sniper Ghost Warrior Contracts 2,,"FPS, Sniper, Stealth, Shooter, Singleplayer, Multiplayer, Realistic, Gun Customization, Tactical, Military, Action, First-Person, War, Physics, Modern, Gore, Assassin, Combat, 3D, Violent",A popular game by CI Games.,CI Games,CI Games
758190,Dragon Cliff,,"RPG, Strategy, Idler, Loot, Pixel Graphics, Casual, Adventure, Clicker, Management, Indie, Simulation, Dungeon Crawler, Turn-Based Combat, Singleplayer, 2D, Turn-Based, Hack and Slash, Fantasy, JRPG, Auto Battler",A popular game by Meta Interaction.,Meta Interaction,Meta Interaction
238320,Outlast,,"Horror, First-Person, Survival Horror, Atmospheric, Psychological Horror, Gore, Singleplayer, Survival, Dark, Adventure, Action, Multiplayer, Indie, Stealth, Nudity, Parkour, Difficult, Walking Simulator, 3D Vision, Sci-fi",A popular game by Red Barrels.,Red Barrels,Red Barrels
939960,Far Cry New Dawn,,"Open World, FPS, Action, Multiplayer, Co-op, Post-apocalyptic, Adventure, First-Person, Shooter, Online Co-Op, Singleplayer, Stealth, Story Rich, Survival, RPG, Female Protagonist, Action RPG, Casual, Character Customization, LGBTQ+","A popular game by Ubisoft Montreal, Ubisoft Kiev, Ubisoft Shanghai.","Ubisoft Montreal, Ubisoft Kiev, Ubisoft Shanghai",Ubisoft
444640,Bloons TD Battles,,"Free to Play, Tower Defense, Multiplayer, Strategy, Competitive, Action, PvP, Casual, 2D, Funny, Co-op, Family Friendly, Massively Multiplayer, Mod, Singleplayer, Difficult, Building, Sandbox, Adventure, Indie",A popular game by Ninja Kiwi.,Ninja Kiwi,Ninja Kiwi
641990,The Escapists 2,,"Multiplayer, Strategy, Pixel Graphics, Online Co-Op, Co-op, 2D, Crafting, Local Co-Op, Simulation, Singleplayer, Indie, Sandbox, Stealth, Character Customization, Funny, Split Screen, Puzzle, Open World, Action, Difficult","A popular game by Team17, Mouldy Toof Studios.","Team17, Mouldy Toof Studios",Team17
246420,Kingdom Rush  - Tower Defense,,"Tower Defense, Strategy, Singleplayer, 2D, Tactical, Fantasy, Casual, Action, Funny, Adventure, Medieval, Cartoon, Cartoony, Action-Adventure, Indie, Difficult, Touch-Friendly, Comedy, RPG, Colorful",A popular game by Ironhide Game Studio.,Ironhide Game Studio,Ironhide Game Studio
42710,Call of Duty: Black Ops,,"Action, FPS, Zombies, Multiplayer, Shooter, Singleplayer, Cold War, First-Person, War, Military, Online Co-Op, Co-op, Gore, Story Rich, Adventure, Controller, Masterpiece, Linear, Massively Multiplayer, Horror",A popular game by Treyarch.,Treyarch,Activision
113200,The Binding of Isaac,,"Action Roguelike, Rogue-like, Indie, Replay Value, Difficult, Procedural Generation, Dark, Action, Top-Down, Great Soundtrack, Addictive, Singleplayer, Adventure, Rogue-lite, 2D, Dungeon Crawler, Survival, RPG, Perma Death, Bullet Hell","A popular game by Edmund McMillen, Florian Himsl.","Edmund McMillen, Florian Himsl",Edmund McMillen
550650,Black Squad,,"Free to Play, FPS, Shooter, Multiplayer, Action, Early Access, First-Person, Military, Singleplayer, PvP, Co-op, War, Tactical, Massively Multiplayer, Team-Based, Violent, Open World, Strategy, Gore, Adventure","A popular game by VALOFE, NS STUDIO.","VALOFE, NS STUDIO",VALOFE
597170,Clone Drone in the Danger Zone,,"Robots, Action, 3D Fighter, Swordplay, Multiplayer, Fighting, Indie, Funny, Voxel, Singleplayer, Co-op, Rogue-like, Online Co-Op, Third Person, Pixel Graphics, Futuristic, Difficult, Comedy, Survival, Dark Humor",A popular game by Doborog Games.,Doborog Games,Doborog Games
1473480,A.V.A,,"FPS, Free to Play, PvP, Shooter, Competitive, First-Person, Multiplayer, Action, Military, Sniper, Singleplayer, Massively Multiplayer, Sexual Content, Violent, PvE, Online Co-Op, Co-op, Co-op Campaign, Zombies, Strategy",A popular game by Valiant.,Valiant,Valiant
214490,Alien: Isolation,,"Horror, Survival Horror, Sci-fi, Aliens, Atmospheric, Stealth, First-Person, Space, Female Protagonist, Singleplayer, Survival, Action, Difficult, Adventure, Psychological Horror, Great Soundtrack, FPS, Gore, Shooter, VR","A popular game by Creative Assembly, Feral Interactive (Mac), Feral Interactive (Linux).","Creative Assembly, Feral Interactive (Mac), Feral Interactive (Linux)","SEGA, Feral Interactive (Mac), Feral Interactive (Linux)"
268050,The Evil Within,,"Horror, Survival Horror, Psychological Horror, Gore, Atmospheric, Singleplayer, Action, Third Person, Survival, Zombies, Dark, Stealth, Third-Person Shooter, Difficult, Adventure, Cinematic, Shooter, Story Rich, Multiplayer, Open World",A popular game by Tango Gameworks.,Tango Gameworks,Bethesda Softworks
979690,The Ascent,,"Top-Down Shooter, Cyberpunk, RPG, Action, Co-op, Shooter, Open World, Indie, Adventure, Isometric, Twin Stick Shooter, Action RPG, Violent, Dystopian , Gore, Futuristic, Character Customization, Local Co-Op, Split Screen, PvE",A popular game by Neon Giant.,Neon Giant,"KRAFTON, Inc."
1080110,F1 2020,,"Racing, Simulation, Sports, Multiplayer, Automobile Sim, Split Screen, Difficult, Driving, Realistic, Management, Singleplayer, Strategy, Controller, VR, Local Multiplayer, Arcade",A popular game by Codemasters.,Codemasters,"Codemasters, Electronic Arts"
960990,Beyond: Two Souls,,"Adventure, Choices Matter, Story Rich, Female Protagonist, Cinematic, Singleplayer, Emotional, Co-op, Sci-fi, Quick-Time Events, Dynamic Narration, Horror, Third Person, Atmospheric, Narration, Thriller, Beautiful, Drama, Violent, Great Soundtrack",A popular game by Quantic Dream.,Quantic Dream,Quantic Dream
550470,NosTale - Anime MMORPG,,"Free to Play, MMORPG, Anime, Massively Multiplayer, Adventure, RPG, Multiplayer, Action, Open World, Character Customization, PvE, Co-op, Fantasy, PvP, Action RPG, Cute, Sexual Content, Survival, Online Co-Op, Hack and Slash","A popular game by Entwell Co., Ltd..","Entwell Co., Ltd.",Gameforge 4D GmbH
394510,HELLDIVERS Dive Harder Edition,,"Online Co-Op, Co-op, Top-Down Shooter, Twin Stick Shooter, Local Co-Op, Action, Multiplayer, Sci-fi, 4 Player Local, Top-Down, Shooter, Comedy, Funny, Space, Difficult, Strategy, Isometric, Survival, Mechs, Hack and Slash",A popular game by Arrowhead Game Studios.,Arrowhead Game Studios,PlayStation Publishing LLC
1259980,RIDE 4,,"Racing, Motorbike, Sports, Multiplayer, Open World, First-Person, Simulation, Third Person, Automobile Sim, Driving, PvP, Singleplayer, Bikes, VR, Competitive, Controller, Difficult, Split Screen, Realistic",A popular game by Milestone S.r.l..,Milestone S.r.l.,Milestone S.r.l.
527430,"Warhammer 40,000: Inquisitor - Martyr",,"Warhammer 40K, Action RPG, RPG, Hack and Slash, Action, Loot, Dark, Co-op, Adventure, Games Workshop, Space, Indie, Isometric, Violent, Online Co-Op, Sci-fi, Multiplayer, Singleplayer, War, Inventory Management",A popular game by NeocoreGames.,NeocoreGames,NeocoreGames
50130,Mafia II (Classic),,"Action, Open World, Crime, Story Rich, Atmospheric, Singleplayer, Third Person, Third-Person Shooter, Shooter, Automobile Sim, Great Soundtrack, Adventure, Driving, America, Classic, Music, Nudity, Multiplayer, Sandbox, 3D Vision",A popular game by 2K Czech.,2K Czech,2K
1113560,NieR Replicant ver.1.22474487139...,,"Great Soundtrack, Story Rich, Action, RPG, JRPG, Adventure, Singleplayer, Hack and Slash, Post-apocalyptic, Atmospheric, Anime, Dark Fantasy, Nudity, Bullet Hell, Cult Classic, Action RPG, Violent, Magic, Character Action Game, Dark Humor","A popular game by Square Enix, Toylogic Inc..","Square Enix, Toylogic Inc.",Square Enix
337000,Deus Ex: Mankind Divided,,"Cyberpunk, Stealth, RPG, Sci-fi, Story Rich, Action, Atmospheric, Singleplayer, Futuristic, First-Person, Immersive Sim, Illuminati, FPS, Great Soundtrack, Open World, Shooter, Conspiracy, Dystopian , Transhumanism, Adventure","A popular game by Eidos Montreal, Feral Interactive (Linux/Mac).","Eidos Montreal, Feral Interactive (Linux/Mac)","Eidos Interactive Corp., Feral Interactive (Linux/Mac)"
611790,House Party,,"Nudity, Mature, NSFW, Simulation, Sandbox, Choices Matter, Story Rich, Adventure, Comedy, Sexual Content, Multiple Endings, 3D, Puzzle, Cinematic, Drama, Choose Your Own Adventure, Life Sim, LGBTQ+, Female Protagonist, Singleplayer","A popular game by Eek! Games, LLC.","Eek! Games, LLC","Eek! Games, LLC"
678800,SAS: Zombie Assault 4,,"Free to Play, Zombies, Multiplayer, Top-Down Shooter, Action, Co-op, Shooter, Top-Down, 2D, RPG, Survival, Singleplayer, Online Co-Op, Horror, Gore, Sci-fi, Violent, Atmospheric, Casual, Twin Stick Shooter",A popular game by Ninja Kiwi.,Ninja Kiwi,Ninja Kiwi
291650,Pillars of Eternity,,"RPG, Isometric, Fantasy, Story Rich, Singleplayer, CRPG, Party-Based RPG, Real-Time with Pause, Adventure, Character Customization, Kickstarter, Atmospheric, Dark Fantasy, Open World, Exploration, Classic, Great Soundtrack, Strategy, Indie, Crowdfunded",A popular game by Obsidian Entertainment.,Obsidian Entertainment,Xbox Game Studios
1262580,Need for Speed Payback,,"Racing, Open World, Multiplayer, Combat Racing, Controller, Sports, PvP, Sandbox, Arcade, Third Person, First-Person, Strategy, Offroad, Vehicular Combat, Simulation, Co-op, Atmospheric, Online Co-Op, Singleplayer, Action",A popular game by Ghost Games.,Ghost Games,Electronic Arts
1496790,Gotham Knights,,"Action, Open World, Superhero, Online Co-Op, Singleplayer, Action RPG, Stealth, Multiplayer, Adventure, Third Person, RPG, Story Rich, Co-op, Action-Adventure, Comic Book, Dark, Crime, Combat, Character Customization, Atmospheric","A popular game by Warner Bros. Games Montréal, QLOC.","Warner Bros. Games Montréal, QLOC",Warner Bros. Games
611500,Quake Champions,,"Arena Shooter, Hero Shooter, Early Access, FPS, Multiplayer, Free to Play, Fast-Paced, Gore, Shooter, Action, First-Person, Competitive, Violent, e-sports, Difficult, Classic, Sci-fi, Singleplayer, Lovecraftian, Horror",A popular game by id Software.,id Software,Bethesda Softworks
1605220,Dune: Spice Wars,,"Management, Singleplayer, Sci-fi, Strategy, RTS, 4X, Grand Strategy, Simulation, Real Time Tactics, Building, Tactical, Economy, War, Diplomacy, Multiplayer, Base-Building, Co-op, PvP, PvE, Indie",A popular game by Shiro Games.,Shiro Games,"Funcom, Shiro Games"
645630,Car Mechanic Simulator 2018,,"Simulation, Automobile Sim, Driving, Building, Realistic, Racing, Multiplayer, Singleplayer, First-Person, Sandbox, Education, Crafting, Moddable, Open World, Physics, Management, Strategy, Great Soundtrack, Co-op, Memes",A popular game by Red Dot Games.,Red Dot Games,PlayWay S.A.
546560,Half-Life: Alyx,,"VR, FPS, Story Rich, Horror, Female Protagonist, Shooter, Singleplayer, First-Person, Action, Sci-fi, Atmospheric, Zombies, Beautiful, Aliens, Adventure, Futuristic, Psychological Horror, Memes, Great Soundtrack, Gore",A popular game by Valve.,Valve,Valve
2058180,Judgment,,"Action, Adventure, Beat 'em up, Action-Adventure, 3D Fighter, Cinematic, 3D, Third Person, Hack and Slash, Realistic, Crime, Conspiracy, Detective, Dark, Drama, Investigation, Foreign, Gambling, Martial Arts, Logic",A popular game by RGG Studio.,RGG Studio,SEGA
2114740,Blasphemous 2,,"Combat, Fantasy, Metroidvania, Souls-like, Adventure, 2D Platformer, Pixel Graphics, Difficult, Side Scroller, Hack and Slash, Unforgiving, 2D, Platformer, Action RPG, Horror, Lore-Rich, Action-Adventure, Story Rich, Nonlinear, Multiple Endings",A popular game by The Game Kitchen.,The Game Kitchen,Team17
871720,Ultimate Custom Night,,"Free to Play, Horror, Singleplayer, Survival Horror, Robots, Difficult, Strategy, First-Person, Survival, Dark, Indie, Point & Click, Action, Psychological Horror, Story Rich, Atmospheric, Memes, Funny, Character Customization, Simulation",A popular game by Scott Cawthon.,Scott Cawthon,Scott Cawthon
261030,The Walking Dead: Season Two,,"Zombies, Adventure, Story Rich, Episodic, Point & Click, Singleplayer, Female Protagonist, Drama, Choices Matter, Atmospheric, Choose Your Own Adventure, Horror, Comic Book, Emotional, Mature, Survival, Post-apocalyptic, Cinematic, Action, Gore",A popular game by Telltale Games.,Telltale Games,Skybound Games
1382330,Persona 5 Strikers,,"Anime, Hack and Slash, JRPG, Great Soundtrack, Adventure, Story Rich, Singleplayer, RPG, Action, Action-Adventure, Third Person, Musou, 3D, Action RPG, Colorful, Atmospheric, 3D Platformer, Funny, Simulation, 2D",A popular game by ATLUS.,ATLUS,SEGA
960910,Heavy Rain,,"Choices Matter, Story Rich, Multiple Endings, Narration, Cinematic, Adventure, Detective, Thriller, Emotional, Quick-Time Events, Interactive Fiction, Investigation, Mystery, Sexual Content, Singleplayer, Dynamic Narration, Crime, Atmospheric, Violent, Nudity",A popular game by Quantic Dream.,Quantic Dream,Quantic Dream
409720,BioShock 2 Remastered,,"FPS, Action, Singleplayer, Story Rich, Atmospheric, Horror, First-Person, Shooter, Dystopian , Sci-fi, RPG, Steampunk, Underwater, Adventure, Dark, Great Soundtrack, Alternate History, Immersive Sim, Remake, Multiplayer","A popular game by 2K Marin, 2K China, Digital Extremes, 2K Australia, Blind Squirrel, Feral Interactive (Mac).","2K Marin, 2K China, Digital Extremes, 2K Australia, Blind Squirrel, Feral Interactive (Mac)","2K, Feral Interactive (Mac)"
1088090,Day of Dragons,,"Early Access, Dragons, Survival, Multiplayer, Massively Multiplayer, Sandbox, PvE, Combat, PvP, Open World, Fantasy, RPG, MMORPG, Realistic, Exploration, Third Person, First-Person, Perma Death, Immersive Sim, Simulation",A popular game by Beawesome Games.,Beawesome Games,Beawesome Games
413420,Danganronpa 2: Goodbye Despair,,"Anime, Detective, Visual Novel, Mystery, Story Rich, Great Soundtrack, Singleplayer, Psychological Horror, Adventure, Dark Comedy, Puzzle, Horror, Atmospheric, Dark, Comedy, Mature, Memes, Funny, Dating Sim, Walking Simulator","A popular game by Spike Chunsoft Co., Ltd., Abstraction Games.","Spike Chunsoft Co., Ltd., Abstraction Games","Spike Chunsoft Co., Ltd."
204100,Max Payne 3,,"Action, Third-Person Shooter, Bullet Time, Story Rich, Multiplayer, Shooter, Cinematic, Third Person, Noir, Singleplayer, Great Soundtrack, Atmospheric, Violent, Nudity, Adventure, Dark, Linear, Drama, Open World, Co-op",A popular game by Rockstar Studios.,Rockstar Studios,Rockstar Games
32430,STAR WARS - The Force Unleashed Ultimate Sith Edition,,"Action, Singleplayer, Hack and Slash, Third Person, Sci-fi, Adventure, Story Rich, Controller, Quick-Time Events, Great Soundtrack, Beat 'em up, Space, Platformer, Multiple Endings, Classic, RPG, Difficult, Physics, Atmospheric, Multiplayer",A popular game by LucasArts.,LucasArts,"LucasArts, Lucasfilm, Disney"
387290,Ori and the Blind Forest: Definitive Edition,,"Atmospheric, Great Soundtrack, Metroidvania, Platformer, Adventure, Story Rich, Singleplayer, Cute, Difficult, Action, Fantasy, 2D, Indie, Puzzle, Side Scroller, Controller, Open World, Family Friendly, 2.5D, Beautiful",A popular game by Moon Studios GmbH.,Moon Studios GmbH,Xbox Game Studios
747660,Five Nights at Freddy's: Security Breach,,"Horror, Singleplayer, Survival Horror, Robots, Multiple Endings, First-Person, Stealth, Exploration, 3D, Action, Adventure, Indie, Story Rich, Artificial Intelligence, Thriller, Action-Adventure, Colorful, Family Friendly, Cartoony, Atmospheric",A popular game by Steel Wool Studios.,Steel Wool Studios,ScottGames
207140,SpeedRunners,,"Multiplayer, Racing, Local Multiplayer, Indie, Competitive, Fast-Paced, Platformer, Action, 2D, 4 Player Local, Funny, Parkour, Sports, Controller, Local Co-Op, Co-op, Level Editor, Singleplayer, Arcade, Superhero",A popular game by DoubleDutch Games.,DoubleDutch Games,tinyBuild
874390,The Battle of Polytopia,,"Strategy, Turn-Based, Multiplayer, Turn-Based Strategy, Singleplayer, 4X, Turn-Based Tactics, Colorful, Minimalist, Building, War, Isometric, PvP, Diplomacy, Simulation, Cute, Economy, Action RTS, Real Time Tactics, Family Friendly",A popular game by Midjiwan AB.,Midjiwan AB,Midjiwan AB
238010,Deus Ex: Human Revolution - Director's Cut,,"Cyberpunk, Stealth, RPG, Sci-fi, FPS, Action, Singleplayer, Story Rich, Great Soundtrack, Transhumanism, Dystopian , First-Person, Atmospheric, Adventure, Immersive Sim, Inventory Management, Immersive, Shooter, Futuristic, Replay Value",A popular game by Eidos Montreal.,Eidos Montreal,Eidos Interactive Corp.
403190,Planetbase,,"Colony Sim, City Builder, Base-Building, Space, Strategy, Survival, Simulation, Sci-fi, Resource Management, Singleplayer, Building, Management, Indie, Sandbox, Open World, Space Sim, Crafting, RTS, Atmospheric, Adventure",A popular game by Madruga Works.,Madruga Works,Madruga Works
240720,Getting Over It with Bennett Foddy,,"Psychological Horror, Difficult, Singleplayer, Physics, Philosophical, Horror, Funny, Platformer, Indie, Survival Horror, Casual, Dark Humor, Replay Value, Adventure, Action, Comedy, Story Rich, Strategy, Great Soundtrack, Third Person",A popular game by Bennett Foddy.,Bennett Foddy,Bennett Foddy
1089090,ONE PIECE: PIRATE WARRIORS 4,,"Anime, Hack and Slash, Beat 'em up, Pirates, Fighting, Split Screen, Action, PvP, Arcade, Multiplayer, Musou, Co-op, Adventure, RPG, Local Co-Op, Online Co-Op, Comedy, Singleplayer, Open World, Controller",A popular game by Koei Tecmo.,Koei Tecmo,BANDAI NAMCO Entertainment
10190,Call of Duty: Modern Warfare 2 (2009),,"Action, FPS, Multiplayer, Shooter, First-Person, Singleplayer, War, Military, Co-op, Online Co-Op, PvP, Masterpiece, Great Soundtrack, Story Rich, Atmospheric, Adventure, Tactical, Strategy, Linear, Moddable",A popular game by Infinity Ward.,Infinity Ward,Activision
488860,MADNESS: Project Nexus,,"Gore, Beat 'em up, Hack and Slash, Arena Shooter, Shooter, Gun Customization, Funny, Character Customization, Blood, Action, Combat, 3D, Third Person, Violent, Third-Person Shooter, Controller, Atmospheric, Co-op, Local Co-Op, Dark","A popular game by GIBBING TREE, LLC.","GIBBING TREE, LLC","GIBBING TREE, LLC"
681280,Descenders,,"Sports, Racing, Cycling, Action, Bikes, Multiplayer, Great Soundtrack, Procedural Generation, Open World, Rogue-lite, BMX, Fast-Paced, Simulation, Physics, Moddable, Relaxing, Addictive, Difficult, Beautiful, Competitive",A popular game by RageSquid.,RageSquid,No More Robots
429050,Feed and Grow: Fish,,"Simulation, Underwater, Survival, Multiplayer, Early Access, Action, Open World, Indie, Singleplayer, Adventure, Colorful, Sandbox, Funny, Fishing, Co-op, Realistic, Cute, Atmospheric, Strategy, Great Soundtrack",A popular game by Old B1ood.,Old B1ood,Greens s.r.o.
33230,Assassin's Creed 2,,"Action, Open World, Parkour, Assassin, Stealth, Adventure, Historical, Third Person, Story Rich, Singleplayer, Great Soundtrack, Atmospheric, Action-Adventure, Conspiracy, Multiplayer, Classic, Controller, Alternate History, Sandbox, Sci-fi",A popular game by Ubisoft Montreal.,Ubisoft Montreal,Ubisoft
45760,Ultra Street Fighter IV,,"Fighting, Arcade, Competitive, 2D Fighter, Local Multiplayer, Action, Multiplayer, Controller, e-sports, Difficult, Classic, Anime, Great Soundtrack, 2.5D, Singleplayer, 2D, Beat 'em up, Local Co-Op, Adventure, 3D Vision",A popular game by Capcom.,Capcom,Capcom
679900,Swords & Souls: Neverseen,,"Indie, RPG, Turn-Based Combat, Character Customization, Action RPG, Singleplayer, Turn-Based, Idler, Funny, 2D, Fantasy, Casual, Strategy, Relaxing, Minigames, Cartoony, Colorful, Strategy RPG, Action, Archery",A popular game by SoulGame Studio.,SoulGame Studio,Armor Games Studios
834530,Yakuza Kiwami,,"Action, Story Rich, Adventure, Beat 'em up, RPG, Open World, Crime, Singleplayer, Great Soundtrack, Violent, Minigames, Drama, Comedy, Third Person, Sexual Content, Remake, Atmospheric, Funny, JRPG, Anime",A popular game by Ryu Ga Gotoku Studio.,Ryu Ga Gotoku Studio,SEGA
863550,HITMAN 2,,"Stealth, Assassin, Action, Singleplayer, Third Person, Multiplayer, Violent, Open World, Sandbox, Strategy, Puzzle, Gore, Shooter, Atmospheric, Third-Person Shooter, Co-op, Funny, Online Co-Op, Great Soundtrack, Nudity",A popular game by IO Interactive A/S.,IO Interactive A/S,IO Interactive A/S
304240,Resident Evil,,"Survival Horror, Zombies, Horror, Classic, Remake, Atmospheric, Singleplayer, Puzzle, Survival, Adventure, Third Person, Action, Female Protagonist, Cult Classic, Story Rich, Difficult, Gore, Shooter, Great Soundtrack, Third-Person Shooter","A popular game by CAPCOM Co., Ltd..","CAPCOM Co., Ltd.","CAPCOM Co., Ltd."
677620,Splitgate: Arena Warfare,,"Free to Play, FPS, Multiplayer, Arena Shooter, Shooter, Action, Fast-Paced, First-Person, PvP, Competitive, Sci-fi, Indie, Team-Based, e-sports, Tactical, Strategy, Online Co-Op, Physics, Co-op, Violent",A popular game by 1047 Games.,1047 Games,1047 Games
4500,S.T.A.L.K.E.R.: Shadow of Chernobyl,,"Atmospheric, Post-apocalyptic, Open World, FPS, Survival, Action, Survival Horror, Shooter, RPG, Horror, First-Person, Singleplayer, Classic, Based On A Novel, Moddable, Adventure, Immersive, Sci-fi, Inventory Management, Difficult",A popular game by GSC Game World.,GSC Game World,GSC Game World
1089980,The Henry Stickmin Collection,,"Funny, Multiple Endings, Choose Your Own Adventure, Memes, Comedy, Singleplayer, Choices Matter, Classic, Point & Click, 2D, Epic, Hand-drawn, Adventure, Indie, Family Friendly, Action, Interactive Fiction, Casual, Parody , Old School",A popular game by PuffballsUnited.,PuffballsUnited,Innersloth
1341290,We Were Here Forever,,"Escape Room, Online Co-Op, Puzzle, Co-op, Multiplayer, Co-op Campaign, 3D, Fantasy, Mystery, Exploration, Adventure, Psychological Horror, Detective, Story Rich, Atmospheric, Action-Adventure, Dark, Casual, First-Person, Horror",A popular game by Total Mayhem Games.,Total Mayhem Games,Total Mayhem Games
740130,Tales of ARISE,,"Anime, JRPG, RPG, Action RPG, Open World, Singleplayer, Fantasy, Action, Story Rich, Third Person, Magic, Adventure, Combat, Romance, Female Protagonist, Controller, Character Customization, Sexual Content, Hack and Slash, Multiplayer",A popular game by Bandai Namco Studios Inc..,Bandai Namco Studios Inc.,Bandai Namco Entertainment
1016920,Unrailed!,,"Multiplayer, Co-op, Online Co-Op, Local Co-Op, Casual, Trains, Local Multiplayer, Action, Procedural Generation, Indie, 4 Player Local, Voxel, Family Friendly, Funny, Survival, Isometric, Controller, Cute, Competitive, Pixel Graphics",A popular game by Indoor Astronaut.,Indoor Astronaut,Daedalic Entertainment
673610,Airport CEO,,"Flight, Resource Management, Moddable, Management, Simulation, Singleplayer, Building, Immersive Sim, Strategy, Sandbox, Automation, Capitalism, Realistic, Top-Down, 2D, Economy, Transportation, City Builder, Base-Building, Logic",A popular game by Apog Labs.,Apog Labs,Apog Labs
11020,TrackMania Nations Forever,,"Racing, Free to Play, Multiplayer, Automobile Sim, Singleplayer, Level Editor, Arcade, Competitive, Simulation, Controller, Massively Multiplayer, Action, Sports, Difficult, Sandbox, Casual, Adventure, Co-op, First-Person, Indie",A popular game by Nadeo.,Nadeo,Ubisoft
996470,eFootball  PES 2020,,"Sports, Football (Soccer), Multiplayer, Free to Play, Football (American), Singleplayer, Simulation, Online Co-Op, Realistic, Local Multiplayer, Controller, Open World, Co-op",A popular game by Konami Digital Entertainment.,Konami Digital Entertainment,Konami Digital Entertainment
1369630,ENDER LILIES: Quietus of the Knights,,"Metroidvania, Female Protagonist, Souls-like, Dark Fantasy, Singleplayer, Great Soundtrack, Atmospheric, 2D, Difficult, Indie, Multiple Endings, Dark, Post-apocalyptic, Action RPG, Medieval, Action, Hand-drawn, Anime, Dragons, Zombies","A popular game by Live Wire, Adglobe.","Live Wire, Adglobe",Binary Haze Interactive
2593370,The Hungry Lamb: Traveling in the Late Ming Dynasty,,"Visual Novel, Historical, Multiple Endings, Cooking, Interactive Fiction, Story Rich, Dating Sim, Dark, Adventure, Anime, Cute, Word Game, Drama, Romance, RPG, Psychological Horror, Singleplayer, Mystery, Casual, Medieval",A popular game by 零创游戏(ZerocreationGame).,零创游戏(ZerocreationGame),"零创游戏(ZerocreationGame), 2P Games"
327030,Worms W.M.D,,"Strategy, Multiplayer, Action, Turn-Based Strategy, Funny, Local Multiplayer, 2D, Turn-Based, Co-op, Shooter, Singleplayer, Comedy, Local Co-Op, Classic, Memes, Casual, Platformer, War, Adventure, Gore",A popular game by Team17.,Team17,Team17
673880,"Warhammer 40,000: Mechanicus",,"Warhammer 40K, Strategy, Turn-Based Tactics, Games Workshop, Turn-Based Combat, Sci-fi, Great Soundtrack, Turn-Based, Atmospheric, Tactical, Singleplayer, Turn-Based Strategy, Robots, Indie, RPG, Dungeon Crawler, Character Customization, Difficult, Story Rich, Board Game",A popular game by Bulwark Studios.,Bulwark Studios,Kasedo Games
1302240,Labyrinthine,,"Horror, Online Co-Op, Co-op, Puzzle, Psychological Horror, Multiplayer, Procedural Generation, Supernatural, First-Person, Controller, Atmospheric, Character Customization, Action-Adventure, PvE, Co-op Campaign, Realistic, Team-Based, Action, Lovecraftian, Rogue-lite",A popular game by Valko Game Studios.,Valko Game Studios,Valko Game Studios
680420,OUTRIDERS,,"Looter Shooter, RPG, Co-op, Third-Person Shooter, Action, Adventure, Multiplayer, Loot, Singleplayer, Shooter, Online Co-Op, Gore, Sci-fi, Violent, Open World, Third Person, Character Customization, Post-apocalyptic, Story Rich, Sexual Content",A popular game by People Can Fly.,People Can Fly,Square Enix
339800,HuniePop,,"Nudity, Mature, Sexual Content, Anime, Dating Sim, Puzzle, Match 3, Romance, Hentai, Singleplayer, Cute, Comedy, Indie, Casual, RPG, Story Rich, Strategy, Great Soundtrack, Memes, 2D",A popular game by HuniePot.,HuniePot,HuniePot
865360,We Were Here Together,,"Puzzle, Online Co-Op, Co-op Campaign, Story Rich, Escape Room, Co-op, Exploration, Adventure, Multiplayer, Linear, Action-Adventure, Horror, Investigation, Mystery, First-Person, Atmospheric, Psychological Horror, Dark, Casual, Indie",A popular game by Total Mayhem Games.,Total Mayhem Games,Total Mayhem Games
601430,The Evil Within 2,,"Horror, Survival Horror, Psychological Horror, Story Rich, Open World, Action, Adventure, Gore, Singleplayer, Atmospheric, Third-Person Shooter, Third Person, Violent, Zombies, Stealth, Survival, Shooter, First-Person, Dark, Great Soundtrack",A popular game by Tango Gameworks.,Tango Gameworks,Bethesda Softworks
1139900,Ghostrunner,,"Action, Cyberpunk, Fast-Paced, First-Person, Difficult, Swordplay, Singleplayer, Hack and Slash, Futuristic, Violent, Sci-fi, Great Soundtrack, Action-Adventure, Combat, Adventure, Ninja, Post-apocalyptic, Fighting, Strategy, Shooter","A popular game by One More Level, 3D Realms, Slipgate Ironworks™, All in! Games.","One More Level, 3D Realms, Slipgate Ironworks™, All in! Games",505 Games
368500,Assassin's Creed Syndicate,,"Assassin, Open World, Action, Stealth, Parkour, Historical, Adventure, Third Person, Singleplayer, Story Rich, Female Protagonist, Atmospheric, Multiplayer, Steampunk, Great Soundtrack, Strategy, Gore, Funny, Co-op, RPG","A popular game by Ubisoft Quebec, in collaboration with Ubisoft Annecy, Bucharest, Kiev, Montreal, Montpellier, Shanghai, Singapore, Sofia, Toronto studios.","Ubisoft Quebec, in collaboration with Ubisoft Annecy, Bucharest, Kiev, Montreal, Montpellier, Shanghai, Singapore, Sofia, Toronto studios",Ubisoft
289130,ENDLESS Legend,,"Strategy, 4X, Turn-Based, Turn-Based Strategy, Fantasy, Hex Grid, Multiplayer, RPG, Singleplayer, Great Soundtrack, Sci-fi, Indie, Tactical, Grand Strategy, Adventure, Medieval, Atmospheric, Exploration, Open World, Sandbox",A popular game by AMPLITUDE Studios.,AMPLITUDE Studios,AMPLITUDE Studios
39500,Gothic 3,,"RPG, Open World, Fantasy, Action, Singleplayer, Third Person, Atmospheric, Medieval, Gothic, Adventure, Great Soundtrack, Story Rich, Magic, Action RPG, Classic, Sandbox, First-Person, Dark Fantasy, Replay Value, Exploration",A popular game by Piranha Bytes.,Piranha Bytes,THQ Nordic
413410,Danganronpa: Trigger Happy Havoc,,"Anime, Visual Novel, Mystery, Detective, Story Rich, Great Soundtrack, Singleplayer, Psychological Horror, Adventure, Horror, Dark Comedy, Dark Humor, Puzzle, Point & Click, Funny, Comedy, Exploration, Survival, Action, Memes","A popular game by Spike Chunsoft Co., Ltd., Abstraction Games.","Spike Chunsoft Co., Ltd., Abstraction Games","Spike Chunsoft Co., Ltd."
1592190,BONELAB,,"VR, Physics, Sandbox, Action, Shooter, FPS, First-Person, Violent, Action-Adventure, Puzzle, Combat, Underground, Experimental, Psychological, Indie, Dark, Story Rich, Singleplayer, Female Protagonist, Atmospheric",A popular game by Stress Level Zero.,Stress Level Zero,Stress Level Zero
261570,Ori and the Blind Forest,,"Great Soundtrack, Atmospheric, Platformer, Adventure, Metroidvania, Story Rich, Fantasy, 2D, Cute, Singleplayer, Difficult, Action, Indie, Puzzle-Platformer, Exploration, Puzzle, Side Scroller, Open World, Family Friendly, RPG",A popular game by Moon Studios GmbH.,Moon Studios GmbH,Xbox Game Studios
2290180,Riders Republic,,"Racing, Open World, Sports, Massively Multiplayer, Bikes, Multiplayer, PvP, Snowboarding, Third Person, Skiing, Cycling, BMX, First-Person, Online Co-Op, Co-op, Singleplayer, Colorful, Skateboarding","A popular game by Ubisoft Annecy, Ubisoft Belgrade, Ubisoft Kyiv, Ubisoft Pune, Ubisoft Odesa.","Ubisoft Annecy, Ubisoft Belgrade, Ubisoft Kyiv, Ubisoft Pune, Ubisoft Odesa",Ubisoft Entertainment
310950,Street Fighter V,,"Fighting, Action, 2D Fighter, Multiplayer, Competitive, Arcade, Local Multiplayer, e-sports, Controller, Anime, 2.5D, Singleplayer, Great Soundtrack, Classic, 2D, Nudity, Female Protagonist, Beat 'em up, Sexual Content, Funny","A popular game by CAPCOM Co., Ltd..","CAPCOM Co., Ltd.","CAPCOM Co., Ltd."
747610,Zula Global,,"Free to Play, FPS, Action, Shooter, Multiplayer, Massively Multiplayer, Battle Royale, First-Person, Strategy, Casual, Co-op, Adventure, e-sports, Arena Shooter, Real Time Tactics, Bullet Hell, Wargame, Driving, Tactical, Sniper",A popular game by Madbyte Games.,Madbyte Games,Madbyte Games
1451940,NEEDY STREAMER OVERLOAD,,"Psychological Horror, Anime, Sexual Content, Visual Novel, Cute, Pixel Graphics, Multiple Endings, Psychological, 2D, Dark Humor, Story Rich, Point & Click, Psychedelic, Choose Your Own Adventure, Singleplayer, Colorful, Hentai, Adventure, Text-Based, Conversation","A popular game by WSS playground, xemono.","WSS playground, xemono","WSS playground, Alliance Arts"
1178490,港詭實錄ParanormalHK,,"Horror, Sexual Content, Dating Sim, Psychological Horror, Nudity, Multiplayer, Adventure, Thriller, Funny, Puzzle, First-Person, Indie, Singleplayer, Drama, Atmospheric, FPS, Dark, Action, Walking Simulator, Co-op",A popular game by Ghostpie Studio.,Ghostpie Studio,"Ghostpie Studio, Gamera Games"
48190,Assassin’s Creed Brotherhood,,"Action, Open World, Adventure, Parkour, Stealth, Assassin, Third Person, Historical, Multiplayer, Singleplayer, Rome, Story Rich, Great Soundtrack, Action-Adventure, Atmospheric, Conspiracy, Medieval, Sandbox, Controller, Casual",A popular game by Ubisoft Montreal.,Ubisoft Montreal,Ubisoft
909080,Cube Escape: Paradox,,"Puzzle, Free to Play, Psychological Horror, Point & Click, Mystery, Singleplayer, Escape Room, Indie, Horror, Multiplayer, Adventure, Atmospheric, Story Rich, 2D, Detective, Dark, Surreal, Great Soundtrack, Co-op, Hand-drawn",A popular game by Rusty Lake.,Rusty Lake,Rusty Lake
202990,Call of Duty: Black Ops II,,"Action, Multiplayer, FPS, Shooter, First-Person, Singleplayer, Co-op, War, Online Co-Op, Team-Based, Futuristic, Survival, Controller, Tactical, Adventure, Great Soundtrack, Sci-fi, Massively Multiplayer, Atmospheric, Horror",A popular game by Treyarch.,Treyarch,Activision
1253920,Rogue Legacy 2,,"Arcade, Metroidvania, Platformer, Action, Indie, Adventure, RPG, Rogue-lite, Difficult, Singleplayer, 2D, Side Scroller, Rogue-like, Procedural Generation, Cartoony, Action Roguelike, 2D Platformer, Roguevania, Great Soundtrack, Replay Value",A popular game by Cellar Door Games.,Cellar Door Games,Cellar Door Games
653530,Return of the Obra Dinn,,"Detective, Mystery, Puzzle, Story Rich, Atmospheric, Singleplayer, Indie, Great Soundtrack, First-Person, Historical, Adventure, Naval, Difficult, Retro, Multiple Endings, Violent, Pirates, Horror, Walking Simulator, Noir",A popular game by Lucas Pope.,Lucas Pope,3909
451340,Gold Mining Simulator,,"Simulation, Mining, Singleplayer, Realistic, Open World, Indie, Driving, Sandbox, Economy, Building, First-Person, Exploration, Strategy, Management, Automobile Sim, Adventure, Relaxing, Funny, Co-op, Difficult",A popular game by Code Horizon.,Code Horizon,"Code Horizon, PlayWay S.A."
108710,Alan Wake,,"Action, Horror, Third Person, Adventure, Story Rich, Thriller, Atmospheric, Singleplayer, Psychological Horror, Great Soundtrack, Mystery, Episodic, Third-Person Shooter, Dark, Supernatural, Cinematic, Survival Horror, Narration, Shooter, Survival",A popular game by Remedy Entertainment.,Remedy Entertainment,Remedy Entertainment
270150,RUNNING WITH RIFLES,,"Top-Down Shooter, Action, Tactical, Military, Artificial Intelligence, Open World, Sandbox, Wargame, Top-Down, Moddable, Multiplayer, Singleplayer, Loot, PvE, Co-op, Online Co-Op, Shooter, Co-op Campaign, RPG, Isometric",A popular game by Osumia Games.,Osumia Games,Osumia Games
962730,Skater XL - The Ultimate Skateboarding Game,,"Skateboarding, Skating, Multiplayer, Sports, Sandbox, Online Co-Op, Moddable, Physics, Character Customization, Simulation, Adventure, Mod, Controller, Action, Singleplayer, Realistic, Open World, Snowboarding, Indie, Soundtrack",A popular game by Easy Day Studios Pty Ltd.,Easy Day Studios Pty Ltd,Easy Day Studios Pty Ltd
593600,PixARK,,"Survival, Open World, Adventure, Multiplayer, Massively Multiplayer, Dinosaurs, Sandbox, RPG, Pixel Graphics, Action, Casual, Strategy, Building, Crafting, Voxel, Co-op, Base-Building, Magic, PvP, FPS",A popular game by Snail Games USA.,Snail Games USA,Snail Games USA
567640,Danganronpa V3: Killing Harmony,,"Visual Novel, Detective, Female Protagonist, Anime, Story Rich, Mystery, Great Soundtrack, Singleplayer, Psychological Horror, Dark Humor, Horror, Adventure, Puzzle, Dark Comedy, Dark, Atmospheric, Funny, Memes, Dating Sim, Comedy","A popular game by Spike Chunsoft Co., Ltd..","Spike Chunsoft Co., Ltd.","Spike Chunsoft Co., Ltd."
55230,Saints Row: The Third,,"Open World, Action, Comedy, Co-op, Third-Person Shooter, Funny, Character Customization, Sandbox, Third Person, Online Co-Op, Singleplayer, Great Soundtrack, Multiplayer, Crime, Shooter, Female Protagonist, Adventure, Satire, Zombies, RPG",A popular game by Volition.,Volition,Deep Silver
372000,Tree of Savior (English Ver.),,"MMORPG, Anime, RPG, Massively Multiplayer, Fantasy, Adventure, Multiplayer, Cute, Action, Open World, Free to Play, Isometric, Action RPG, Co-op, Hack and Slash, PvP, PvE, Memes, Exploration, CRPG","A popular game by IMCGAMES Co.,Ltd..","IMCGAMES Co.,Ltd.","IMCGAMES Co.,Ltd."
226840,Age of Wonders III,,"Strategy, Turn-Based Strategy, Fantasy, RPG, 4X, Turn-Based, Multiplayer, Singleplayer, Tactical, Dwarf, Hex Grid, Co-op, Adventure, Grand Strategy, Great Soundtrack, Atmospheric, Classic, Moddable, Female Protagonist, Action",A popular game by Triumph Studios.,Triumph Studios,Paradox Interactive
2630,Call of Duty 2,,"World War II, Action, FPS, Multiplayer, Singleplayer, Shooter, War, Classic, First-Person, Historical, Military, Atmospheric, Controller, Story Rich, Violent, Co-op, Adventure, Online Co-Op, Casual, Simulation",A popular game by Infinity Ward.,Infinity Ward,Activision
332950,Dark Deception,,"Horror, Free to Play, Multiplayer, Singleplayer, First-Person, Psychological Horror, Runner, Survival Horror, Indie, Action, Survival, Dark Humor, Adventure, Story Rich, Arcade, RPG, Multiple Endings, Cinematic, Dark, Difficult",A popular game by Glowstick Entertainment.,Glowstick Entertainment,Glowstick Entertainment
788100,Neon Abyss,,"Rogue-like, Platformer, Loot, Procedural Generation, Singleplayer, Pixel Graphics, Replay Value, Cyberpunk, Shooter, Adventure, Bullet Hell, Rogue-lite, Action Roguelike, Dungeon Crawler, 2D Platformer, RPG, Action, 2D, Action-Adventure, Character Customization",A popular game by Veewo Games.,Veewo Games,"Team17, Veewo Games"
1522820,Orcs Must Die! 3,,"Tower Defense, Co-op, Strategy, Third-Person Shooter, PvE, Action, Multiplayer, Third Person, Online Co-Op, 3D, Funny, Fantasy, Co-op Campaign, Adventure, Combat, Physics, Singleplayer, Stylized, Comedy, Cartoony",A popular game by Robot Entertainment.,Robot Entertainment,Robot Entertainment
226860,Galactic Civilizations III,,"Aliens, Sci-fi, 4X, Turn-Based Strategy, Sandbox, 3D, Grand Strategy, Moddable, Hex Grid, PvE, Strategy, PvP, Procedural Generation, Turn-Based, Space, Third Person, Lore-Rich, War, Futuristic, Multiplayer",A popular game by Stardock Entertainment.,Stardock Entertainment,Stardock Entertainment
404410,Endless Sky,,"Space, Free to Play, Open World, Singleplayer, Sci-fi, Simulation, 2D, Adventure, RPG, Trading, Action, Exploration, Space Sim, Indie, Sandbox, Economy, Top-Down, Strategy, Casual, Story Rich",A popular game by Michael Zahniser.,Michael Zahniser,Michael Zahniser
320,Half-Life 2: Deathmatch,,"Action, FPS, Multiplayer, Shooter, First-Person, Sci-fi, Physics, Competitive, Funny, Co-op, Old School, PvP, Arena Shooter, Moddable, Atmospheric, Adventure, Great Soundtrack, Singleplayer, Violent, Mod",A popular game by Valve.,Valve,Valve
692850,Bloodstained: Ritual of the Night,,"Metroidvania, RPG, Female Protagonist, Action, Adventure, Anime, Side Scroller, 2.5D, Platformer, Great Soundtrack, Dark Fantasy, Gothic, Exploration, Singleplayer, Crafting, 2D, Difficult, Nudity, Indie, Sexual Content",A popular game by ArtPlay.,ArtPlay,505 Games
282800,100% Orange Juice,,"Anime, Board Game, Cute, Multiplayer, Strategy, Card Game, Turn-Based, Indie, Casual, Funny, Great Soundtrack, Co-op, Female Protagonist, Singleplayer, 2D, Difficult, Memes, Family Friendly, Comedy, Survival Horror","A popular game by Orange_Juice, Fruitbat Factory.","Orange_Juice, Fruitbat Factory",Fruitbat Factory
239820,Game Dev Tycoon,,"Management, Simulation, Indie, Strategy, Casual, Singleplayer, Economy, 2D, Moddable, Addictive, Replay Value, GameMaker, Sandbox, Funny, Difficult, Point & Click, Great Soundtrack, Isometric, Comedy, Touch-Friendly",A popular game by Greenheart Games.,Greenheart Games,Greenheart Games
350080,Wolfenstein: The Old Blood,,"FPS, Action, World War II, Alternate History, Shooter, Gore, Singleplayer, Stealth, First-Person, Zombies, Atmospheric, Story Rich, War, Adventure, Sci-fi, Blood, Horror, Mature, Funny, Multiplayer",A popular game by MachineGames.,MachineGames,Bethesda Softworks
412830,STEINS;GATE,,"Visual Novel, Story Rich, Anime, Time Travel, Sci-fi, Great Soundtrack, Multiple Endings, Choices Matter, Singleplayer, Science, Adventure, Atmospheric, Romance, Mystery, Psychological Horror, Thriller, Memes, Dating Sim, Horror, Casual",A popular game by MAGES. Inc..,MAGES. Inc.,"Spike Chunsoft Co., Ltd."
466240,Deceit,,"PvP, Multiplayer, Horror, Social Deduction, Free to Play, Choices Matter, Shooter, FPS, First-Person, Psychological Horror, Strategy, Funny, Co-op, Action, Zombies, Psychological, Mystery, Survival, Survival Horror, Atmospheric",A popular game by World Makers.,World Makers,World Makers
311560,Assassin’s Creed Rogue,,"Open World, Assassin, Action, Parkour, Stealth, Third Person, Adventure, Historical, Singleplayer, Cinematic, Pirates, Atmospheric, Story Rich, Action-Adventure, Quick-Time Events, Puzzle, Co-op, Simulation, Naval, Linear","A popular game by Ubisoft Sofia, Ubisoft Kiev.","Ubisoft Sofia, Ubisoft Kiev",Ubisoft
222880,Insurgency,,"FPS, Realistic, Tactical, Multiplayer, Shooter, Action, Military, Team-Based, Co-op, First-Person, War, Strategy, Online Co-Op, Competitive, Indie, PvP, Simulation, Singleplayer, Atmospheric, Adventure",A popular game by New World Interactive.,New World Interactive,New World Interactive
214510,LEGO The Lord of the Rings,,"LEGO, Adventure, Local Co-Op, Action, Fantasy, Open World, Comedy, Family Friendly, Co-op, Singleplayer, Funny, Casual, Controller, Multiplayer, Split Screen, Local Multiplayer, Platformer, Third Person, Puzzle, Dwarf",A popular game by Traveller's Tales.,Traveller's Tales,Warner Bros. Interactive Entertainment
532210,Life is Strange 2,,"Choices Matter, Story Rich, Adventure, Singleplayer, Great Soundtrack, Atmospheric, Episodic, Drama, Sexual Content, Choose Your Own Adventure, LGBTQ+, Point & Click, Third Person, Walking Simulator, Mystery, Nudity, Puzzle, Comedy, Funny, Classic","A popular game by DONTNOD Entertainment, Feral Interactive (Mac), Feral Interactive (Linux).","DONTNOD Entertainment, Feral Interactive (Mac), Feral Interactive (Linux)","Square Enix, Feral Interactive (Mac), Feral Interactive (Linux)"
903950,Last Oasis,,"Massively Multiplayer, Survival, Open World, RPG, Action, Adventure, Crafting, Indie, Multiplayer, Building, PvP, Sandbox, Early Access, Third Person, Post-apocalyptic, Violent, PvE, Economy, MMORPG, Swordplay",A popular game by Donkey Crew.,Donkey Crew,"Donkey Crew, Snail Games USA"
1134570,F1 2021,,"Racing, Driving, Sports, Immersive Sim, Automobile Sim, PvP, Controller, Split Screen, e-sports, Simulation, 3D, Realistic, Multiplayer, VR, Co-op, Local Multiplayer, Cinematic, Online Co-Op, Singleplayer, Arcade",A popular game by Codemasters.,Codemasters,Electronic Arts
1007040,EARTH DEFENSE FORCE 5,,"Action, Online Co-Op, Third-Person Shooter, Co-op, Mechs, Aliens, Shooter, Local Co-Op, Sci-fi, Multiplayer, Split Screen, Funny, Class-Based, Anime, Singleplayer, Difficult, Third Person, Violent, Gore, Hack and Slash",A popular game by SANDLOT.,SANDLOT,D3PUBLISHER
15620,"Warhammer 40,000: Dawn of War II - Anniversary Edition (Classic)",,"Warhammer 40K, Strategy, RTS, Sci-fi, Multiplayer, Games Workshop, Tactical, Singleplayer, Co-op, Gore, Futuristic, Online Co-Op, RPG, Co-op Campaign, Real-Time, Action, Fantasy, Great Soundtrack, Atmospheric, Violent","A popular game by Relic Entertainment, Feral Interactive (Mac/Linux).","Relic Entertainment, Feral Interactive (Mac/Linux)","Relic Entertainment, Feral Interactive (Mac/Linux)"
1448440,Wo Long: Fallen Dynasty,,"Action, Souls-like, RPG, Difficult, Action RPG, Dark Fantasy, Historical, Hack and Slash, Singleplayer, Fantasy, Gore, Character Customization, Violent, Martial Arts, JRPG, Co-op, Adventure, Third Person, Atmospheric, Female Protagonist","A popular game by KOEI TECMO GAMES CO., LTD..","KOEI TECMO GAMES CO., LTD.","KOEI TECMO GAMES CO., LTD., CE-Asia(Asia)"
700600,Evil Genius 2: World Domination,,"Strategy, Base-Building, Villain Protagonist, Simulation, Building, Management, Sandbox, Singleplayer, Resource Management, Violent, Funny, Memes, RTS, Sequel, Cartoony, Great Soundtrack, Comedy, Crime, Female Protagonist, Multiplayer",A popular game by Rebellion.,Rebellion,Rebellion
110800,L.A. Noire,,"Detective, Crime, Open World, Noir, Adventure, Story Rich, Mystery, Investigation, Third Person, Singleplayer, Cinematic, Action, Atmospheric, Mature, Nudity, Puzzle, Third-Person Shooter, Strategy, Thriller, 3D Vision","A popular game by Team Bondi, Rockstar Leeds.","Team Bondi, Rockstar Leeds",Rockstar Games
578650,The Outer Worlds,,"Open World, Action RPG, RPG, Exploration, FPS, Adventure, Singleplayer, Story Rich, Choices Matter, Sci-fi, First-Person, Shooter, Space, Character Customization, Action, PvE, Comedy, Action-Adventure, Colorful, Funny",A popular game by Obsidian Entertainment.,Obsidian Entertainment,"Private Division, Xbox Game Studios"
1105510,Yakuza 5 Remastered,,"Action, Adventure, Beat 'em up, Open World, Crime, RPG, Action RPG, Drama, Story Rich, Third Person, Comedy, Funny, Singleplayer, Violent, JRPG, Combat, Anime, Great Soundtrack, Rhythm, Sexual Content",A popular game by RGG Studio.,RGG Studio,SEGA
341800,Keep Talking and Nobody Explodes,,"Co-op, Local Multiplayer, Puzzle, Party Game, Board Game, Local Co-Op, Multiplayer, Party, VR, Casual, Indie, Difficult, Team-Based, Family Friendly, Funny, Asymmetric VR, Moddable, Procedural Generation, Simulation, Strategy",A popular game by Steel Crate Games.,Steel Crate Games,Steel Crate Games
1225330,NBA 2K21,,"Basketball, Sports, Simulation, Character Customization, Realistic, Multiplayer, Action, Third Person, Team-Based, 3D, Singleplayer, Local Co-Op, Online Co-Op, Local Multiplayer, Co-op, Competitive, 4 Player Local, e-sports, Management, Immersive Sim",A popular game by Visual Concepts.,Visual Concepts,2K
1843760,Rogue Tower,,"Tower Defense, Strategy, Rogue-like, Casual, Procedural Generation, 3D, Minimalist, Base-Building, Rogue-lite, Singleplayer, Building, Colorful, Isometric, Fantasy, Cartoony, Medieval, Magic, Indie",A popular game by Die of Death Games.,Die of Death Games,Die of Death Games
1966900,20 Minutes Till Dawn,,"Action Roguelike, Bullet Hell, Survival, Rogue-lite, Shoot 'Em Up, Horror, Combat, Top-Down Shooter, Pixel Graphics, Lovecraftian, Casual, Singleplayer, Strategy, Action, RPG, Gun Customization, Controller, Dark Fantasy, Score Attack, Shooter",A popular game by flanne.,flanne,flanne
385770,Time Clickers,,"Clicker, Free to Play, Casual, Indie, Action, Shooter, Singleplayer, FPS, Time Travel, Multiplayer, Voxel, Strategy, Simulation, Relaxing, First-Person, Adventure, RPG, Idler, Tower Defense, Point & Click",A popular game by Proton Studio Inc.,Proton Studio Inc,
752590,A Plague Tale: Innocence,,"Story Rich, Adventure, Stealth, Female Protagonist, Medieval, Atmospheric, Singleplayer, Third Person, Action, Dark, Horror, Great Soundtrack, Historical, Emotional, Violent, Survival, Puzzle, Dark Fantasy, Post-apocalyptic, Walking Simulator",A popular game by Asobo Studio.,Asobo Studio,Focus Entertainment
257420,Serious Sam 4,,"Action, Gore, FPS, Co-op, Shooter, Multiplayer, Violent, Adventure, Comedy, Singleplayer, Great Soundtrack, Blood, Fast-Paced, First-Person, Classic, Indie, Difficult, Arena Shooter, Open World, Third-Person Shooter",A popular game by Croteam.,Croteam,Devolver Digital
1026680,FINAL FANTASY VIII - REMASTERED,,"RPG, Adventure, JRPG, Story Rich, Turn-Based, Great Soundtrack, Singleplayer, Classic, Fantasy, Turn-Based Combat, Anime, Romance, Remake, Sci-fi, Open World, Atmospheric, Card Game",A popular game by Square Enix.,Square Enix,Square Enix
115320,Prototype 2,,"Action, Open World, Gore, Superhero, Violent, Third Person, Singleplayer, Adventure, Zombies, Parkour, Hack and Slash, Sandbox, Sci-fi, Story Rich, RPG, Multiplayer, Horror, Stealth, Atmospheric, Co-op",A popular game by Radical Entertainment.,Radical Entertainment,Activision
619820,Heroes of Hammerwatch II,,"RPG, Action RPG, Action Roguelike, Action, Rogue-like, Dungeon Crawler, Adventure, Rogue-lite, Procedural Generation, Hack and Slash, Pixel Graphics, 2D, Top-Down, Fantasy, Character Customization, Medieval, Combat, Multiplayer, Class-Based, Retro",A popular game by Crackshell.,Crackshell,Team17
3990,Civilization IV: Warlords,,"Strategy, Turn-Based, 4X, Turn-Based Strategy, Historical, Singleplayer, Multiplayer, Grand Strategy, Local Multiplayer",A popular game by Firaxis Games.,Firaxis Games,2K
736220,Squad 44,,"World War II, FPS, Simulation, Military, Singleplayer, Multiplayer, Realistic, Massively Multiplayer, Action, War, Strategy, First-Person, Shooter, Indie, Historical, Tactical, Team-Based, Violent, Co-op, Open World",A popular game by Offworld.,Offworld,Offworld
201230,EverQuest II,,"Free to Play, RPG, Massively Multiplayer, MMORPG, Fantasy, Crafting, Open World, Adventure, Multiplayer, Exploration, Action, Character Customization, Dwarf, Singleplayer, Classic, Sandbox, Third Person, First-Person, Dragons",A popular game by Darkpaw Games.,Darkpaw Games,Daybreak Game Company
8980,Borderlands Game of the Year,,"Looter Shooter, FPS, Co-op, RPG, Action, Loot, Shooter, Online Co-Op, First-Person, Open World, Comedy, Multiplayer, Sci-fi, Post-apocalyptic, Singleplayer, Action RPG, Funny, Dark Humor, Adventure, Gore",A popular game by Gearbox Software.,Gearbox Software,2K
582500,We Were Here,,"Free to Play, Co-op, Escape Room, Puzzle, Horror, Multiplayer, Co-op Campaign, Mystery, Adventure, Psychological Horror, Online Co-Op, Exploration, First-Person, Investigation, Atmospheric, Multiple Endings, Indie, Casual, Dark, Action-Adventure",A popular game by Total Mayhem Games.,Total Mayhem Games,Total Mayhem Games
41700,S.T.A.L.K.E.R.: Call of Pripyat,,"Atmospheric, Open World, Post-apocalyptic, FPS, Survival, Action, Singleplayer, RPG, Shooter, Survival Horror, First-Person, Moddable, Horror, Zombies, Classic, Adventure, Sci-fi, Multiplayer, Immersive, Sandbox",A popular game by GSC Game World.,GSC Game World,GSC Game World
503940,Railway Empire,,"Strategy, Simulation, Management, Trains, Economy, Building, Trading, Historical, America, Singleplayer, Western, Real-Time, Sandbox, Transportation, City Builder, Family Friendly, Replay Value, Resource Management, Crafting, Exploration",A popular game by Gaming Minds Studios.,Gaming Minds Studios,Kalypso Media
212160,Vindictus,,"Free to Play, Hack and Slash, Massively Multiplayer, Action, MMORPG, RPG, Character Customization, Nudity, Adventure, Multiplayer, Third Person, Co-op, Action RPG, Fantasy, Open World, PvP, Singleplayer, Violent, Fast-Paced, Gore",A popular game by devCAT.,devCAT,NEXON Korea Corp. &amp; NEXON America Inc.
287290,Resident Evil Revelations 2,,"Zombies, Horror, Multiplayer, Survival Horror, Action, Co-op, Adventure, Third-Person Shooter, Survival, Female Protagonist, Singleplayer, Local Co-Op, Third Person, Gore, Episodic, Atmospheric, Online Co-Op, Story Rich, Shooter, Action RPG","A popular game by CAPCOM Co., Ltd..","CAPCOM Co., Ltd.","CAPCOM Co., Ltd."
246900,Viscera Cleanup Detail,,"Simulation, Gore, Multiplayer, Co-op, First-Person, Funny, Physics, Indie, Sci-fi, Comedy, Horror, Singleplayer, Space, Blood, Casual, Walking Simulator, Sandbox, Parody , Relaxing, Adventure",A popular game by RuneStorm.,RuneStorm,RuneStorm
383180,Dead Island: Riptide Definitive Edition,,"Zombies, Co-op, Multiplayer, Open World, Gore, Action, Survival, First-Person, Horror, Adventure, Online Co-Op, FPS, Survival Horror, Singleplayer, Open World Survival Craft, Crafting, Violent, Nudity, RPG, Female Protagonist",A popular game by Techland.,Techland,Deep Silver
1238040,Dragon Age II: Ultimate Edition,,"RPG, Adventure, Fantasy, Action, Singleplayer, Combat, Character Customization, Third Person, Action RPG, Choices Matter, Story Rich, Sexual Content, Tactical RPG, Violent, Romance, Gore, Dark Fantasy, Open World, Female Protagonist, Party-Based RPG",A popular game by BioWare.,BioWare,Electronic Arts
39120,RIFT,,"Free to Play, MMORPG, RPG, Fantasy, Open World, Old School, Nostalgia, Massively Multiplayer, Multiplayer, Adventure, Action, Character Customization, Co-op, PvP, Online Co-Op, Magic, Crafting, Third Person, Survival, 3D",A popular game by gamigo US Inc..,gamigo US Inc.,gamigo US Inc.
1313860,EA SPORTS FIFA 21,,"Football (American), Football (Soccer), Sports, Multiplayer, PvP, Competitive, Controller, e-sports, Simulation, Local Multiplayer, Singleplayer, Online Co-Op, Realistic, Local Co-Op, Co-op, Modern, Casual, Runner, Great Soundtrack, Action",A popular game by EA Canada.,EA Canada,Electronic Arts
475550,Beholder,,"Dystopian , Choices Matter, Political Sim, Strategy, Dark, Atmospheric, Singleplayer, Simulation, Story Rich, Multiple Endings, Political, Point & Click, Dark Humor, Indie, Great Soundtrack, 3D, Adventure, 2D, RPG, Violent",A popular game by Alawar Stargaze (Warm Lamp Games).,Alawar Stargaze (Warm Lamp Games),Alawar
6020,STAR WARS Jedi Knight - Jedi Academy,,"Action, Sci-fi, Third Person, Multiplayer, Classic, Singleplayer, Swordplay, Character Customization, Moddable, FPS, Adventure, Shooter, First-Person, RPG, Third-Person Shooter, Great Soundtrack, Hack and Slash, Fighting, Female Protagonist, Story Rich",A popular game by Raven Software.,Raven Software,"LucasArts, Lucasfilm, Disney"
265550,Dead Rising 3 Apocalypse Edition,,"Zombies, Open World, Action, Co-op, Gore, Survival, Comedy, Open World Survival Craft, Multiplayer, Third Person, Funny, Crafting, Adventure, Online Co-Op, Sandbox, Horror, Singleplayer, Survival Horror, Atmospheric, RPG",A popular game by Capcom Game Studio Vancouver.,Capcom Game Studio Vancouver,Capcom
217200,Worms Armageddon,,"Strategy, Multiplayer, Classic, Turn-Based, Turn-Based Strategy, Funny, 2D, Local Multiplayer, Comedy, Co-op, Physics, Local Co-Op, Action, Party, Singleplayer, Platformer, 1990's, Retro, Online Co-Op, Adventure",A popular game by Team17 Digital Ltd.,Team17 Digital Ltd,Team17 Digital Ltd
24720,SPORE Galactic Adventures,,"Simulation, Action, Space, Adventure, Exploration, Open World, Sandbox, Singleplayer, Strategy, Sci-fi, God Game, Multiplayer, Funny, RPG, Comedy, Crafting, Character Customization, Level Editor, Atmospheric, Casual",A popular game by EA - Maxis.,EA - Maxis,Electronic Arts
531640,Eternal Card Game,,"Free to Play, Card Game, Card Battler, Strategy, Deckbuilding, Casual, Massively Multiplayer, Trading Card Game, Multiplayer, Singleplayer, Early Access, Turn-Based, PvP, Fantasy",A popular game by Dire Wolf.,Dire Wolf,Dire Wolf
368070,Sniper Ghost Warrior 3,,"Sniper, Open World, Multiplayer, FPS, Stealth, Action, Singleplayer, Shooter, First-Person, Military, Violent, Co-op, War, Adventure, Tactical, Gore, Online Co-Op, Heist, Nudity, Strategy",A popular game by CI Games.,CI Games,CI Games
1989270,Slay the Princess — The Pristine Cut,,"Visual Novel, Choices Matter, Psychological Horror, Horror, Choose Your Own Adventure, Story Rich, CRPG, Lore-Rich, Point & Click, Simulation, Hand-drawn, Romance, First-Person, Interactive Fiction, Dating Sim, Singleplayer, Adventure, Comic Book, RPG, Dark Humor",A popular game by Black Tabby Games.,Black Tabby Games,"Black Tabby Games, Serenity Forge"
1262560,Need for Speed Most Wanted,,"Racing, Multiplayer, Open World, Driving, Action, Competitive, Automobile Sim, Arcade, Adventure, Combat Racing, First-Person, Vehicular Combat, Singleplayer, Controller, Third Person, Split Screen, Co-op, Great Soundtrack, Crime, Local Co-Op",A popular game by Criterion Games.,Criterion Games,Electronic Arts
1113120,IXION,,"Space, City Builder, Strategy, Survival, Resource Management, Colony Sim, Base-Building, Building, Simulation, Exploration, Choices Matter, Atmospheric, Economy, Singleplayer, Dark, Management, RTS, Post-apocalyptic, Difficult, Indie",A popular game by Bulwark Studios.,Bulwark Studios,Kasedo Games
393080,Call of Duty: Modern Warfare Remastered (2017),,"FPS, Singleplayer, Multiplayer, Shooter, Action, War, Military, First-Person, Controller, Violent, Story Rich, Remake, Co-op, Classic, Stealth, Gore, Casual, Zombies, World War II, Atmospheric","A popular game by Raven Software, Beenox.","Raven Software, Beenox",Activision
99900,Spiral Knights,,"Free to Play, Massively Multiplayer, RPG, Adventure, Action, Multiplayer, Online Co-Op, Dungeon Crawler, Hack and Slash, Co-op, MMORPG, Cute, Great Soundtrack, Action RPG, Sci-fi, Open World, Casual, Singleplayer, Indie, Anime",A popular game by Grey Havens.,Grey Havens,Grey Havens
203290,America's Army: Proving Grounds,,"Free to Play, FPS, Action, Multiplayer, Military, Shooter, Tactical, First-Person, Singleplayer, America, War, Realistic, Open World, Co-op, Simulation, Strategy, Massively Multiplayer, Survival, Adventure, Atmospheric",A popular game by U.S. Army.,U.S. Army,U.S. Army
621060,PC Building Simulator,,"Simulation, Education, Immersive Sim, Building, Management, Sandbox, First-Person, 3D, Life Sim, Realistic, Casual, Relaxing, Singleplayer, Hardware, Funny, Puzzle, Modern, Inventory Management, Atmospheric, Indie","A popular game by Claudiu Kiss, The Irregular Corporation.","Claudiu Kiss, The Irregular Corporation",The Irregular Corporation
7510,X-Blades,,"Action, Female Protagonist, Hack and Slash, RPG, Adventure, Anime, Nudity, Singleplayer, Fantasy, Character Action Game, Violent, Third Person, Great Soundtrack, Beat 'em up, Spectacle fighter, Sexual Content",A popular game by Gaijin Entertainment.,Gaijin Entertainment,Topware Interactive
378860,Project CARS 2,,"Racing, Driving, Automobile Sim, Simulation, VR, Multiplayer, Realistic, Sports, Singleplayer, Open World, Controller, Atmospheric, Arcade, Action, Difficult, First-Person, Co-op, Great Soundtrack",A popular game by Slightly Mad Studios.,Slightly Mad Studios,BANDAI NAMCO Entertainment
304430,INSIDE,,"2.5D, Puzzle-Platformer, Atmospheric, Dark, Story Rich, Indie, Horror, Cinematic, Singleplayer, Adventure, Multiple Endings, 2D Platformer, Puzzle, Ambient, Platformer, Minimalist, Action-Adventure, Narrative, Controller, Action",A popular game by Playdead.,Playdead,Playdead
841370,NBA 2K19,,"Sports, Basketball, Simulation, Multiplayer, Singleplayer, e-sports, Co-op, Great Soundtrack, Competitive, Funny, Controller, Violent, Open World, Loot, Local Multiplayer, Realistic, Football (Soccer), Massively Multiplayer, Atmospheric, FPS",A popular game by Visual Concepts.,Visual Concepts,2K
38410,Fallout 2: A Post Nuclear Role Playing Game,,"RPG, Post-apocalyptic, Classic, Isometric, Open World, Turn-Based Combat, Turn-Based, Singleplayer, Atmospheric, Story Rich, Sci-fi, CRPG, Retro, Exploration, Dark Humor, Great Soundtrack, Replay Value, Adventure, Sandbox, 2D",A popular game by Black Isle Studios.,Black Isle Studios,Bethesda Softworks
460920,Steep,,"Sports, Open World, Multiplayer, Action, Simulation, Atmospheric, Exploration, Great Soundtrack, Snowboarding, Adventure, Racing, First-Person, Skiing, Third Person, Co-op, Realistic, Singleplayer, Sandbox, Casual, Snow","A popular game by Ubisoft Annecy, Ubisoft Montpellier, Ubisoft Kiev.","Ubisoft Annecy, Ubisoft Montpellier, Ubisoft Kiev",Ubisoft
606150,Moonlighter,,"Hack and Slash, Pixel Graphics, Dungeon Crawler, Rogue-lite, Action Roguelike, Rogue-like, RPG, Management, Action RPG, Character Action Game, Procedural Generation, Adventure, Controller, Singleplayer, Exploration, Top-Down, Action, Simulation, Fantasy, 2D",A popular game by Digital Sun.,Digital Sun,11 bit studios
1244800,Terraformers,,"Simulation, Procedural Generation, Survival, Atmospheric, Rogue-like, Sci-fi, Singleplayer, Space, Choices Matter, Science, Resource Management, Card Game, Turn-Based, Mars, Board Game, Exploration, Turn-Based Strategy, Management, Futuristic, Nonlinear",A popular game by Asteroid Lab.,Asteroid Lab,"Goblinz Publishing, IndieArk"
1377580,Soulworker,,"Anime, Free to Play, Sexual Content, Nudity, MMORPG, RPG, Action, Hack and Slash, Action RPG, Multiplayer, Third Person, Character Action Game, Co-op, Online Co-Op, Massively Multiplayer, Story Rich, 2.5D, PvE, Dark, Post-apocalyptic",A popular game by VALOFE.,VALOFE,G・O・P
521890,Hello Neighbor,,"Horror, Sandbox, Stealth, First-Person, Story Rich, Action-Adventure, Survival Horror, Difficult, 3D Platformer, Survival, 3D, Strategy, FPS, Funny, Psychological Horror, Dark Humor, Action, Family Friendly, Surreal, Multiple Endings",A popular game by Dynamic Pixels.,Dynamic Pixels,tinyBuild
629820,Maneater,,"Open World, Dark Humor, Nature, Violent, RPG, Underwater, Gore, Hack and Slash, Villain Protagonist, Singleplayer, Exploration, Action-Adventure, Third Person, Action RPG, Action, Female Protagonist, Narration, Simulation, Atmospheric, Adventure",A popular game by Tripwire Interactive.,Tripwire Interactive,Tripwire Interactive
1262540,Need for Speed,,"Racing, Multiplayer, Driving, Open World, Action, Adventure, Automobile Sim, Singleplayer, Destruction, Arcade, Simulation, Third Person, Combat Racing, First-Person, Co-op, Movie, Top-Down, Controller, Online Co-Op, Split Screen",A popular game by Ghost Games.,Ghost Games,Electronic Arts
40700,Machinarium,,"Point & Click, Puzzle, Hand-drawn, Steampunk, Robots, 2D, Atmospheric, Story Rich, Casual, Cute, Family Friendly, Adventure, Surreal, Stylized, Sci-fi, Linear, Singleplayer, Indie, Great Soundtrack, Touch-Friendly",A popular game by Amanita Design.,Amanita Design,Amanita Design
1509960,PICO PARK,,"Multiplayer, Online Co-Op, Puzzle-Platformer, Co-op, Local Co-Op, Casual, Cute, Local Multiplayer, Platformer, 2D, Action, Funny, Pixel Graphics, Puzzle, Party Game, Indie, Horror, Difficult, Retro, Souls-like",A popular game by TECOPARK.,TECOPARK,TECOPARK
211420,DARK SOULS: Prepare To Die Edition,,"Souls-like, RPG, Dark Fantasy, Difficult, Action, Exploration, Lore-Rich, Fantasy, Unforgiving, Adventure, Atmospheric, Immersive, Third Person, Action RPG, Addictive, Open World, Replay Value, Dark, Multiplayer, Great Soundtrack","A popular game by FromSoftware, Inc..","FromSoftware, Inc.",Bandai Namco Entertainment
326360,Warspear Online,,"MMORPG, Free to Play, Pixel Graphics, Massively Multiplayer, RPG, Multiplayer, Online Co-Op, Fantasy, Retro, PvP, 2D, Difficult, Atmospheric, Open World, Adventure, Story Rich, Strategy",A popular game by Titulum Enterprises Limited.,Titulum Enterprises Limited,Titulum Enterprises Limited
823130,Totally Accurate Battlegrounds,,"Multiplayer, Physics, Character Customization, Indie, Massively Multiplayer, Family Friendly, Simulation, Strategy, Battle Royale, FPS, Shooter, Memes, Action, PvP, Sandbox, Co-op, Survival, Open World, Team-Based, Parody ",A popular game by Landfall.,Landfall,Landfall
509980,BIGFOOT,,"Early Access, Horror, Multiplayer, Survival Horror, Online Co-Op, Co-op, PvP, PvE, Multiple Endings, FPS, Psychological Horror, Atmospheric, Action, Funny, Adventure, Open World, Supernatural, First-Person, Singleplayer, Shooter",A popular game by CyberLight Game Studio.,CyberLight Game Studio,CyberLight Game Studio
443110,Armored Warfare,,"Realistic, Shooter, Alternate History, War, Online Co-Op, Strategy, Capitalism, Destruction, Modern, Co-op Campaign, Dystopian , Free to Play, Tanks, PvE, Vehicular Combat, Action, PvP, Military, Tactical, Team-Based","A popular game by Obsidian Entertainment, Wishlist Games.","Obsidian Entertainment, Wishlist Games",Wishlist Games
867210,Songs of Conquest,,"Local Multiplayer, Turn-Based Tactics, 4X, Tactical, Turn-Based Strategy, Turn-Based Combat, Fantasy, Strategy RPG, Strategy, Pixel Graphics, Magic, Atmospheric, Lore-Rich, Retro, Story Rich, Tactical RPG, 2.5D, Old School, Controller, Co-op",A popular game by Lavapotion.,Lavapotion,Coffee Stain Publishing
736590,Operation: Harsh Doorstop,,"Free to Play, Military, FPS, Realistic, Multiplayer, Tactical, Shooter, Action, Singleplayer, Simulation, War, Strategy, First-Person, Casual, Wargame, Early Access, Moddable, World War II, Indie, Cold War",A popular game by Drakeling Labs.,Drakeling Labs,"Funbox Media Ltd, ZOOM Platform Media"
1241100,POLYGON: Multiplayer Shooter,,"Free to Play, FPS, Multiplayer, Shooter, Military, First-Person, Action, Tactical, War, Team-Based, PvP, Gun Customization, Massively Multiplayer, Competitive, Character Customization, Indie, Atmospheric, Stylized, Early Access, Colorful",A popular game by Redaster Studio.,Redaster Studio,Redaster Studio
414700,Outlast 2,,"Horror, Psychological Horror, Survival Horror, First-Person, Gore, Singleplayer, Dark, Atmospheric, Violent, Mature, Survival, Action, Nudity, Sexual Content, Adventure, Story Rich, Multiplayer, Parkour, Indie, FPS",A popular game by Red Barrels.,Red Barrels,Red Barrels
1307550,Craftopia,,"Open World, Crafting, Survival, Multiplayer, Open World Survival Craft, Sandbox, RPG, Building, Online Co-Op, Adventure, Action, Early Access, Co-op, Anime, Character Customization, Indie, Automation, Hack and Slash, Singleplayer, Third Person",A popular game by Pocketpair.,Pocketpair,Pocketpair
544750,SOULCALIBUR VI,,"Fighting, Action, Character Customization, Multiplayer, Fantasy, Swordplay, Local Multiplayer, Arcade, 3D Fighter, Nudity, Singleplayer, Competitive, Female Protagonist, Great Soundtrack, Sexual Content, Medieval, Anime, Story Rich, Beat 'em up, 2D Fighter","A popular game by BANDAI NAMCO Studios Inc., Dimps Corporation.","BANDAI NAMCO Studios Inc., Dimps Corporation",BANDAI NAMCO Entertainment
287980,Mini Metro,,"Strategy, Puzzle, Minimalist, Simulation, Trains, Indie, Singleplayer, Casual, Management, Relaxing, 2D, Transportation, Building, Touch-Friendly, Mouse only, Difficult, Great Soundtrack, Addictive, Replay Value, Top-Down",A popular game by Dinosaur Polo Club.,Dinosaur Polo Club,Dinosaur Polo Club
319510,Five Nights at Freddy's,,"Horror, Singleplayer, Survival Horror, Robots, Psychological Horror, Indie, Difficult, First-Person, Point & Click, Dark, Survival, Atmospheric, Mouse only, Jump Scare, Supernatural, Resource Management, Lore-Rich, Silent Protagonist, Short, Historical",A popular game by Scott Cawthon.,Scott Cawthon,Scott Cawthon
1277400,Monster Hunter Stories 2: Wings of Ruin,,"RPG, Adventure, JRPG, Exploration, Creature Collector, Cartoony, 3D, Dragons, Third Person, Fantasy, Loot, Turn-Based, Character Customization, PvE, Emotional, PvP, Story Rich, Multiplayer, Online Co-Op, Hunting","A popular game by CAPCOM Co., Ltd..","CAPCOM Co., Ltd.","CAPCOM Co., Ltd."
738060,Freddy Fazbear's Pizzeria Simulator,,"Free to Play, Horror, Singleplayer, Robots, Survival Horror, Simulation, Difficult, Indie, First-Person, Strategy, Story Rich, Management, Psychological Horror, Funny, Pixel Graphics, Atmospheric, Retro, Memes, Family Friendly, Adventure",A popular game by Scott Cawthon.,Scott Cawthon,Scott Cawthon
208200,DOOM 3,,"FPS, Horror, Action, Shooter, Classic, Sci-fi, First-Person, Singleplayer, Gore, Demons, Multiplayer, Dark, Zombies, Mars, Atmospheric, Space, Survival Horror, Great Soundtrack, Survival, 3D Vision",A popular game by id Software.,id Software,Bethesda Softworks
21000,LEGO Batman: The Videogame,,"LEGO, Action, Adventure, Local Co-Op, Superhero, Co-op, Family Friendly, Singleplayer, Comedy, Multiplayer, Comic Book, Funny, Local Multiplayer, Third Person, Controller, Classic, Split Screen, Character Customization, Puzzle, Open World",A popular game by Traveller's Tales.,Traveller's Tales,Warner Bros. Interactive Entertainment
206420,Saints Row IV: Re-Elected,,"Open World, Action, Comedy, Co-op, Third-Person Shooter, Character Customization, Superhero, Sandbox, Funny, Third Person, Adventure, Online Co-Op, Aliens, Parody , Multiplayer, Singleplayer, Great Soundtrack, Sci-fi, Dark Humor, Female Protagonist",A popular game by Deep Silver Volition.,Deep Silver Volition,Deep Silver
334230,Town of Salem,,"Multiplayer, Strategy, Mystery, Indie, Social Deduction, RPG, Casual, Werewolves, Funny, Survival, Tactical, 2D, Massively Multiplayer, Memes, Comedy, Family Friendly, Party-Based RPG, Action, Strategy RPG, 2.5D",A popular game by BlankMediaGames.,BlankMediaGames,Digital Bandidos
257510,The Talos Principle,,"Puzzle, Philosophical, First-Person, Sci-fi, Atmospheric, Story Rich, Singleplayer, Great Soundtrack, Robots, Exploration, Adventure, Indie, Multiple Endings, Difficult, Mystery, Post-apocalyptic, Action, Simulation, Science, Artificial Intelligence",A popular game by Croteam.,Croteam,"Devolver Digital, Croteam"
302670,Call to Arms,,"Strategy, Military, Action, RTS, Multiplayer, War, Shooter, Tactical, Simulation, First-Person, Real-Time, Singleplayer, FPS, Modern, Realistic, Co-op, Sandbox, Third Person, Indie, Early Access",A popular game by Digitalmindsoft.,Digitalmindsoft,Digitalmindsoft
794600,LET IT DIE,,"Free to Play, Action, Souls-like, Sexual Content, Gore, Nudity, Multiplayer, Rogue-like, Singleplayer, Violent, Hack and Slash, Third Person, Difficult, Blood, Dark Comedy, Great Soundtrack, Funny, Cyberpunk, Asynchronous Multiplayer, Surreal","A popular game by SUPERTRICK GAMES, Inc., GRASSHOPPER MANUFACTURE INC..","SUPERTRICK GAMES, Inc., GRASSHOPPER MANUFACTURE INC.","GungHo Online Entertainment America, Inc."
250320,The Wolf Among Us,,"Adventure, Detective, Story Rich, Episodic, Choose Your Own Adventure, Point & Click, Noir, Mature, Choices Matter, Visual Novel, Singleplayer, Atmospheric, Comic Book, Mystery, Cinematic, Action, Dark, Well-Written, Fantasy, Casual",A popular game by Telltale.,Telltale,Telltale
1328660,Need for Speed Hot Pursuit Remastered,,"Racing, Driving, Open World, Combat Racing, Multiplayer, Competitive, Vehicular Combat, Action, Action-Adventure, Crime, Realistic, Cinematic, Destruction, Transportation, Co-op, Singleplayer, Replay Value, Third Person, Classic, Game Development",A popular game by Stellar Entertainment Limited.,Stellar Entertainment Limited,Electronic Arts
610370,Desperados III,,"Real Time Tactics, Strategy, Stealth, Western, Tactical, Isometric, Singleplayer, Assassin, Difficult, Third Person, Atmospheric, Action, Historical, Violent, Top-Down, Adventure, Indie, Survival, RTS, Great Soundtrack",A popular game by Mimimi Games.,Mimimi Games,THQ Nordic
288470,Fable Anniversary,,"RPG, Open World, Fantasy, Adventure, Singleplayer, Classic, Choices Matter, Remake, Action RPG, Atmospheric, Third Person, Story Rich, Character Customization, Action, Comedy, Great Soundtrack, Medieval, Magic, Sandbox, Funny",A popular game by Lionhead Studios.,Lionhead Studios,Xbox Game Studios
578330,LEGO City Undercover,,"LEGO, Open World, Action, Co-op, Adventure, Multiplayer, Comedy, Family Friendly, Funny, Singleplayer, Local Co-Op, Sandbox, Crime, Exploration, Racing, Split Screen, Controller, Local Multiplayer, Villain Protagonist, Memes",A popular game by Traveller's Tales.,Traveller's Tales,TT Games
247080,Crypt of the NecroDancer,,"Rhythm, Female Protagonist, Difficult, Rogue-like, Great Soundtrack, Pixel Graphics, Dungeon Crawler, Indie, Music, Local Co-Op, RPG, 2D, Action, Rogue-lite, Procedural Generation, Singleplayer, Co-op, Fantasy, Adventure, Retro",A popular game by Brace Yourself Games.,Brace Yourself Games,"Brace Yourself Games, Klei Entertainment"
434650,Lost Castle / 失落城堡,,"4 Player Local, Action Roguelike, Beat 'em up, Side Scroller, Dungeon Crawler, Rogue-lite, Hack and Slash, Multiplayer, Rogue-like, PvP, PvE, Difficult, RPG, Local Multiplayer, 2D, Action RPG, Loot, Multiple Endings, Colorful, Singleplayer",A popular game by Hunter Studio.,Hunter Studio,Neon Doctrine
1041720,Kingdoms of Amalur: Re-Reckoning,,"RPG, Action, Fantasy, Action RPG, Singleplayer, Open World, Character Customization, Combat, Hack and Slash, Atmospheric, Third Person, Adventure, Gore, Story Rich, Fighting, Loot, Choices Matter, Magic, Remake, Exploration","A popular game by KAIKO, Big Huge Games, 38 Studios.","KAIKO, Big Huge Games, 38 Studios",THQ Nordic
553420,TUNIC,,"Exploration, Puzzle, Souls-like, Metroidvania, Cute, Action-Adventure, Isometric, Difficult, RPG, 3D, Action RPG, Top-Down, Atmospheric, Colorful, Nonlinear, Action, Fantasy, Controller, Stylized, Indie",A popular game by TUNIC Team.,TUNIC Team,Finji
33930,Arma 2: Operation Arrowhead,,"Simulation, Military, Action, Multiplayer, Tactical, Realistic, Strategy, Shooter, FPS, Open World, War, Moddable, Co-op, Sandbox, Team-Based, First-Person, Singleplayer, Modern, Difficult, Third Person",A popular game by Bohemia Interactive.,Bohemia Interactive,Bohemia Interactive
858820,Tribes of Midgard,,"Open World Survival Craft, Online Co-Op, Multiplayer, Action RPG, PvE, Base-Building, Vikings, Survival, Co-op, Rogue-lite, Action, Exploration, Colorful, Mythology, Boss Rush, Procedural Generation, Indie, Hack and Slash, Singleplayer, Spectacle fighter",A popular game by Norsfell.,Norsfell,"Gearbox Publishing, 2K"
12110,Grand Theft Auto: Vice City,,"Open World, Action, Automobile Sim, 1980s, Classic, Great Soundtrack, Crime, Third Person, Singleplayer, Sandbox, Driving, Atmospheric, Third-Person Shooter, Violent, Shooter, Adventure, Mature, Funny, Music, Multiplayer",A popular game by Rockstar Games.,Rockstar Games,Rockstar Games
9880,Champions Online,,"MMORPG, Superhero, Character Customization, Free to Play, Action RPG, Massively Multiplayer, Comic Book, Third Person, Combat, Online Co-Op, PvP, PvE, Open World, Choices Matter, RPG, Adventure, Action, Co-op, Multiplayer, Sci-fi",A popular game by Cryptic Studios.,Cryptic Studios,Arc Games
245170,Skullgirls 2nd Encore,,"Fighting, 2D Fighter, Indie, Hand-drawn, Multiplayer, Female Protagonist, Competitive, Anime, Stylized, Local Multiplayer, Crowdfunded, Controller, Singleplayer, Lore-Rich, 2D, Noir, Action, Cartoon, Arcade, Story Rich",A popular game by Hidden Variable Studios.,Hidden Variable Studios,Autumn Games
312530,Duck Game,,"Multiplayer, Funny, Local Multiplayer, Pixel Graphics, Action, 2D, 4 Player Local, Platformer, Indie, Fast-Paced, Shooter, Comedy, Competitive, Retro, Local Co-Op, Great Soundtrack, Co-op, Memes, Casual, 1980s",A popular game by Landon Podbielski.,Landon Podbielski,CORPTRON GAMES CORP.
225840,Sven Co-op,,"Co-op, FPS, Online Co-Op, Shooter, Shoot 'Em Up, Retro, 1990's, Team-Based, Casual, PvE, First-Person, Free to Play, 3D, Third Person, Action, Conversation, Puzzle, Survival, Moddable, Multiplayer",A popular game by Sven Co-op team.,Sven Co-op team,Sven Co-op team
609320,FAR: Lone Sails,,"Atmospheric, Adventure, Post-apocalyptic, Singleplayer, Exploration, 2.5D, Puzzle, Indie, Driving, Short, Story Rich, Puzzle-Platformer, Steampunk, Platformer, Action, Survival, Cinematic, Action-Adventure, Experience, Nature",A popular game by Okomotive.,Okomotive,Okomotive
807120,Iratus: Lord of the Dead,,"RPG, Strategy, Indie, Turn-Based Combat, Rogue-like, Villain Protagonist, Dark Fantasy, Rogue-lite, Dark, Turn-Based, Turn-Based Tactics, Lovecraftian, Fantasy, 2D, Difficult, Gothic, Replay Value, Dungeon Crawler, Violent, Gore",A popular game by Unfrozen.,Unfrozen,Daedalic Entertainment
973760,Thronebreaker: The Witcher Tales,,"RPG, Adventure, Card Game, Story Rich, Singleplayer, Choices Matter, Female Protagonist, Fantasy, Strategy, Great Soundtrack, Isometric, Dark Fantasy, Puzzle, Medieval, Mature, Open World, Atmospheric, Turn-Based, Multiplayer, Visual Novel",A popular game by CD PROJEKT RED.,CD PROJEKT RED,CD PROJEKT RED
276810,Mordheim: City of the Damned,,"Tactical, Games Workshop, RPG, Turn-Based, Strategy, Dark Fantasy, Turn-Based Tactics, Turn-Based Combat, Multiplayer, Turn-Based Strategy, Fantasy, Perma Death, Singleplayer, Medieval, Procedural Generation, Board Game, Indie, Controller, Tactical RPG, Competitive",A popular game by Rogue Factor.,Rogue Factor,Nacon
113400,APB Reloaded,,"Free to Play, Open World, Multiplayer, Action, Character Customization, Massively Multiplayer, Shooter, Third-Person Shooter, PvP, Crime, Third Person, Co-op, Racing, Sandbox, FPS, Adventure, Nudity, Singleplayer, Hacking, Anime",A popular game by Little Orbit.,Little Orbit,Little Orbit
48220,Might & Magic: Heroes VI,,"Strategy, Turn-Based Strategy, RPG, Turn-Based, Fantasy, Multiplayer, Singleplayer, Tactical, Base-Building, Local Multiplayer, Magic, Adventure",A popular game by Blackhole.,Blackhole,Ubisoft
1278480,Smart Game Booster,,"Utilities, Software",A popular game by Smart Game Booster.,Smart Game Booster,Smart Game Booster
239160,Thief,,"Stealth, Action, First-Person, Adventure, Singleplayer, Dark, Reboot, Steampunk, Atmospheric, Horror, Parkour, Open World, Assassin, Heist, Medieval, Nudity, RPG, Fantasy, FPS, Remake","A popular game by Eidos-Montréal, Feral Interactive (Mac).","Eidos-Montréal, Feral Interactive (Mac)","Eidos Interactive Corp., Feral Interactive (Mac)"
536220,The Walking Dead: A New Frontier,,"Zombies, Story Rich, Choices Matter, Adventure, Post-apocalyptic, Atmospheric, Episodic, Singleplayer, Survival, Gore, Action, Violent, Choose Your Own Adventure, Point & Click, Horror, Drama, Female Protagonist, Comic Book, Visual Novel, Casual",A popular game by Telltale Games.,Telltale Games,Skybound Games
567630,Blood of Steel,,"Hack and Slash, RPG, Medieval, Free to Play, Strategy, Multiplayer, War, Action, PvP, Sandbox, Massively Multiplayer, Horses, Historical, Tactical, RTS, Swordplay, MOBA, Online Co-Op, Grand Strategy, Adventure",A popular game by YC Games.,YC Games,YC Games
460790,Bayonetta,,"Action, Female Protagonist, Hack and Slash, Sexual Content, Nudity, Singleplayer, Spectacle fighter, Mature, Great Soundtrack, Character Action Game, Adventure, Fast-Paced, Third Person, Fantasy, Beat 'em up, Comedy, Gore, Classic, Anime, Atmospheric",A popular game by PlatinumGames.,PlatinumGames,SEGA
1065310,Evil West,,"Western, Beat 'em up, Action-Adventure, Co-op, Third-Person Shooter, Character Action Game, Vampire, Demons, Story Rich, Gore, Action, Multiplayer, Singleplayer, Hack and Slash, Online Co-Op, Violent, Third Person, Shooter, RPG, Adventure",A popular game by Flying Wild Hog.,Flying Wild Hog,Focus Entertainment
1262350,SIGNALIS,,"Survival Horror, Psychological Horror, Female Protagonist, Sci-fi, Atmospheric, Lovecraftian, Dark, Mystery, LGBTQ+, Singleplayer, Dystopian , Cyberpunk, Puzzle, Violent, Action, Adventure, Cinematic, Shooter, Action-Adventure, Third-Person Shooter",A popular game by rose-engine.,rose-engine,Balor Games
1262240,Plants vs. Zombies: Battle for Neighborville,,"Multiplayer, Third-Person Shooter, Zombies, Hero Shooter, Shooter, Casual, Funny, PvE, Tower Defense, Action, PvP, Singleplayer, Online Co-Op, Strategy, Tactical, Co-op, Family Friendly, Open World, Local Co-Op, Controller",A popular game by PopCap.,PopCap,Electronic Arts
374280,Hired Ops,,"FPS, Multiplayer, Free to Play, Action, Shooter, Modern, First-Person, Massively Multiplayer, Early Access, Military, Singleplayer, Controller, Co-op, PvP, Atmospheric, Exploration, Blood, Choices Matter, Battle Royale, 6DOF",A popular game by Absolut Soft LLC.,Absolut Soft LLC,Panomix Studio
220440,DmC: Devil May Cry,,"Action, Hack and Slash, Great Soundtrack, Spectacle fighter, Demons, Adventure, Third Person, Singleplayer, Character Action Game, Reboot, Controller, Gore, Stylized, Beat 'em up, Atmospheric, Fast-Paced, Fantasy, Comedy, Story Rich, Platformer",A popular game by Ninja Theory.,Ninja Theory,Capcom
20510,S.T.A.L.K.E.R.: Clear Sky,,"Open World, Atmospheric, Post-apocalyptic, FPS, Survival, Action, First-Person, RPG, Shooter, Singleplayer, Survival Horror, Adventure, Horror, Multiplayer, Sci-fi, Classic, Moddable, Zombies, Inventory Management, Sandbox",A popular game by GSC Game World.,GSC Game World,GSC World Publishing
555160,Pavlov,,"VR, Shooter, Action, Multiplayer, FPS, Military, Zombies, First-Person, Gore, Singleplayer, Funny, Co-op, Violent, Competitive, PvP, Team-Based, Memes, Indie, Simulation, Online Co-Op",A popular game by Vankrupt Games.,Vankrupt Games,Vankrupt Games
644560,Mirror,,"Sexual Content, Nudity, Hentai, Mature, Anime, NSFW, Match 3, Female Protagonist, Visual Novel, Dating Sim, Singleplayer, RPG, Cute, Story Rich, Puzzle, Adventure, JRPG, Indie, Shooter, Casual",A popular game by KAGAMI WORKS.,KAGAMI WORKS,Paradise Project
208140,ENDLESS Space - Definitive Edition,,"Strategy, 4X, Space, Sci-fi, Turn-Based Strategy, Turn-Based, Multiplayer, Singleplayer, Indie, Exploration, Great Soundtrack, Futuristic, Diplomacy, Grand Strategy, Aliens, Simulation, Atmospheric, Replay Value, Management, Sandbox",A popular game by AMPLITUDE Studios.,AMPLITUDE Studios,AMPLITUDE Studios
209160,Call of Duty: Ghosts,,"Dog, FPS, Action, Multiplayer, Shooter, First-Person, Singleplayer, Military, War, Co-op, Online Co-Op, America, Linear, Fast-Paced, Hacking, Tactical, Survival Horror, Futuristic, Team-Based, Competitive",A popular game by Infinity Ward.,Infinity Ward,Activision
41070,Serious Sam 3: BFE,,"FPS, Action, Co-op, Gore, Comedy, Online Co-Op, Multiplayer, Aliens, Shooter, First-Person, Old School, Local Co-Op, Indie, Split Screen, Difficult, Funny, Singleplayer, Adventure, Sci-fi, Local Multiplayer",A popular game by Croteam.,Croteam,Devolver Digital
274920,FaceRig,,"Animation & Modeling, Funny, Video Production, Comedy, Simulation, Memes, Cute, Software, Singleplayer, Family Friendly, 3D Vision, 3D, Indie, Fantasy, Action, Epic, Early Access, Beautiful, Utilities, FPS",A popular game by Holotech Studios.,Holotech Studios,Holotech Studios
201870,Assassin's Creed Revelations,,"Action, Open World, Parkour, Stealth, Adventure, Assassin, Third Person, Multiplayer, Historical, Singleplayer, Story Rich, Atmospheric, Action-Adventure, Great Soundtrack, Medieval, Conspiracy, Controller, RPG, Sandbox, Sci-fi",A popular game by Ubisoft Montreal.,Ubisoft Montreal,Ubisoft
504370,Battlerite,,"PvP, Multiplayer, MOBA, Competitive, Action, Free to Play, Arena Shooter, Fast-Paced, Team-Based, Fighting, Top-Down, Early Access, Strategy, e-sports, Difficult, Great Soundtrack, RPG, Top-Down Shooter, Hack and Slash, Atmospheric",A popular game by Stunlock Studios.,Stunlock Studios,Stunlock Studios
262410,World of Guns: Gun Disassembly,,"Free to Play, Simulation, Gun Customization, Education, Singleplayer, Realistic, Military, Puzzle, Indie, Historical, America, First-Person, 3D, Animation & Modeling, Funny, Exploration, Logic, 3D Platformer, Old School, Relaxing",A popular game by Noble Empire Corp..,Noble Empire Corp.,Noble Empire Corp.
210970,The Witness,,"Puzzle, Exploration, First-Person, Open World, Singleplayer, Colorful, Indie, Atmospheric, Difficult, Walking Simulator, Adventure, Mystery, Nonlinear, Philosophical, Relaxing, Surreal, Casual, Great Soundtrack, Story Rich, Beautiful","A popular game by Thekla, Inc..","Thekla, Inc.","Thekla, Inc."
994280,Gujian3(古剑奇谭三),,"RPG, Story Rich, Martial Arts, Action RPG, Singleplayer, Open World, Action, Fantasy, Third Person, Drama, Hack and Slash, Mythology, Adventure, Souls-like, Great Soundtrack, Anime, Multiplayer, CRPG, Sexual Content, Dating Sim","A popular game by 上海烛龙信息科技有限公司, Aurogon Shanghai.","上海烛龙信息科技有限公司, Aurogon Shanghai",北京网元圣唐娱乐科技有限公司
65540,Gothic 1,,"RPG, Open World, Classic, Atmospheric, Singleplayer, Fantasy, Gothic, Third Person, Action, Medieval, Dark Fantasy, Adventure, Story Rich, Magic, Great Soundtrack, Action RPG, Retro, Difficult, Choices Matter, Nostalgia",A popular game by Piranha Bytes.,Piranha Bytes,THQ Nordic
813630,Supraland,,"Puzzle-Platformer, Exploration, Metroidvania, First-Person, Adventure, Singleplayer, Physics, Puzzle, FPS, Open World, 3D Platformer, Collectathon, Cartoony, Shooter, Funny, Colorful, Platformer, Action-Adventure, Family Friendly, Action",A popular game by Supra Games.,Supra Games,Supra Games
377300,Thunder Tier One,,"Free to Play, Online Co-Op, Top-Down Shooter, Tactical, Shooter, Realistic, Top-Down, Military, Multiplayer, Co-op, Singleplayer, Combat, PvE, PvP, Moddable, Action, Character Customization, Difficult, Team-Based, Real Time Tactics","A popular game by KRAFTON, Inc..","KRAFTON, Inc.","KRAFTON, Inc."
247000,Talisman: Digital Classic Edition,,"Board Game, Tabletop, Strategy, Multiplayer, RPG, Indie, Turn-Based, Fantasy, Card Game, Local Multiplayer, Singleplayer, Games Workshop, Adventure, Local Co-Op, Turn-Based Strategy, Casual, Touch-Friendly, PvP, 2.5D, Grid-Based Movement",A popular game by Nomad Games.,Nomad Games,Nomad Games
386070,Planetary Annihilation: TITANS,,"RTS, Strategy, Real Time Tactics, Multiplayer, Base-Building, Singleplayer, Sci-fi, Building, War, Online Co-Op, Co-op, PvP, Robots, Space, Grand Strategy, Destruction, Mechs, Indie, Futuristic, Simulation",A popular game by Planetary Annihilation Inc.,Planetary Annihilation Inc,Planetary Annihilation Inc
222480,Resident Evil Revelations,,"Horror, Action, Zombies, Survival Horror, Third-Person Shooter, Adventure, Female Protagonist, Co-op, Third Person, Singleplayer, Online Co-Op, Multiplayer, Survival, Atmospheric, Shooter, Gore, Sci-fi, Great Soundtrack, Story Rich, Anime",A popular game by Capcom.,Capcom,Capcom
1088710,Yakuza 3 Remastered,,"Action, Adventure, Beat 'em up, Open World, Story Rich, RPG, Action RPG, Third Person, Crime, JRPG, Violent, Drama, Comedy, Singleplayer, Funny, Combat, Sexual Content, Anime, Great Soundtrack, Action-Adventure",A popular game by Ryu Ga Gotoku Studio.,Ryu Ga Gotoku Studio,SEGA
837470,Untitled Goose Game,,"Funny, Villain Protagonist, Multiplayer, Co-op, Cute, Comedy, Indie, Puzzle, Stealth, Singleplayer, Family Friendly, Local Co-Op, Colorful, Sandbox, Local Multiplayer, Physics, Third Person, Adventure, Action, Simulation",A popular game by House House.,House House,Panic
541570,Sally Face - Episode One,,"Story Rich, Psychological Horror, Indie, Horror, Dark, Puzzle, Adventure, Mystery, Atmospheric, Singleplayer, Point & Click, Hand-drawn, Narrative, 2D, Supernatural, Emotional, Interactive Fiction, Demons, Dark Humor, Casual",A popular game by Portable Moose.,Portable Moose,Portable Moose
48720,Mount & Blade: With Fire & Sword,,"RPG, Open World, Medieval, Action, Strategy, Historical, Multiplayer, War, Sandbox, Singleplayer, Third Person, Adventure, Character Customization, First-Person, Horses, Moddable, Simulation, Action RPG, Based On A Novel, Indie",A popular game by TaleWorlds Entertainment.,TaleWorlds Entertainment,TaleWorlds Entertainment
970830,The Dungeon Of Naheulbeuk: The Amulet Of Chaos,,"RPG, Turn-Based Tactics, Adventure, Turn-Based, Singleplayer, Strategy, Turn-Based Strategy, Action, Character Customization, Dungeon Crawler, Funny, Indie, Tactical, Difficult, Fantasy, Story Rich, Sexual Content, Third Person, Atmospheric, Great Soundtrack",A popular game by Artefacts Studio.,Artefacts Studio,"Dear Villagers, E-Home Entertainment"
1003590,Tetris Effect: Connected,,"Puzzle, Family Friendly, Singleplayer, Multiplayer, Competitive, Indie, Online Co-Op, Music, Arcade, Casual, Local Co-Op, Score Attack, Psychedelic, Tutorial, Atmospheric, Controller, Local Multiplayer, VR, PvP, Stylized","A popular game by Monstars Inc., Resonair, Stage Games.","Monstars Inc., Resonair, Stage Games",Enhance
384300,CPUCores :: Maximize Your FPS,,"Utilities, Software, Gaming, Hardware, FPS, Mod, Singleplayer, Design & Illustration, Indie, Mouse only, Action",A popular game by Smorb Software.,Smorb Software,Smorb Software
1475810,Ghostwire: Tokyo,,"Singleplayer, Supernatural, Open World, First-Person, Horror, Action-Adventure, Action, Story Rich, Atmospheric, Surreal, Lore-Rich, Mystery, Combat, Exploration, FPS, Cyberpunk, Adventure, Realistic, Psychological Horror, Survival Horror",A popular game by Tango Gameworks.,Tango Gameworks,Bethesda Softworks
245620,Tropico 5,,"Strategy, City Builder, Simulation, Sandbox, Multiplayer, Economy, Politics, Management, Resource Management, Singleplayer, Comedy, Co-op, RPG, Historical, Great Soundtrack, RTS, Funny, Atmospheric, Open World, Adventure",A popular game by Haemimont Games.,Haemimont Games,Kalypso Media Digital
405310,LEGO MARVEL's Avengers,,"LEGO, Open World, Superhero, Adventure, Action, Multiplayer, Local Co-Op, Comedy, Funny, Co-op, Third Person, Singleplayer, Family Friendly, Local Multiplayer, Split Screen, Comic Book, Online Co-Op, Puzzle, Atmospheric, Casual","A popular game by Traveller's Tales, TT Games, Feral Interactive (Mac).","Traveller's Tales, TT Games, Feral Interactive (Mac)","Warner Bros. Interactive Entertainment, Feral Interactive (Mac)"
884660,CRSED: F.O.A.D.,,"Battle Royale, Free to Play, Multiplayer, Open World, Survival, World War II, Hero Shooter, Shooter, Memes, FPS, Action, Massively Multiplayer, Violent, Zombies, Third-Person Shooter, PvP, First-Person, Realistic, Atmospheric, Third Person","A popular game by Darkflow Software, Matter Team.","Darkflow Software, Matter Team",Gaijin Network Ltd
329430,State of Decay: YOSE,,"Zombies, Survival, Open World, Base-Building, Post-apocalyptic, Singleplayer, Action, Multiplayer, RPG, Third Person, Simulation, Survival Horror, Sandbox, Atmospheric, Crafting, Gore, Co-op, Perma Death, Adventure, Great Soundtrack",A popular game by Undead Labs.,Undead Labs,Xbox Game Studios
895870,Project Wingman,,"Flight, Action, Jet, War, Military, Indie, Arcade, Singleplayer, Great Soundtrack, VR, Simulation, Controller, Shooter, Story Rich, Sci-fi, First-Person, Third Person, Epic, Realistic, Dating Sim",A popular game by Sector D2.,Sector D2,"Sector D2, Balor Games"
285330,RollerCoaster Tycoon 2: Triple Thrill Pack,,"Simulation, Management, Classic, Sandbox, Strategy, Singleplayer, Building, Economy, Isometric, Retro, Multiplayer, Nostalgia, Pixel Graphics, Casual, Family Friendly, 2D, Addictive, Great Soundtrack, City Builder, Funny",A popular game by Chris Sawyer Productions.,Chris Sawyer Productions,Atari
9480,Saints Row 2,,"Open World, Action, Character Customization, Sandbox, Third-Person Shooter, Comedy, Co-op, Crime, Third Person, Singleplayer, Online Co-Op, Multiplayer, Funny, Shooter, Co-op Campaign, Great Soundtrack, Replay Value, Female Protagonist, Moddable, Adventure",A popular game by Volition.,Volition,Deep Silver
212070,Star Conflict,,"Online Co-Op, Free to Play, Space Sim, Open World, Massively Multiplayer, Action, PvE, Trading, Sandbox, Shooter, Flight, Crafting, 3D, Choose Your Own Adventure, RPG, Third Person, Sci-fi, Atmospheric, Science, Aliens",A popular game by Star Gem Inc..,Star Gem Inc.,Gaijin Network Ltd
55150,"Warhammer 40,000: Space Marine - Anniversary Edition",,"Warhammer 40K, Action, Third-Person Shooter, Sci-fi, Third Person, Multiplayer, Gore, Singleplayer, Shooter, Hack and Slash, Co-op, Games Workshop, Dystopian , Atmospheric, Adventure, Futuristic, Story Rich, Online Co-Op, Controller, Violent",A popular game by Relic Entertainment.,Relic Entertainment,Relic Entertainment
4920,Natural Selection 2,,"Multiplayer, Strategy, FPS, Team-Based, Action, Sci-fi, RTS, Aliens, Indie, Competitive, Shooter, Co-op, Tactical, Moddable, First-Person, Space, Futuristic, Atmospheric, Online Co-Op, Adventure",A popular game by Unknown Worlds Entertainment.,Unknown Worlds Entertainment,"Unknown Worlds Entertainment, KRAFTON, Inc."
352400,LEGO Jurassic World,,"LEGO, Dinosaurs, Adventure, Multiplayer, Open World, Action, Co-op, Funny, Comedy, Singleplayer, Local Co-Op, Family Friendly, Puzzle, Movie, Third Person, Building, Historical, Controller, Atmospheric, Simulation",A popular game by TT Games Ltd.,TT Games Ltd,Warner Bros. Interactive Entertainment
1850740,Ghost Watchers,,"Horror, Co-op, Survival Horror, Multiplayer, Demons, Adventure, Puzzle, First-Person, Action-Adventure, Cinematic, Dark, Realistic, Detective, Online Co-Op, PvE, Team-Based, Nonlinear, VR, Singleplayer, Early Access",A popular game by Renderise.,Renderise,Renderise
826630,Iron Harvest,,"RTS, Strategy, Base-Building, Mechs, War, Alternate History, World War I, Multiplayer, Steampunk, Co-op, Online Co-Op, Singleplayer, Action, Real-Time, PvP, Sci-fi, Competitive, Grand Strategy, Gore, Casual",A popular game by KING Art.,KING Art,"Prime Matter, Deep Silver"
866800,The Walking Dead: The Final Season,,"Story Rich, Choices Matter, Zombies, Adventure, Choose Your Own Adventure, Singleplayer, Female Protagonist, Post-apocalyptic, Survival, Atmospheric, Horror, Violent, Drama, Action, Gore, Episodic, Comic Book, Point & Click, Mature, LGBTQ+",A popular game by Telltale Games.,Telltale Games,Skybound Games
589360,Ni no Kuni II: Revenant Kingdom,,"RPG, JRPG, Anime, Adventure, Open World, Singleplayer, Fantasy, Story Rich, Cute, Action RPG, Great Soundtrack, Hack and Slash, Dungeon Crawler, City Builder, Action, Strategy, Cartoony, Exploration, Survival, Multiplayer",A popular game by LEVEL5 Inc..,LEVEL5 Inc.,BANDAI NAMCO Entertainment
658850,Do Not Feed the Monkeys,,"Point & Click, Political Sim, Management, Dark Humor, Strategy, Choices Matter, 2D, Multiple Endings, Story Rich, Pixel Graphics, Funny, Simulation, Adventure, Dystopian , Resource Management, Singleplayer, Atmospheric, Sexual Content, Mature, Nudity",A popular game by Fictiorama Studios.,Fictiorama Studios,Alawar
35450,Red Orchestra 2: Heroes of Stalingrad with Rising Storm,,"World War II, Realistic, Multiplayer, FPS, Wargame, Team-Based, First-Person, Historical, War, Immersive Sim, Action, Tactical, Shooter, Military, Immersive, Simulation, Atmospheric, Gore, Singleplayer, Tanks",A popular game by Tripwire Interactive.,Tripwire Interactive,Tripwire Interactive
378540,The Surge,,"Souls-like, Action, RPG, Sci-fi, Third Person, Difficult, Singleplayer, Mechs, Hack and Slash, Violent, Robots, Open World, Exploration, Cyberpunk, Action RPG, Gore, Adventure, Horror, Futuristic, Story Rich",A popular game by Deck13.,Deck13,Focus Entertainment
939400,LoveChoice,,"Romance, Dating Sim, Choices Matter, Story Rich, Visual Novel, Multiple Endings, Great Soundtrack, Cute, Beautiful, Simulation, Casual, Indie, RPG, Adventure, Interactive Fiction, Puzzle, 2D, Early Access, Anime, Stylized",A popular game by Akaba Studio.,Akaba Studio,Akaba Studio
244160,Homeworld Remastered Collection,,"Space, Strategy, RTS, Sci-fi, Classic, Great Soundtrack, Story Rich, Atmospheric, Multiplayer, Remake, Simulation, Tactical, Singleplayer, Moddable, Epic, Action, Adventure, Futuristic, Female Protagonist, 4X","A popular game by Gearbox Software, Aspyr (Mac).","Gearbox Software, Aspyr (Mac)","Gearbox Publishing, Aspyr (Mac), 2K"
204450,Call of Juarez: Gunslinger,,"Western, FPS, Action, Singleplayer, Shooter, Story Rich, Bullet Time, Comedy, First-Person, Narration, Adventure, Dynamic Narration, Funny, Violent, Atmospheric, Arcade, America, Gore, Historical, Alternate History",A popular game by Techland.,Techland,Techland Publishing
446800,Transport Fever,,"Flight, City Builder, Sandbox, Building, Driving, Economy, Trains, Management, Transportation, Strategy, Relaxing, Open World, Procedural Generation, Simulation, Realistic, Moddable, Adventure, Resource Management, Multiplayer, Singleplayer",A popular game by Urban Games.,Urban Games,Good Shepherd Entertainment
859570,Secret Neighbor: Hello Neighbor Multiplayer,,"Multiplayer, Horror, Online Co-Op, PvP, Co-op, Cartoony, Survival Horror, First-Person, Stealth, Adventure, Family Friendly, Mystery, Colorful, Funny, Action, Indie, Puzzle, Thriller, Casual, Comedy","A popular game by Hologryph, Eerie Guest Studios.","Hologryph, Eerie Guest Studios",tinyBuild
1029550,Torque Drift,,"Free to Play, Racing, Multiplayer, Driving, Controller, Open World, Asynchronous Multiplayer, Automobile Sim, Realistic, Sports, e-sports, PvP, Competitive, 3D, Arcade, Physics, Singleplayer, Addictive, Building, Early Access",A popular game by Grease Monkey Games.,Grease Monkey Games,Grease Monkey Games
301640,Zombie Army Trilogy,,"Zombies, Action, Co-op, Multiplayer, World War II, Third-Person Shooter, Horror, Gore, Sniper, Survival, Shooter, Singleplayer, Post-apocalyptic, Survival Horror, Third Person, War, FPS, Open World, First-Person, Female Protagonist",A popular game by Rebellion.,Rebellion,Rebellion
8190,Just Cause 2,,"Open World, Action, Sandbox, Third Person, Multiplayer, Adventure, Third-Person Shooter, Shooter, Singleplayer, Destruction, Exploration, Funny, Moddable, Co-op, Beautiful, Physics, Atmospheric, 3D Vision, Comedy, FPS",A popular game by Avalanche Studios.,Avalanche Studios,Square Enix
1238820,Battlefield 3,,"Action, Multiplayer, Shooter, Singleplayer, FPS, First-Person, Team-Based, PvP, Tactical, Destruction, Atmospheric, War, Military, Violent, Co-op, Story Rich, Controller, Online Co-Op, Co-op Campaign, Open World",A popular game by DICE.,DICE,Electronic Arts
1094520,Sands of Salzaar,,"Open World, RPG, Strategy, War, Indie, Adventure, Sandbox, Singleplayer, Character Customization, Hack and Slash, Action RPG, Top-Down, Story Rich, Multiplayer, Martial Arts, Early Access, Anime, Mature, Moddable, Action",A popular game by 汉家松鼠Han-Squirrel Studio.,汉家松鼠Han-Squirrel Studio,XD
1521580,Perfect Heist 2,,"Action, Stealth, Shooter, Multiplayer, Strategy, Heist, Social Deduction, 3D, Detective, Hero Shooter, FPS, Class-Based, Level Editor, First-Person, Casual, PvP, Singleplayer, Tactical, Indie, Funny",A popular game by yeswecamp.,yeswecamp,yeswecamp
38400,Fallout: A Post Nuclear Role Playing Game,,"RPG, Post-apocalyptic, Classic, Open World, Isometric, Turn-Based, Turn-Based Combat, Singleplayer, Sci-fi, Atmospheric, Multiple Endings, 1990's, Retro, CRPG, Adventure, Exploration, 2D, Difficult, Tactical, Sandbox",A popular game by Interplay Inc..,Interplay Inc.,Bethesda Softworks
682990,Drug Dealer Simulator,,"Simulation, Crime, Action, Indie, Singleplayer, Open World, Resource Management, Crafting, Trading, Management, Adventure, First-Person, Realistic, Sandbox, Inventory Management, Strategy, Dark Comedy, Co-op, Funny, Atmospheric",A popular game by Byterunners.,Byterunners,Movie Games S.A.
973580,Sniper Ghost Warrior Contracts,,"Action, Sniper, Singleplayer, Stealth, Shooter, Multiplayer, FPS, Military, First-Person, Assassin, Gore, Violent, Realistic, Gun Customization, Open World, Tactical, Difficult, Atmospheric, PvP, Replay Value",A popular game by CI Games.,CI Games,CI Games
1173770,FINAL FANTASY,,"JRPG, RPG, Turn-Based Combat, Pixel Graphics, Party-Based RPG, 2D, Exploration, Fantasy, Class-Based, Retro, Singleplayer, Magic, Adventure, Nostalgia, Remake, Emotional, Story Rich, Lore-Rich, Anime, Heist",A popular game by Square Enix.,Square Enix,Square Enix
1275350,Ninja Kiwi Archive,,"Casual, Arcade, Strategy, Tower Defense, Action, Singleplayer, Online Co-Op, Co-op, Multiplayer, Platformer, Top-Down Shooter, 2D Platformer, PvP, 2D, Pixel Graphics, Top-Down, Cartoony, Survival, Fantasy, Ninja",A popular game by Ninja Kiwi.,Ninja Kiwi,Ninja Kiwi
285190,"Warhammer 40,000: Dawn of War III",,"Warhammer 40K, Strategy, RTS, Sci-fi, Multiplayer, Action, Games Workshop, MOBA, Base-Building, Singleplayer, Gore, War, Atmospheric, Tactical, Co-op, Great Soundtrack, Story Rich, Classic, Violent, Casual","A popular game by Relic Entertainment, Feral Interactive (Mac), Feral Interactive (Linux).","Relic Entertainment, Feral Interactive (Mac), Feral Interactive (Linux)","Relic Entertainment, Feral Interactive (Mac), Feral Interactive (Linux)"
991780,Notes of Soul,,"Horror, Massively Multiplayer, Sexual Content, Action, Adventure, Indie, Nudity, RPG, Multiplayer, Strategy, Casual, Early Access, Racing, Mature, Online Co-Op, Co-op, Survival Horror, Funny, Third Person",A popular game by （Hong Kong）GKD Game Studio.,（Hong Kong）GKD Game Studio,（Hong Kong）GKD Game Studio
30,Day of Defeat,,"FPS, World War II, Multiplayer, Shooter, Action, War, Team-Based, Classic, First-Person, Class-Based, Military, Historical, Tactical, Singleplayer, Co-op, Violent, Old School, Retro, Difficult, Strategy",A popular game by Valve.,Valve,Valve
57690,Tropico 4,,"City Builder, Simulation, Strategy, Management, Comedy, Sandbox, Singleplayer, Great Soundtrack, Economy, Real-Time with Pause, Politics, Building, Resource Management, Political, Funny, Cold War, RTS, Atmospheric, Capitalism, God Game",A popular game by Haemimont Games.,Haemimont Games,Kalypso Media Digital
462780,Darksiders Warmastered Edition,,"Action, Hack and Slash, Adventure, Third Person, RPG, Dark Fantasy, Singleplayer, Violent, Puzzle, Gore, Fantasy, Demons, Post-apocalyptic, Open World, Story Rich, Metroidvania, Controller, Remake, Difficult, Action RPG","A popular game by KAIKO, Vigil Games.","KAIKO, Vigil Games",THQ Nordic
21090,F.E.A.R.,,"Horror, FPS, Action, Bullet Time, Classic, Singleplayer, Shooter, Atmospheric, Gore, First-Person, Psychological Horror, Dark, Story Rich, Sci-fi, Jump Scare, Great Soundtrack, Survival Horror, Old School, Thriller, Multiplayer","A popular game by Monolith Productions, Inc., Timegate.","Monolith Productions, Inc., Timegate","Warner Bros. Games, Warner Bros. Interactive Entertainment"
1817230,Hi-Fi RUSH,,"Rhythm, Action, Hack and Slash, Great Soundtrack, Singleplayer, Cartoony, Action-Adventure, Music, Platformer, Character Action Game, Colorful, Spectacle fighter, Comedy, Stylized, Beat 'em up, Anime, Cyberpunk, Third Person, Robots, Adventure",A popular game by Tango Gameworks.,Tango Gameworks,"KRAFTON, Inc."
503560,911 Operator,,"Simulation, Strategy, Management, Singleplayer, Indie, Casual, Realistic, Crime, Choices Matter, Education, Tactical, Real Time Tactics, 2D, Atmospheric, Addictive, Modern, Minimalist, Moddable, Mature, Drama",A popular game by Jutsu Games.,Jutsu Games,Games Operators
206440,To the Moon,,"Story Rich, Great Soundtrack, Indie, Emotional, RPGMaker, Pixel Graphics, Adventure, Singleplayer, Interactive Fiction, Romance, RPG, Short, 2D, Funny, Psychological, Retro, Cute, Linear, Casual, Female Protagonist",A popular game by Freebird Games.,Freebird Games,"Freebird Games, Serenity Forge"
274520,Darkwood,,"Horror, Survival Horror, Top-Down, Atmospheric, Survival, Dark, Indie, Open World, Singleplayer, Lovecraftian, Exploration, RPG, Adventure, Crafting, Psychological Horror, Inventory Management, Action, Gore, Building, Rogue-like",A popular game by Acid Wizard Studio.,Acid Wizard Studio,"Hooded Horse, Acid Wizard Studio"
248570,Toribash,,"Free to Play, 3D Fighter, Fighting, Physics, Multiplayer, Gore, Action, Strategy, Turn-Based, Martial Arts, Funny, Indie, Blood, Simulation, Sandbox, Moddable, Difficult, Parkour, Singleplayer, Turn-Based Strategy",A popular game by Nabi Studios.,Nabi Studios,"Nicalis, Inc."
2990,FlatOut 2,,"Racing, Combat Racing, Multiplayer, Destruction, Automobile Sim, Vehicular Combat, Action, Driving, Arcade, Singleplayer, Physics, Local Multiplayer, Funny, Casual, 3D, Third Person, Baseball, Basketball, Bowling, Football (American)","A popular game by Bugbear Entertainment, ZOOM Platform Media, Jordan Freeman Group.","Bugbear Entertainment, ZOOM Platform Media, Jordan Freeman Group",Strategy First
310560,DiRT Rally,,"Racing, Simulation, Automobile Sim, Driving, Multiplayer, Realistic, Offroad, Difficult, VR, Singleplayer, Sports, First-Person, Action, Atmospheric, Fast-Paced, Co-op, 3D Vision, TrackIR, Open World, Family Friendly","A popular game by Codemasters, Feral Interactive (Linux), Feral Interactive (Mac).","Codemasters, Feral Interactive (Linux), Feral Interactive (Mac)","Codemasters, Feral Interactive (Linux), Feral Interactive (Mac), Electronic Arts"
236690,Blood Bowl 2: Legendary Edition (Classic),,"Strategy, Multiplayer, Fantasy, Board Game, Singleplayer, Turn-Based, Turn-Based Strategy, Tactical, RPG, PvP, Funny, Dark Fantasy, Action, Turn-Based Tactics, Gore, Violent, Games Workshop, Sports, Football (American), Dark Humor",A popular game by Cyanide Studios.,Cyanide Studios,Slitherine Ltd.
313160,Farming Simulator 15,,"Farming Sim, Automobile Sim, Simulation, Multiplayer, Open World, Agriculture, Moddable, Singleplayer, Realistic, Co-op, Relaxing, Driving, Economy, Physics, Management, Sandbox, Mod, Strategy, Online Co-Op, Family Friendly",A popular game by GIANTS Software.,GIANTS Software,GIANTS Software
1649240,Returnal,,"Action, Bullet Hell, Rogue-like, Singleplayer, Co-op, Female Protagonist, Online Co-Op, Action Roguelike, Third-Person Shooter, Space, Shooter, Sci-fi, Multiplayer, Difficult, Rogue-lite, Psychological Horror, Atmospheric, Horror, Souls-like, Metroidvania","A popular game by Housemarque, Climax Studios.","Housemarque, Climax Studios",PlayStation Publishing LLC
362490,Exanima,,"Physics, RPG, Dark Fantasy, Dungeon Crawler, Medieval, Difficult, Adventure, Isometric, Action, Early Access, Singleplayer, Atmospheric, Indie, Simulation, Souls-like, Character Customization, Rogue-like, Horror, Nudity, Action Roguelike",A popular game by Bare Mettle Entertainment.,Bare Mettle Entertainment,Bare Mettle Entertainment
100,Counter-Strike: Condition Zero,,"Action, FPS, Shooter, Multiplayer, First-Person, Classic, Singleplayer, Tactical, Team-Based, Competitive, Strategy, Online Co-Op, Military, Masterpiece, Adventure, Survival, Atmospheric, Open World, Simulation, Dark",A popular game by Valve.,Valve,Valve
204300,Awesomenauts,,"MOBA, Multiplayer, 2D, Platformer, Action, Indie, Local Co-Op, Co-op, Great Soundtrack, Strategy, Free to Play, Controller, Local Multiplayer, Sci-fi, Online Co-Op, Competitive, Space, Side Scroller, Cartoon, Funny",A popular game by Ronimo Games.,Ronimo Games,Atari
302510,Ryse: Son of Rome,,"Hack and Slash, Action, Quick-Time Events, Rome, Historical, Third Person, Singleplayer, Gore, Adventure, Linear, War, Atmospheric, Nudity, RPG, Multiplayer, Co-op, Open World, Benchmark, Short, Fantasy",A popular game by Crytek.,Crytek,Crytek 
339340,Resident Evil 0,,"Horror, Zombies, Survival Horror, Adventure, Classic, Action, Singleplayer, Remake, Third Person, Atmospheric, Survival, Female Protagonist, Puzzle, Difficult, Story Rich, Gore, Third-Person Shooter, Multiplayer, Great Soundtrack, Shooter","A popular game by CAPCOM Co., Ltd..","CAPCOM Co., Ltd.","CAPCOM Co., Ltd."
1715130,Crysis Remastered,,"Action, FPS, Shooter, Sci-fi, Stealth, Sandbox, Singleplayer, Aliens, Atmospheric, Futuristic, Cinematic, Adventure, Realistic, Tactical, America, First-Person, Violent, Multiplayer, Survival, Open World",A popular game by Crytek.,Crytek,Crytek
442120,Pinball FX3,,"Pinball, Free to Play, Simulation, Arcade, Casual, Retro, Physics, Score Attack, Family Friendly, Singleplayer, Multiplayer, Relaxing, 1990's, Local Multiplayer, Top-Down, Replay Value, Colorful, Realistic, 1980s, Sports",A popular game by Zen Studios.,Zen Studios,Zen Studios
48000,LIMBO,,"Puzzle-Platformer, Indie, Puzzle, Platformer, Dark, Atmospheric, 2D, Adventure, Singleplayer, Horror, Surreal, Short, Side Scroller, Difficult, Minimalist, Physics, Action, Cinematic, Casual, Controller",A popular game by Playdead.,Playdead,Playdead
238090,Sniper Elite 3,,"Sniper, Action, Stealth, Multiplayer, Co-op, World War II, Shooter, Adventure, Third-Person Shooter, Singleplayer, Tactical, War, Third Person, Online Co-Op, Gore, Open World, Strategy, FPS, Atmospheric, Simulation",A popular game by Rebellion.,Rebellion,Rebellion
460950,Katana ZERO,,"Pixel Graphics, Action, Great Soundtrack, Story Rich, Platformer, Cyberpunk, 2D Platformer, Indie, 2D, Hack and Slash, Fast-Paced, Violent, Difficult, Singleplayer, Time Manipulation, Gore, Ninja, Retro, Noir, Sci-fi",A popular game by Askiisoft.,Askiisoft,Devolver Digital
2310,Quake,,"FPS, Classic, Action, Shooter, 1990's, Multiplayer, Singleplayer, First-Person, Old School, Gore, Retro, Horror, Great Soundtrack, Fast-Paced, Atmospheric, Boomer Shooter, Moddable, Sci-fi, Arena Shooter, Co-op","A popular game by id Software, Nightdive Studios, MachineGames.","id Software, Nightdive Studios, MachineGames",Bethesda Softworks
47780,Dead Space 2,,"Horror, Survival Horror, Third-Person Shooter, Shooter, Survival, Third Person, Action, Story Rich, Sci-fi, Space, Atmospheric, Singleplayer, Aliens, Multiplayer, Futuristic, Gore, Adventure, Combat, Co-op, Blood",A popular game by Visceral Games.,Visceral Games,Electronic Arts
21130,LEGO Harry Potter: Years 1-4,,"LEGO, Adventure, Local Co-Op, Action, Magic, Family Friendly, Multiplayer, Fantasy, Singleplayer, Comedy, Split Screen, Co-op, Funny, Open World, Puzzle, Controller, Local Multiplayer, Third Person, 3D Platformer, Atmospheric",A popular game by TT Games.,TT Games,Warner Bros. Interactive Entertainment
411300,ELEX,,"RPG, Open World, Singleplayer, Post-apocalyptic, Sci-fi, Fantasy, Adventure, Action, Third Person, Gothic, Story Rich, Atmospheric, Choices Matter, Difficult, War, Futuristic, Violent, Dark Fantasy, Base-Building, Third-Person Shooter",A popular game by Piranha Bytes.,Piranha Bytes,THQ Nordic
1656780,Hero's Hour,,"Turn-Based, Pixel Graphics, Strategy, Singleplayer, Turn-Based Strategy, Fantasy, Auto Battler, Strategy RPG, Turn-Based Tactics, Level Editor, Multiplayer, Procedural Generation, RPG, Old School, 2D, Tactical, PvP, Local Co-Op, Atmospheric, 4X","A popular game by Benjamin ""ThingOnItsOwn"" Hauer.","Benjamin ""ThingOnItsOwn"" Hauer","Goblinz Publishing, Maple Whispering Limited"
383870,Firewatch,,"Adventure, Atmospheric, Story Rich, Walking Simulator, Mystery, First-Person, Singleplayer, Exploration, Open World, Indie, Great Soundtrack, Short, Horror, Comedy, Drama, Funny, Colorful, Thriller, Mature, Casual",A popular game by Campo Santo.,Campo Santo,"Panic, Campo Santo"
1238060,Dead Space 3,,"Action, Horror, Online Co-Op, Sci-fi, Co-op, Shooter, Survival, Third-Person Shooter, Space, Dark, Singleplayer, Multiplayer, Survival Horror, Thriller, Futuristic, Third Person, Gore, Crafting, Combat, Violent",A popular game by Visceral Games.,Visceral Games,Electronic Arts
397340,SimplePlanes,,"Flight, Sandbox, Automation, Physics, Building, Exploration, Racing, Automobile Sim, Combat Racing, Controller, Military, 3D, Open World, Strategy, Funny, Collectathon, Action, Vehicular Combat, Moddable, Artificial Intelligence","A popular game by Jundroo, LLC.","Jundroo, LLC","Jundroo, LLC"
644830,The Surge 2,,"Souls-like, RPG, Action, Open World, Violent, Sci-fi, Difficult, Third Person, Singleplayer, Cyberpunk, Multiplayer, Character Customization, Gore, Mechs, Hack and Slash, Action RPG, Robots, Female Protagonist, Story Rich, Co-op",A popular game by Deck13.,Deck13,Focus Entertainment
2320,Quake II,,"FPS, Classic, Action, Shooter, Boomer Shooter, 1990's, Sci-fi, Singleplayer, Great Soundtrack, Multiplayer, Gore, First-Person, Fast-Paced, Retro, Old School, Moddable, Arena Shooter, Co-op, Horror, Atmospheric","A popular game by id Software, Nightdive Studios, MachineGames.","id Software, Nightdive Studios, MachineGames",Bethesda Softworks
215100,Ragnarok Online,,"Free to Play, RPG, MMORPG, Massively Multiplayer, Anime, Fantasy, Multiplayer, Adventure, JRPG, Old School, Great Soundtrack, Nudity, 2D, Sexual Content",A popular game by Gravity Interactive.,Gravity Interactive,Gravity Interactive
607260,McOsu,,"Rhythm, Free to Play, Anime, Music, VR, Indie, Difficult, Great Soundtrack, Psychological Horror, Singleplayer, Multiplayer, 2D, FPS, Horror, Sexual Content",A popular game by McKay.,McKay,McKay
362680,Fran Bow,,"Psychological Horror, Story Rich, Point & Click, Puzzle, Horror, Adventure, Indie, Dark, Singleplayer, Atmospheric, Female Protagonist, Gore, Psychological, Surreal, Dark Fantasy, 2D, Fantasy, Hand-drawn, Great Soundtrack, Hidden Object",A popular game by Killmonday Games AB.,Killmonday Games AB,Killmonday Games AB
2096600,Crysis 2 Remastered,,"Action, FPS, Shooter, Sandbox, First-Person, Aliens, Hero Shooter, Shoot 'Em Up, Dark Humor, Dystopian , Futuristic, Post-apocalyptic, Sci-fi, Tactical, Singleplayer, Combat, PvE, Violent, Multiplayer, Story Rich","A popular game by Crytek, Saber Interactive.","Crytek, Saber Interactive",Crytek
1222730,STAR WARS: Squadrons,,"Flight, Space, VR, Multiplayer, Singleplayer, Sci-fi, Action, Simulation, First-Person, PvP, Spaceships, Online Co-Op, Co-op, Controller, Shooter, Space Sim, Female Protagonist, Adventure, FPS, Strategy",A popular game by MOTIVE.,MOTIVE,Electronic Arts
238460,BattleBlock Theater,,"Co-op, Platformer, Funny, Comedy, Level Editor, Multiplayer, Local Co-Op, 2D, Online Co-Op, Cats, 2D Platformer, Action, Side Scroller, Local Multiplayer, Casual, Singleplayer, Puzzle-Platformer, Indie, Puzzle, Narration",A popular game by The Behemoth.,The Behemoth,The Behemoth
388410,Darksiders II Deathinitive Edition,,"Action, Hack and Slash, Adventure, RPG, Open World, Singleplayer, Third Person, Fantasy, Puzzle, Story Rich, Great Soundtrack, Action RPG, Dark Fantasy, Parkour, Loot, Spectacle fighter, Gore, Controller, Multiplayer, Metroidvania","A popular game by Gunfire Games, Vigil Games, THQ Nordic.","Gunfire Games, Vigil Games, THQ Nordic",THQ Nordic
584400,Sonic Mania,,"Great Soundtrack, 2D, Platformer, Retro, Classic, Pixel Graphics, Fast-Paced, Colorful, Adventure, Action, Side Scroller, Singleplayer, Family Friendly, Local Co-Op, Casual, Multiplayer, Arcade, Action-Adventure, Cartoony, Remake","A popular game by Christian Whitehead, Headcannon, PagodaWest Games.","Christian Whitehead, Headcannon, PagodaWest Games",SEGA
967050,Pacify,,"Horror, Online Co-Op, Multiplayer, Psychological Horror, Co-op, Survival Horror, Exploration, First-Person, Supernatural, Dark, Sci-fi, Procedural Generation, Demons, Mystery, Action-Adventure, PvE, Thriller, Atmospheric, Adventure, Time Management",A popular game by Shawn Hitchcock.,Shawn Hitchcock,Hitchcock Games
19900,Far Cry 2,,"Open World, FPS, Action, Shooter, Singleplayer, First-Person, Multiplayer, Adventure, Realistic, Sandbox, Atmospheric, Stealth, Survival, Exploration, Story Rich, Level Editor, Immersive Sim, Controller, Great Soundtrack, Co-op",A popular game by Ubisoft Montreal.,Ubisoft Montreal,Ubisoft
485610,Soccer Online: Ball 3D,,"Sports, Football (Soccer), PvP, e-sports, Multiplayer, Simulation, Arcade, Online Co-Op, Immersive, Team-Based, Real Time Tactics, Character Customization, Third Person, Action, Competitive, 3D, Colorful, Stylized, Difficult, Fast-Paced",A popular game by Unusualsoft.,Unusualsoft,Unusualsoft
368340,CrossCode,,"Action RPG, Pixel Graphics, RPG, Female Protagonist, Puzzle, Singleplayer, Indie, Great Soundtrack, 2D, Story Rich, Adventure, Action, Retro, Anime, Sci-fi, JRPG, Action-Adventure, Difficult, Cyberpunk, Open World",A popular game by Radical Fish Games.,Radical Fish Games,"Deck13, WhisperGames, DANGEN Entertainment, Mayflower Entertainment"
4570,"Warhammer 40,000: Dawn of War - Anniversary Edition (Classic)",,"Strategy, RTS, Warhammer 40K, Base-Building, Sci-fi, Multiplayer, Real-Time, Games Workshop, Tactical, Singleplayer, War, Classic, Action, Gore, Epic, Great Soundtrack, Fantasy, Story Rich, Futuristic, Violent",A popular game by Relic Entertainment.,Relic Entertainment,Relic Entertainment
374040,Portal Knights,,"Adventure, Multiplayer, Sandbox, RPG, Building, Crafting, Survival, Co-op, Action, Exploration, Singleplayer, Fantasy, Voxel, Casual, Dungeon Crawler, Cute, Early Access, Third Person, Local Co-Op, Great Soundtrack",A popular game by Keen Games GmbH.,Keen Games GmbH,505 Games
690640,Trine 4: The Nightmare Prince,,"Puzzle-Platformer, Local Co-Op, Online Co-Op, Action-Adventure, Co-op, Beautiful, Fantasy, 2.5D, Multiplayer, Adventure, Puzzle, Platformer, Action, Atmospheric, Local Multiplayer, Great Soundtrack, Stylized, Indie, Singleplayer, RPG",A popular game by Frozenbyte.,Frozenbyte,Frozenbyte
1088150,Scribble It!,,"Free to Play, Multiplayer, Funny, Word Game, Family Friendly, Comedy, Typing, PvP, Casual, Spelling, Hand-drawn, Team-Based, Colorful, Co-op, Education, Online Co-Op, 2D, Singleplayer, Great Soundtrack, Sexual Content",A popular game by Detach Entertainment.,Detach Entertainment,Detach Entertainment
420530,OneShot,,"Story Rich, Pixel Graphics, Indie, Great Soundtrack, Cute, Atmospheric, Puzzle, Singleplayer, Choices Matter, Adventure, Multiple Endings, RPGMaker, 2D, Exploration, Surreal, RPG, Replay Value, Psychological Horror, Casual, Anime",A popular game by Future Cat LLC.,Future Cat LLC,KOMODO
1388880,Doki Doki Literature Club Plus!,,"Psychological Horror, Visual Novel, Anime, Dating Sim, Sexual Content, Cute, Romance, Story Rich, Multiple Endings, Gore, Singleplayer, 2D, Violent, Interactive Fiction, Text-Based, Dark Humor, Conversation, Indie, Choose Your Own Adventure, Casual",A popular game by Team Salvato.,Team Salvato,Serenity Forge
1016800,Chernobylite Complete Edition,,"Post-apocalyptic, Survival, Horror, RPG, Singleplayer, Atmospheric, Adventure, First-Person, Exploration, Survival Horror, Base-Building, Sci-fi, Simulation, Stealth, Crafting, Action-Adventure, Realistic, Supernatural, Nonlinear, Indie",A popular game by The Farm 51.,The Farm 51,The Farm 51
591740,Sniper Fury,,"Free to Play, Action, Sniper, Shooter, Multiplayer, Singleplayer, FPS, First-Person, Violent, Open World, Gore, Co-op, Massively Multiplayer, Adventure, Online Co-Op, Controller, Funny, Great Soundtrack, Comedy, Indie",A popular game by Gameloft.,Gameloft,Gameloft
761620,Beholder 2,,"Dystopian , Strategy, Choices Matter, Political Sim, Simulation, Story Rich, Singleplayer, Atmospheric, Political, Multiple Endings, Dark, Politics, Addictive, Point & Click, 2D, Lore-Rich, Adventure, Indie, Violent, Psychological Horror",A popular game by Alawar Stargaze (Warm Lamp Games).,Alawar Stargaze (Warm Lamp Games),Alawar
1289310,Helltaker,,"Free to Play, Cute, Demons, Puzzle, Indie, Anime, Great Soundtrack, Sexual Content, Singleplayer, 2D, Short, Comedy, Difficult, Adventure, Dating Sim, Hentai, Funny, Mature, Rhythm, Visual Novel",A popular game by vanripper.,vanripper,vanripper
427730,Who's Your Daddy?!,,"Funny, Multiplayer, First-Person, Comedy, Simulation, Online Co-Op, Strategy, Dark Humor, Co-op, Casual, Indie, Split Screen, Action, Early Access, Difficult, Sandbox, Third Person, Survival, Adventure, Singleplayer",A popular game by Evil Tortilla Games.,Evil Tortilla Games,Evil Tortilla Games
476620,Call of Duty: WWII,,"World War II, FPS, Multiplayer, War, Action, Zombies, Shooter, First-Person, Singleplayer, Co-op, Violent, Gore, Historical, Story Rich, Horror, Psychological Horror, Massively Multiplayer, Female Protagonist, Open World, Heist","A popular game by Sledgehammer Games, Raven Software.","Sledgehammer Games, Raven Software",Activision
1359090,Zero Hour,,"Tactical, Shooter, FPS, Realistic, Multiplayer, Action, Singleplayer, Co-op, Military, First-Person, Online Co-Op, Third-Person Shooter, PvP, Team-Based, Strategy, Simulation, Immersive Sim, Combat, Stealth, PvE",A popular game by AttritoM7 Productions.,AttritoM7 Productions,AttritoM7 Productions
50,Half-Life: Opposing Force,,"FPS, Action, Classic, Sci-fi, Singleplayer, Shooter, First-Person, Aliens, 1990's, Adventure, Military, Atmospheric, Story Rich, Silent Protagonist, Great Soundtrack, Gore, Puzzle, Moddable, Retro, Co-op",A popular game by Gearbox Software.,Gearbox Software,Valve
429660,Tales of Berseria,,"Anime, JRPG, RPG, Female Protagonist, Story Rich, Action, Fantasy, Action RPG, Singleplayer, Open World, Adventure, Great Soundtrack, Hack and Slash, Cute, Local Co-Op, Mature, Sexual Content, Co-op, Multiplayer, Nudity",A popular game by BANDAI NAMCO Studios Inc..,BANDAI NAMCO Studios Inc.,BANDAI NAMCO Entertainment
641320,Cooking Simulator,,"Simulation, Cooking, Singleplayer, Realistic, Sandbox, Funny, Physics, First-Person, Family Friendly, Management, Co-op, Relaxing, Crafting, Comedy, Resource Management, Replay Value, Economy, Action, Memes, Female Protagonist",A popular game by Big Cheese Studio.,Big Cheese Studio,Big Cheese Studio
414340,Hellblade: Senua's Sacrifice,,"Atmospheric, Psychological, Story Rich, Female Protagonist, Mythology, Singleplayer, Dark, Adventure, Horror, Third Person, Dark Fantasy, Action, Violent, Indie, Walking Simulator, Hack and Slash, Action-Adventure, Fantasy, Realistic, Blood",A popular game by Ninja Theory.,Ninja Theory,"Ninja Theory, Xbox Game Studios"
1252330,DEATHLOOP,,"FPS, Action, Stealth, Immersive Sim, First-Person, Shooter, Singleplayer, Multiplayer, Time Manipulation, Assassin, Rogue-lite, Story Rich, Adventure, PvP, Violent, Tactical, Gore, Parkour, Action-Adventure, Sexual Content",A popular game by Arkane Studios.,Arkane Studios,Bethesda Softworks
375480,Chronicon,,"Loot, Action RPG, Hack and Slash, Dungeon Crawler, RPG, Pixel Graphics, Crafting, Indie, Procedural Generation, 4 Player Local, Local Co-Op, Action-Adventure, Action, 2D, PvE, Fantasy, Adventure, Singleplayer, Class-Based, Magic",A popular game by Subworld.,Subworld,Subworld
1703340,The Stanley Parable: Ultra Deluxe,,"Multiple Endings, Comedy, Choices Matter, Walking Simulator, Narration, First-Person, Singleplayer, Funny, Psychological Horror, Exploration, 3D, Story Rich, Adventure, Casual, Mystery, Emotional, Dark Humor, Atmospheric, Horror, Game Development",A popular game by Crows Crows Crows.,Crows Crows Crows,Crows Crows Crows
847370,Sunset Overdrive,,"Open World, Action, Parkour, Character Customization, Third-Person Shooter, Funny, Adventure, Comedy, Singleplayer, Violent, Colorful, Zombies, Post-apocalyptic, Great Soundtrack, Third Person, Shooter, Fast-Paced, Sandbox, Female Protagonist, 3D Platformer","A popular game by Insomniac Games, Blind Squirrel Games.","Insomniac Games, Blind Squirrel Games",Xbox Game Studios
40800,Super Meat Boy,,"Precision Platformer, Platformer, Difficult, Indie, 2D Platformer, Pixel Graphics, 2D, Singleplayer, Great Soundtrack, Fast-Paced, Retro, Controller, Unforgiving, Gore, Action, Time Attack, Funny, Comedy, Side Scroller, Replay Value",A popular game by Team Meat.,Team Meat,
985890,Streets of Rage 4,,"Action, Beat 'em up, Indie, 2D, Fighting, Arcade, Local Multiplayer, Online Co-Op, Side Scroller, Great Soundtrack, Local Co-Op, Retro, Multiplayer, Co-op, Adventure, Co-op Campaign, Hand-drawn, Classic, Casual, Colorful","A popular game by Dotemu, Guard Crush, Lizardcube.","Dotemu, Guard Crush, Lizardcube",Dotemu
564710,Soda Dungeon,,"Free to Play, RPG, Pixel Graphics, Casual, 2D, Clicker, Turn-Based, Dungeon Crawler, Singleplayer, Adventure, Fantasy, Strategy, Indie, Action, Comedy, Turn-Based Combat, Great Soundtrack, Idler, Multiplayer, Point & Click","A popular game by AN Productions, Poxpower.","AN Productions, Poxpower",Armor Games Studios
987840,Expeditions: Rome,,"RPG, Strategy, Turn-Based Strategy, Party-Based RPG, Rome, CRPG, Turn-Based Tactics, Tactical RPG, 3D, Historical, Top-Down, Atmospheric, Tactical, Choices Matter, Story Rich, Turn-Based Combat, Singleplayer, Female Protagonist, Turn-Based, Character Customization",A popular game by Logic Artists.,Logic Artists,THQ Nordic
265930,Goat Simulator,,"Simulation, Funny, Comedy, Open World, Sandbox, Physics, Destruction, Casual, Indie, Action, Memes, Singleplayer, Third Person, Co-op, Local Multiplayer, 3D, Dark Humor, Exploration, Cute, Arcade",A popular game by Coffee Stain Studios.,Coffee Stain Studios,Coffee Stain Publishing
2322560,Love Is All Around,,"Dating Sim, Sexual Content, Singleplayer, FMV, Visual Novel, Romance, First-Person, Multiple Endings, Choices Matter, Interactive Fiction, Story Rich, Immersive Sim, RPG, Choose Your Own Adventure, Emotional, Drama, Female Protagonist, Relaxing, Simulation, Multiplayer",A popular game by intiny.,intiny,intiny
410320,EARTH DEFENSE FORCE 4.1 The Shadow of New Despair,,"Action, Third-Person Shooter, Co-op, Online Co-Op, Aliens, Mechs, Sci-fi, Local Co-Op, Anime, Split Screen, Funny, Multiplayer, Shooter, Robots, Destruction, Comedy, Difficult, Singleplayer, Gore, Memes",A popular game by SANDLOT.,SANDLOT,D3PUBLISHER
437920,Tricky Towers,,"Party Game, Puzzle, Multiplayer, Physics, Casual, Building, Funny, Family Friendly, Arcade, Local Multiplayer, Cartoony, 4 Player Local, Local Co-Op, Online Co-Op, Singleplayer, PvP, Strategy, Party, Colorful, Stylized",A popular game by WeirdBeard.,WeirdBeard,WeirdBeard
242550,Rayman Legends,,"Platformer, Adventure, Local Co-Op, Action, Great Soundtrack, 2D, Co-op, Controller, 4 Player Local, Local Multiplayer, Funny, Family Friendly, Fast-Paced, Side Scroller, Singleplayer, Comedy, Beautiful, Music, Difficult, Atmospheric",A popular game by Ubisoft Montpellier.,Ubisoft Montpellier,Ubisoft
555570,Infestation: The New Z,,"Zombies, Free to Play, Survival, Multiplayer, Open World, Massively Multiplayer, FPS, Shooter, Action, PvP, Co-op, Survival Horror, RPG, Adventure, Violent, Horror, Third-Person Shooter, PvE, Indie, Walking Simulator",A popular game by Fredaikis AB.,Fredaikis AB,OP Productions LLC
445980,Wizard of Legend,,"Action Roguelike, Pixel Graphics, Rogue-like, Dungeon Crawler, Local Co-Op, Action, Magic, Multiplayer, Adventure, Rogue-lite, Co-op, Indie, Hack and Slash, Local Multiplayer, Difficult, 2D, Singleplayer, RPG, Procedural Generation, Fast-Paced",A popular game by Contingent99.,Contingent99,"Contingent99, Balor Games"
501300,What Remains of Edith Finch,,"Story Rich, Atmospheric, Walking Simulator, First-Person, Mystery, Exploration, Adventure, Singleplayer, Female Protagonist, Indie, Great Soundtrack, Narration, Short, Psychological Horror, Drama, Dark, Puzzle, Visual Novel, Horror, Emotional",A popular game by Giant Sparrow.,Giant Sparrow,Annapurna Interactive
242700,Injustice: Gods Among Us Ultimate Edition,,"Fighting, Superhero, Action, Multiplayer, Comic Book, Local Multiplayer, Singleplayer, Controller, 2D Fighter, Arcade, Beat 'em up, Competitive, 2.5D, Story Rich, Atmospheric, 2D, 3D Vision, Great Soundtrack, Gore, Co-op","A popular game by NetherRealm Studios, High Voltage Software.","NetherRealm Studios, High Voltage Software",Warner Bros. Interactive Entertainment
285160,LEGO The Hobbit,,"LEGO, Adventure, Action, Local Co-Op, Multiplayer, Open World, Co-op, Funny, Fantasy, Family Friendly, Singleplayer, Comedy, Third Person, Atmospheric, Dwarf, Split Screen, Puzzle, RPG, Controller, Strategy","A popular game by Traveller's Tales, Feral Interactive (Mac).","Traveller's Tales, Feral Interactive (Mac)","Warner Bros. Interactive Entertainment, Feral Interactive (Mac)"
330020,Children of Morta,,"Multiplayer, Rogue-like, Pixel Graphics, Online Co-Op, Hack and Slash, Action Roguelike, RPG, Rogue-lite, Local Co-Op, Dungeon Crawler, Action, Story Rich, Singleplayer, Co-op, Action RPG, 2D, Isometric, Procedural Generation, Fantasy, Action-Adventure",A popular game by Dead Mage.,Dead Mage,11 bit studios
606880,GreedFall,,"RPG, Open World, Character Customization, Singleplayer, Choices Matter, Story Rich, Sexual Content, Fantasy, Third Person, Adventure, Action RPG, Mature, Action, Action-Adventure, Nudity, Female Protagonist, Romance, Magic, Atmospheric, Multiplayer",A popular game by Spiders.,Spiders,Focus Entertainment
250760,Shovel Knight: Treasure Trove,,"Platformer, Pixel Graphics, Retro, Great Soundtrack, Indie, 2D, Adventure, Action, Singleplayer, Difficult, Side Scroller, Kickstarter, Fantasy, Old School, Medieval, Funny, Arcade, Comedy, RPG, Local Co-Op",A popular game by Yacht Club Games.,Yacht Club Games,Yacht Club Games
1189630,Path Of Wuxia,,"RPG, Indie, Martial Arts, Turn-Based, Female Protagonist, Time Management, Turn-Based Combat, Choices Matter, Dating Sim, Anime, Character Customization, Simulation, Early Access, Story Rich",A popular game by 香港商河洛互動娛樂股份有限公司.,香港商河洛互動娛樂股份有限公司,香港商河洛互動娛樂股份有限公司
6000,STAR WARS Republic Commando,,"FPS, Action, Tactical, Sci-fi, Singleplayer, Shooter, First-Person, Classic, Multiplayer, Great Soundtrack, Space, Atmospheric, Epic, Team-Based, Adventure, War, Co-op, Strategy, Dark, Futuristic",A popular game by LucasArts.,LucasArts,"LucasArts, Lucasfilm, Disney"
942970,Unheard - Voices of Crime,,"Detective, Puzzle, Mystery, Indie, RPG, Simulation, Story Rich, Horror, Singleplayer, Atmospheric, Investigation, Point & Click, 2D, Top-Down, Crime, Short",A popular game by NEXT Studios.,NEXT Studios,"NEXT Studios, 505 Games"
997070,Marvel's Avengers - The Definitive Edition,,"Action, Adventure, RPG, Superhero, Multiplayer, Open World, Online Co-Op, Singleplayer, Third Person, Cinematic, Comic Book, Loot, Co-op, Sci-fi, PvE, Fantasy, Combat, Team-Based, Story Rich, Co-op Campaign","A popular game by Crystal Dynamics, Eidos-Montréal, Nixxes.","Crystal Dynamics, Eidos-Montréal, Nixxes",Crystal Dynamics
882100,XCOM: Chimera Squad,,"Strategy, Turn-Based Tactics, Turn-Based Strategy, Turn-Based, Singleplayer, Aliens, Sci-fi, Futuristic, Tactical, Turn-Based Combat, RPG, Character Customization, Tactical RPG, Action, Sexual Content, Moddable",A popular game by Firaxis Games.,Firaxis Games,2K
1543030,Sword and Fairy 7,,"RPG, Singleplayer, Martial Arts, Mythology, Action RPG, Story Rich, Female Protagonist, Open World, 3D, Action, Sexual Content, Adventure, Fantasy, Third Person, Great Soundtrack, CRPG, Anime, Romance, Atmospheric, Nudity",A popular game by 软星科技(SoftStarlight).,软星科技(SoftStarlight),"方块游戏(CubeGame), 软星科技(SoftStarlight)"
743450,Monster Prom,,"Dating Sim, Comedy, LGBTQ+, Multiplayer, Choices Matter, Visual Novel, Funny, Indie, Simulation, Sexual Content, Local Multiplayer, Fantasy, Story Rich, Demons, Vampire, Online Co-Op, Nudity, Zombies, Great Soundtrack, Life Sim",A popular game by Beautiful Glitch.,Beautiful Glitch,"Xelu, Those Awesome Guys"
683320,GRIS,,"Beautiful, Atmospheric, Great Soundtrack, Indie, Female Protagonist, Adventure, Hand-drawn, Platformer, Singleplayer, Relaxing, 2D, Story Rich, Puzzle, Colorful, Puzzle-Platformer, Surreal, Casual, Exploration, Walking Simulator, Anime",A popular game by Nomada Studio.,Nomada Studio,Devolver Digital
341940,Hatred,,"Gore, Violent, Action, Dark, Mature, Shooter, Villain Protagonist, Indie, Isometric, Singleplayer, Twin Stick Shooter, Psychological Horror, Open World, Horror, Top-Down Shooter, Dark Humor, Third-Person Shooter, Survival, Difficult, Dark Fantasy",A popular game by Destructive Creations.,Destructive Creations,Destructive Creations
324810,TOXIKK,,"FPS, Action, Free to Play, Multiplayer, Arena Shooter, Shooter, Indie, First-Person, Fast-Paced, Singleplayer, Competitive, Sci-fi, Classic, Open World, Co-op, PvP, Parkour, Massively Multiplayer, Strategy, Early Access",A popular game by Reakktor Studios.,Reakktor Studios,Schwiezer System GmbH
6860,Hitman: Blood Money,,"Stealth, Action, Assassin, Singleplayer, Third Person, Classic, Great Soundtrack, Third-Person Shooter, Cult Classic, Sandbox, Puzzle, Replay Value, Crime, Shooter, Atmospheric, First-Person, Difficult, Strategy, Dark, Simulation",A popular game by Io-Interactive A/S.,Io-Interactive A/S,Io-Interactive A/S
20,Team Fortress Classic,,"Action, FPS, Multiplayer, Classic, Hero Shooter, Shooter, Team-Based, Class-Based, First-Person, 1990's, Old School, Co-op, Competitive, Fast-Paced, Retro, Online Co-Op, Violent, Funny, Mod, Remake",A popular game by Valve.,Valve,Valve
367450,Poly Bridge,,"Building, Simulation, Physics, Puzzle, Singleplayer, Sandbox, Difficult, Indie, Funny, Family Friendly, Level Editor, Great Soundtrack, Education, Cartoon, Crafting, Colorful, Cute, Stylized, Strategy, Choices Matter",A popular game by Dry Cactus.,Dry Cactus,Dry Cactus
513000,KUBOOM,,"Free to Play, Action, Multiplayer, FPS, Shooter, First-Person, Psychological Horror, Adventure, Indie, Pixel Graphics, Casual, Massively Multiplayer, Singleplayer, Survival, Gore, Parkour, Funny, Open World, Memes, Horror",A popular game by nobodyshot.,nobodyshot,nobodyshot
528230,SYNTHETIK: Legion Rising,,"Top-Down Shooter, Rogue-lite, Indie, Action, Action Roguelike, Online Co-Op, Difficult, Co-op, Shooter, Twin Stick Shooter, Rogue-like, Isometric, Robots, Top-Down, Cyberpunk, Bullet Hell, Multiplayer, Great Soundtrack, Singleplayer, Tactical",A popular game by Flow Fire Games.,Flow Fire Games,"Flow Fire Games, WhisperGames"
4560,Company of Heroes - Legacy Edition,,"Strategy, World War II, RTS, Multiplayer, Military, Action, Tactical, Singleplayer, War, Base-Building, Historical, Tanks, Moddable, Co-op, Simulation, Epic, Classic, Violent, Team-Based, Addictive",A popular game by Relic Entertainment.,Relic Entertainment,SEGA
1049410,Superliminal,,"Puzzle, First-Person, Surreal, Psychological, Narration, Physics, Singleplayer, Thriller, Story Rich, Adventure, Psychedelic, Funny, Exploration, 3D Vision, Puzzle-Platformer, Psychological Horror, Minimalist, Cinematic, Dark Humor, Colorful",A popular game by Pillow Castle.,Pillow Castle,Pillow Castle
332570,Amazing Frog?,,"Early Access, 4 Player Local, Open World, Split Screen, Physics, Action-Adventure, Sandbox, Indie, Controller, Character Customization, Singleplayer, Local Co-Op, Adventure, Funny, Exploration, Party, Parkour, Driving, Choose Your Own Adventure, Action",A popular game by Fayju.,Fayju,Fayju
783770,Ironsight,,"Free to Play, Action, FPS, Multiplayer, Shooter, Battle Royale, Controller, PvP, Team-Based, Singleplayer, Violent, First-Person, Co-op, Competitive, Gun Customization, Online Co-Op, Military, Gore, Strategy, Casual","A popular game by WipleGames Inc.,.","WipleGames Inc.,","WipleGames Inc.,"
242860,Verdun,,"Shooter, Co-op, PvP, Massively Multiplayer, World War I, FPS, Action, Historical, First-Person, Strategy, Wargame, Multiplayer, War, Military, Atmospheric, Realistic, Simulation, Gore, Tactical, Team-Based",A popular game by BlackMill Games.,BlackMill Games,BlackMill Games
790710,World of Warplanes,,"Flight, FPS, Third-Person Shooter, Cold War, Military, World War II, PvP, Shooter, First-Person, Arcade, 3D, Third Person, Controller, Team-Based, Action, Simulation, Colorful, Realistic, Atmospheric, Cinematic",A popular game by Wargaming Group Limited.,Wargaming Group Limited,Wargaming Group Limited
1171690,Wayfinder,,"Action RPG, Online Co-Op, Loot, Dungeon Crawler, Third Person, Exploration, Action, RPG, Controller, Adventure, Party-Based RPG, Open World, Action-Adventure, Co-op, Singleplayer, Fantasy, Casual, Multiplayer, Atmospheric, Team-Based",A popular game by Airship Syndicate.,Airship Syndicate,Airship Syndicate
253980,Enclave,,"RPG, Action, Fantasy, Third Person, Hack and Slash, Singleplayer, Adventure, Classic, Action RPG, Magic, Female Protagonist, Atmospheric, Multiplayer, First-Person, Great Soundtrack, Nudity, Open World, Dark Fantasy, Action-Adventure, Medieval",A popular game by Starbreeze.,Starbreeze,Topware Interactive
323470,DRAGON BALL XENOVERSE,,"Anime, Fighting, Action, Character Customization, Multiplayer, Co-op, Adventure, Singleplayer, RPG, Online Co-Op, Third Person, Fantasy, Dragons, Beat 'em up, Controller, Open World, Action RPG, Funny, Fast-Paced, Local Co-Op",A popular game by DIMPS.,DIMPS,BANDAI NAMCO Entertainment
1301720,Escape Room - Der kranke Kollege,,"Multiplayer, Free to Play, Horror, Puzzle, Investigation, Adventure, Logic, Escape Room, First-Person, Psychological Horror, Detective, Casual, Atmospheric, Exploration, Crime, Realistic, Immersive Sim, Multiple Endings, Relaxing, Tutorial",A popular game by Bitbeast Games.,Bitbeast Games,Bitbeast Games
496300,Kingdom: New Lands,,"Tower Defense, Survival, Base-Building, Minimalist, Exploration, Rogue-lite, Rogue-like, Building, Strategy, Colony Sim, Atmospheric, Side Scroller, Singleplayer, Soundtrack, Pixel Graphics, Adventure, Fantasy, Medieval, Open World, Simulation",A popular game by Noio.,Noio,Raw Fury
2296990,We Were Here Expeditions: The FriendShip,,"Co-op, Puzzle, Online Co-Op, Multiplayer, Adventure, Casual, Emotional, Atmospheric, First-Person, Cute, 3D, Mystery, Team-Based, Controller, Story Rich, Multiple Endings, Linear, Asynchronous Multiplayer, Indie, Drama",A popular game by Total Mayhem Games.,Total Mayhem Games,Total Mayhem Games
375910,Anno 2205,,"City Builder, Strategy, Simulation, Futuristic, 4X, Sci-fi, Economy, Singleplayer, Space, Resource Management, Management, RTS, Multiplayer, Building, Sandbox, Base-Building, Story Rich, Open World, Trading, 3D",A popular game by Blue Byte.,Blue Byte,Ubisoft
838380,DEAD OR ALIVE 6,,"3D Fighter, PvP, Competitive, Female Protagonist, e-sports, Arcade, Action, Anime, Singleplayer, Multiplayer, Fighting, Local Multiplayer, Sexual Content, Free to Play, Nudity, 3D, Ninja, Story Rich, Mature, Violent","A popular game by KOEI TECMO GAMES CO., LTD..","KOEI TECMO GAMES CO., LTD.","KOEI TECMO GAMES CO., LTD."
760060,Mutant Year Zero: Road to Eden,,"Strategy, RPG, Turn-Based Combat, Post-apocalyptic, Turn-Based Tactics, Tactical, Turn-Based, Adventure, Stealth, Singleplayer, Turn-Based Strategy, Atmospheric, Action, Survival, Dark Fantasy, Difficult, Funny, Horror, Exploration, Fantasy",A popular game by The Bearded Ladies.,The Bearded Ladies,Funcom
992300,嗜血印 Bloody Spell,,"Nudity, Sexual Content, Female Protagonist, Action RPG, Hack and Slash, Action, Martial Arts, 3D, Open World, Rogue-like, Singleplayer, Violent, Rogue-lite, Multiplayer, RPG, 3D Vision, Gore, Online Co-Op, Adventure, Indie",A popular game by 艺龙游戏.,艺龙游戏,艺龙游戏
493900,Dungeons 3,,"Strategy, Villain Protagonist, Base-Building, Simulation, RTS, God Game, Management, Female Protagonist, Comedy, Multiplayer, Economy, Funny, Singleplayer, Dark Fantasy, Dark Humor, Online Co-Op, Co-op Campaign, Horror, Real Time Tactics, Isometric",A popular game by Realmforge Studios.,Realmforge Studios,Kalypso Media
1063660,Bendy and the Dark Revival,,"Horror, Action, Singleplayer, First-Person, Survival Horror, Adventure, Indie, Cartoony, Story Rich, Dark, Puzzle, Survival, Stealth, Action-Adventure, Sequel, Combat, Atmospheric, Strategy, Great Soundtrack, Casual",A popular game by Joey Drew Studios.,Joey Drew Studios,Joey Drew Studios
447530,VA-11 Hall-A: Cyberpunk Bartender Action,,"Cyberpunk, Visual Novel, Pixel Graphics, Story Rich, Female Protagonist, Dystopian , LGBTQ+, Choices Matter, Point & Click, Casual, Simulation, Anime, Memes, Transhumanism, 2D, Life Sim, Adventure, Funny, Cute, Sci-fi",A popular game by Sukeban Games.,Sukeban Games,"Ysbryd Games, PLAYISM"
324800,Shadow Warrior 2,,"Action, Gore, Looter Shooter, FPS, Co-op, Multiplayer, Ninja, Hack and Slash, Shooter, Swordplay, First-Person, Comedy, Open World, Demons, Loot, Funny, Singleplayer, Adventure, Parkour, Memes",A popular game by Flying Wild Hog.,Flying Wild Hog,Devolver Digital
15100,Assassin's Creed: Director's Cut Edition,,"Action, Combat, Stealth, Adventure, Historical, Third Person, Parkour, Exploration, Assassin, Singleplayer, Medieval, Story Rich, Conspiracy, Atmospheric, Realistic, Action-Adventure, Open World, 3D, Cinematic, Narration",A popular game by Ubisoft Montreal.,Ubisoft Montreal,Ubisoft
448510,Overcooked,,"Local Co-Op, Multiplayer, Local Multiplayer, Co-op, Casual, Cooking, 4 Player Local, Family Friendly, Funny, Co-op Campaign, Indie, Simulation, Action, Cute, Singleplayer, Colorful, Split Screen, Difficult, Great Soundtrack, Adventure",A popular game by Ghost Town Games Ltd..,Ghost Town Games Ltd.,Team17 Digital Ltd
204340,Serious Sam II,,"Action, FPS, Co-op, Comedy, Multiplayer, Shooter, First-Person, Gore, Funny, Classic, Singleplayer, Adventure, Indie, Sci-fi, Online Co-Op, Colorful, Great Soundtrack, Atmospheric, Boomer Shooter, Difficult",A popular game by Croteam.,Croteam,Devolver Digital
249050,Dungeon of the ENDLESS,,"Rogue-like, Strategy, Tower Defense, Pixel Graphics, Indie, RPG, Dungeon Crawler, Sci-fi, Adventure, Perma Death, Procedural Generation, Co-op, Difficult, Resource Management, Survival, Rogue-lite, Replay Value, Great Soundtrack, Singleplayer, 2D",A popular game by AMPLITUDE Studios.,AMPLITUDE Studios,AMPLITUDE Studios
290340,Armello,,"Board Game, PvP, Turn-Based Strategy, Card Game, Turn-Based, Strategy, RPG, Dark Fantasy, 3D, Atmospheric, Hand-drawn, 2D, Tabletop, Multiple Endings, Fantasy, Hex Grid, Lore-Rich, Adventure, Tactical RPG, Grand Strategy",A popular game by League of Geeks.,League of Geeks,League of Geeks
1777760,Soccer Manager 2022,,"Sports, Football (Soccer), Simulation, Free to Play, Multiplayer, Real Time Tactics, 3D, Immersive Sim, Realistic, Singleplayer, Colorful, Tactical, Team-Based, Management, Text-Based, Controller",A popular game by Invincibles Studio Ltd.,Invincibles Studio Ltd,ケイエル
57300,Amnesia: The Dark Descent,,"Horror, Gore, Psychological Horror, Survival Horror, Atmospheric, Puzzle, First-Person, Nudity, Dark, Lovecraftian, Adventure, Indie, Singleplayer, Stealth, Exploration, Action, Walking Simulator, Physics, Story Rich, Surreal",A popular game by Frictional Games.,Frictional Games,Frictional Games
239350,Spelunky,,"Platformer, Rogue-like, Action Roguelike, Indie, Difficult, 2D, Local Co-Op, Replay Value, Procedural Generation, Arcade, Addictive, Action, Perma Death, Singleplayer, Adventure, Co-op, Great Soundtrack, Local Multiplayer, Controller, Side Scroller",A popular game by Mossmouth.,Mossmouth,Mossmouth
638230,Journey,,"Beautiful, Atmospheric, Adventure, Indie, Exploration, Relaxing, Great Soundtrack, Co-op, Walking Simulator, Casual, Multiplayer, Story Rich, Stylized, Music, Family Friendly, Classic, Mystery, Narrative, 3D, Singleplayer",A popular game by thatgamecompany.,thatgamecompany,Annapurna Interactive
48240,Anno 2070,,"Strategy, City Builder, Simulation, Futuristic, RTS, Resource Management, Economy, Multiplayer, Singleplayer, Management, Sci-fi, Building, Real-Time, Sandbox, Trading, Co-op, Great Soundtrack, Online Co-Op, 4X, Story Rich","A popular game by Blue Byte, Related Designs.","Blue Byte, Related Designs",Ubisoft
537800,Bomber Crew,,"World War II, Simulation, Strategy, Management, Flight, Singleplayer, War, Indie, Difficult, Survival, Action, Military, Casual, Rogue-like, Cartoony, Perma Death, 3D, Rogue-lite, Cute, Atmospheric",A popular game by Runner Duck.,Runner Duck,Curve Games
1061090,Jump King,,"Psychological Horror, Difficult, Precision Platformer, Indie, Pixel Graphics, Adventure, Platformer, 2D, Action, Singleplayer, Retro, Medieval, Atmospheric, Philosophical, Funny, Dark Humor, Fantasy, Souls-like, Horror, Side Scroller",A popular game by Nexile.,Nexile,Nexile
774181,Rhythm Doctor,,"Rhythm, Music, Pixel Graphics, Level Editor, Story Rich, Indie, Singleplayer, Early Access, Local Co-Op, 2D, Funny, Action, Comedy, Local Multiplayer, Arcade, Adventure, Co-op, Anime, Cute, Modern",A popular game by 7th Beat Games.,7th Beat Games,"7th Beat Games, indienova"
674020,World War 3,,"Free to Play, FPS, Multiplayer, Realistic, Online Co-Op, Tactical, Military, PvP, Gun Customization, Character Customization, Shooter, Action, War, Modern, Team-Based, First-Person, Combat, Vehicular Combat, Physics, Atmospheric",A popular game by Wishlist Games.,Wishlist Games,Wishlist Games
3132990,Black Myth: Wukong Benchmark Tool,,"Free to Play, Utilities, Benchmark, Mythology, 3D, Action, Atmospheric, Combat, Adventure, FPS, Fantasy, Dark Fantasy, Singleplayer, Souls-like, Story Rich, Horror",A popular game by Game Science.,Game Science,Game Science
40990,Mafia,,"Action, Story Rich, Crime, Open World, Classic, Atmospheric, Singleplayer, Great Soundtrack, Third Person, Violent, Adventure, Third-Person Shooter, Shooter, Difficult, Cult Classic, Multiplayer, Racing, Drama, Historical, Controller",A popular game by Illusion Softworks.,Illusion Softworks,2K
2096610,Crysis 3 Remastered,,"Action, FPS, Shooter, Aliens, Sci-fi, Hero Shooter, Post-apocalyptic, First-Person, Dystopian , Sandbox, Futuristic, War, Shoot 'Em Up, Combat, Physics, PvE, Stealth, Singleplayer, Story Rich, Violent","A popular game by Crytek, Saber Interactive.","Crytek, Saber Interactive",Crytek
1490890,Demon Slayer -Kimetsu no Yaiba- The Hinokami Chronicles,,"Anime, Action, 3D Fighter, Adventure, Action-Adventure, Demons, 3D, 2D Fighter, Colorful, Cartoon, Cinematic, PvP, Multiplayer, Comic Book, Combat, Drama, Emotional, Controller, Foreign, Quick-Time Events",A popular game by CyberConnect2.,CyberConnect2,SEGA
775500,SCARLET NEXUS,,"Anime, Action, RPG, JRPG, Action RPG, Adventure, Sci-fi, Action-Adventure, Character Action Game, Combat, Open World, Fighting, Fantasy, Interactive Fiction, Futuristic, Character Customization, Singleplayer, Strategy RPG, Hack and Slash, Souls-like",A popular game by BANDAI NAMCO Studios Inc..,BANDAI NAMCO Studios Inc.,BANDAI NAMCO Entertainment
383080,Sakura Clicker,,"Nudity, Free to Play, Anime, Sexual Content, Mature, Clicker, Female Protagonist, Singleplayer, Hentai, Casual, NSFW, Indie, Fantasy, 2D, Memes, Funny, Dating Sim, Adventure, RPG, Idler",A popular game by Winged Cloud.,Winged Cloud,Winged Cloud
577800,NBA 2K18,,"Sports, Basketball, Gambling, Multiplayer, Simulation, Singleplayer, Realistic, Local Multiplayer, Great Soundtrack, Competitive, Walking Simulator, Survival",A popular game by Visual Concepts.,Visual Concepts,2K
1040230,Curious Expedition 2,,"Adventure, Simulation, Dynamic Narration, Alternate History, Hex Grid, Exploration, Survival, Rogue-lite, Dinosaurs, Turn-Based, Board Game, Rogue-like, Turn-Based Strategy, RPG, Strategy, Lovecraftian, Comic Book, Procedural Generation, Story Rich, Turn-Based Combat",A popular game by Maschinen-Mensch.,Maschinen-Mensch,"Maschinen-Mensch, Saftladen Berlin"
1504980,It Takes Two Friend's Pass,,"Online Co-Op, Co-op, Multiplayer, Adventure, Split Screen, Local Co-Op, Free to Play",A popular game by Hazelight Studio.,Hazelight Studio,Electronic Arts
282140,SOMA,,"Horror, Psychological Horror, Atmospheric, Dark, Story Rich, Survival Horror, Exploration, Sci-fi, Gore, First-Person, Lovecraftian, Singleplayer, Puzzle, Adventure, Walking Simulator, Indie, Action, Philosophical, Mystery, Drama",A popular game by Frictional Games.,Frictional Games,Frictional Games
915320,Pixel Strike 3D,,"Free to Play, FPS, Tactical, Multiplayer, Action, Shooter, First-Person, Military, PvP, Fast-Paced, Co-op, Online Co-Op, Pixel Graphics, Team-Based, Competitive, Character Customization, Gun Customization, Battle Royale, Casual, Massively Multiplayer",A popular game by Vulcron.,Vulcron,Vulcron
320240,We Happy Few,,"Adventure, Open World, Action, Survival, Dystopian , First-Person, Indie, Psychological Horror, Horror, Singleplayer, Atmospheric, Stealth, Exploration, Dark, Crafting, Survival Horror, Mature, Procedural Generation, Story Rich, Early Access",A popular game by Compulsion Games.,Compulsion Games,Compulsion Games
3830,Psychonauts,,"Platformer, Comedy, Adventure, Cult Classic, Singleplayer, Action, Funny, Third Person, 3D Platformer, Classic, Story Rich, Psychological, Great Soundtrack, Surreal, Cartoony, Collectathon, Exploration, Action-Adventure, 3D, Indie",A popular game by Double Fine Productions.,Double Fine Productions,Double Fine Productions
397950,Clustertruck,,"Parkour, Automobile Sim, Action, First-Person, 3D Platformer, Singleplayer, Physics, Fast-Paced, Indie, Difficult, Destruction, Funny, Great Soundtrack, Platformer, Casual, Strategy, Level Editor, Racing, Multiplayer, Adventure",A popular game by Landfall.,Landfall,tinyBuild
1818750,MultiVersus,,"Multiplayer, 2D Fighter, Co-op, Free to Play, Action, Competitive, Beat 'em up, Cartoon, Fantasy, 2D Platformer, 2D, Colorful, Superhero, Memes, Funny, Comic Book, Hand-drawn, 1980s, 1990's, Character Customization",A popular game by Player First Games.,Player First Games,Warner Bros. Games
394310,Punch Club,,"Management, Pixel Graphics, Time Management, Boxing, Beat 'em up, RPG, Fighting, 2D Fighter, Simulation, Sports, Arcade, 2D, Story Rich, Choices Matter, Funny, Retro, Cartoony, Action, Atmospheric, 1990's",A popular game by Lazy Bear Games.,Lazy Bear Games,tinyBuild
1237980,STAR WARS Battlefront,,"Shooter, Sci-fi, Multiplayer, Singleplayer, Adventure, Space, Strategy, Co-op, Third-Person Shooter, Online Co-Op, Action, Vehicular Combat, First-Person, PvP, Split Screen, Combat, Third Person, Aliens, FPS, Atmospheric",A popular game by DICE.,DICE,Electronic Arts
404730,Wasteland 2: Director's Cut,,,A popular game by inXile Entertainment.,inXile Entertainment,inXile Entertainment
918570,Century: Age of Ashes,,"Free to Play, Dragons, Multiplayer, Action, Team-Based, Flight, PvP, Indie, Hero Shooter, Third Person, Fantasy, Arena Shooter, Shooter, Online Co-Op, Dark Fantasy, Mythology, Character Customization, Third-Person Shooter, Spectacle fighter, Early Access",A popular game by Playwing LTD.,Playwing LTD,Playwing LTD
235540,Warhammer: End Times - Vermintide,,"Action, Online Co-Op, Co-op, Dark Fantasy, First-Person, Games Workshop, Gore, Multiplayer, FPS, Fantasy, Hack and Slash, Atmospheric, Action RPG, Survival, Dwarf, RPG, Singleplayer, Adventure, Indie, Horror",A popular game by Fatshark.,Fatshark,Fatshark
894020,Death's Door,,"Cute, Souls-like, 3D Platformer, Cartoony, Dark Fantasy, Action, Adventure, Action-Adventure, RPG, Hack and Slash, Exploration, Isometric, Action RPG, Dungeon Crawler, 3D, Metroidvania, Indie, Controller, Colorful, Combat",A popular game by Acid Nerve.,Acid Nerve,Devolver Digital
385760,NBA 2K17,,"Basketball, Sports, Multiplayer, Simulation, Singleplayer, Realistic, Action, Character Customization, Family Friendly, Great Soundtrack, Controller, Gambling, Free to Play, Nudity",A popular game by Visual Concepts.,Visual Concepts,2K
265630,Fistful of Frags,,"PvP, Arena Shooter, FPS, PvE, Western, Survival, Shooter, First-Person, Historical, Funny, Action, Simulation, Comedy, Adventure, Massively Multiplayer, Co-op, Multiplayer, Online Co-Op, Free to Play, Mod",A popular game by Fistful of Frags Team.,Fistful of Frags Team,Fistful of Frags Team
481510,Night in the Woods,,"Story Rich, Adventure, Atmospheric, Stylized, Dark Humor, Exploration, Choices Matter, Singleplayer, Narrative, 2D, Psychological Horror, Hand-drawn, Cats, Mystery, Visual Novel, Platformer, Conversation, 2D Platformer, Funny, Capitalism",A popular game by Infinite Fall.,Infinite Fall,Finji
223830,Xenonauts,,"Turn-Based Strategy, Turn-Based Tactics, Turn-Based Combat, Base-Building, Grand Strategy, Management, Singleplayer, Strategy, Tactical, Aliens, Sci-fi, Indie, Isometric, Simulation, Turn-Based, Kickstarter, Cold War, 2D, Remake, Atmospheric",A popular game by Goldhawk Interactive.,Goldhawk Interactive,Goldhawk Interactive
606280,Darksiders III,,"Hack and Slash, Action, Female Protagonist, Souls-like, Singleplayer, Adventure, RPG, Action-Adventure, Open World, Violent, Third Person, Story Rich, Dark Fantasy, Atmospheric, Post-apocalyptic, Puzzle, Fantasy, Gore, Difficult, Dark",A popular game by Gunfire Games.,Gunfire Games,THQ Nordic
969990,SpongeBob SquarePants: Battle for Bikini Bottom - Rehydrated,,"3D Platformer, Adventure, Cult Classic, Remake, Multiplayer, Action, Family Friendly, Cartoon, Casual, Funny, Classic, Underwater, Great Soundtrack, Singleplayer, Co-op, Colorful, Comedy, Open World, Story Rich, Collectathon",A popular game by Purple Lamp.,Purple Lamp,THQ Nordic
667890,Dead Maze,,"Free to Play, Survival, Zombies, Multiplayer, Massively Multiplayer, Open World, 2D, Action, Adventure, Co-op, Post-apocalyptic, MMORPG, Crafting, Online Co-Op, Loot, Isometric, Character Customization, Fighting, Cartoony, Cartoon",A popular game by Atelier 801.,Atelier 801,Atelier 801
1515210,The Past Within,,"Co-op, Puzzle, Online Co-Op, Multiplayer, Escape Room, Horror, Mystery, Point & Click, Adventure, Indie, Psychological Horror, Local Co-Op, Story Rich, Atmospheric, Local Multiplayer, Asynchronous Multiplayer, Thriller, 2D, Surreal, 3D",A popular game by Rusty Lake.,Rusty Lake,Rusty Lake
839200,SpedV,,"Simulation, Free to Play",A popular game by Freie Programme Hohenstein.,Freie Programme Hohenstein,Freie Programme Hohenstein
22100,Mount & Blade,,"RPG, Medieval, Open World, Strategy, Sandbox, Action, Singleplayer, Adventure, Third Person, Multiplayer, Indie, Moddable, Historical, Action RPG, Character Customization, First-Person, Simulation, Replay Value, Fantasy, War",A popular game by TaleWorlds Entertainment.,TaleWorlds Entertainment,TaleWorlds Entertainment
936790,Life is Strange: True Colors,,"Choices Matter, Story Rich, LGBTQ+, Female Protagonist, Multiple Endings, Choose Your Own Adventure, Romance, Emotional, Third Person, Atmospheric, Drama, Adventure, Singleplayer, Action, Mystery, Cinematic, Stylized, Narrative, Mature, Supernatural",A popular game by Deck Nine.,Deck Nine,Square Enix
13520,Far Cry,,"FPS, Action, Classic, Shooter, Open World, First-Person, Singleplayer, Difficult, Stealth, Multiplayer, Adventure, Atmospheric, Story Rich, Sci-fi, Horror, Sandbox, Great Soundtrack, Co-op, Survival, Zombies",A popular game by Crytek Studios.,Crytek Studios,Ubisoft
1058020,"STAR WARS Battlefront (Classic, 2004)",,"Action, Multiplayer, Classic, FPS, Third-Person Shooter, Sci-fi, Singleplayer, Shooter, Space, First-Person, Great Soundtrack, Third Person, Co-op, Controller, Moddable, War",A popular game by Pandemic Studios.,Pandemic Studios,"Lucasfilm, LucasArts, Disney"
1388770,Cruelty Squad,,"Capitalism, Surreal, Immersive Sim, FPS, Psychological Horror, Psychedelic, Shooter, Cyberpunk, First-Person, Dark Humor, Lore-Rich, Stealth, Dystopian , Stylized, Action, Assassin, Retro, Tactical, Post-apocalyptic, Simulation",A popular game by Consumer Softproducts.,Consumer Softproducts,Consumer Softproducts
677120,Heroes of Hammerwatch,,"Rogue-lite, Action Roguelike, Co-op, Pixel Graphics, Multiplayer, Dungeon Crawler, RPG, Online Co-Op, Indie, Action, Adventure, 2D, Hack and Slash, Procedural Generation, Top-Down, Rogue-like, Bullet Hell, Singleplayer, Action RPG, Fantasy",A popular game by Crackshell.,Crackshell,Team17
457550,Bigscreen Beta,,"VR, Free to Play, Software, Open World, Utilities, Split Screen, Multiplayer, 3D, Movie, First-Person, Casual, Choose Your Own Adventure, Cinematic, Exploration, Simulation, Futuristic, Nature, Relaxing, Sci-fi, Conversation","A popular game by Bigscreen, Inc..","Bigscreen, Inc.","Bigscreen, Inc."
585690,Minimalism,,"Indie, Casual, Action, Difficult, Platformer, Adventure, Minimalist, 2D, Singleplayer",A popular game by PixelMouse.,PixelMouse,PixelMouse
10680,Aliens vs. Predator,,"Action, FPS, Aliens, Multiplayer, Sci-fi, Horror, Shooter, Singleplayer, Gore, First-Person, Stealth, Atmospheric, Survival, Co-op, Blood, Hunting, Survival Horror, Adventure, Online Co-Op, Strategy",A popular game by Rebellion.,Rebellion,SEGA
7760,X-COM: UFO Defense,,"Strategy, Classic, Turn-Based Strategy, Sci-fi, Aliens, Turn-Based, Tactical, Singleplayer, Turn-Based Tactics, Difficult, Isometric, Old School, Unforgiving, Base-Building, 1990's, Retro, Addictive, Simulation, Atmospheric, Management","A popular game by MicroProse Software, Inc.","MicroProse Software, Inc",2K
40300,Risen,,"RPG, Open World, Gothic, Fantasy, Adventure, Singleplayer, Atmospheric, Third Person, Exploration, Action, Magic, Dark Fantasy, Action RPG, Story Rich, Great Soundtrack, Medieval, Difficult, Classic, Sandbox, Character Customization","A popular game by Piranha Bytes, THQ Nordic.","Piranha Bytes, THQ Nordic",THQ Nordic
372800,RPG MO,,"Free to Play, RPG, MMORPG, Massively Multiplayer, Pixel Graphics, Multiplayer, Adventure, Open World, 2D, Early Access, Sandbox, Indie, Crafting, Fantasy, Isometric, Retro, Exploration, Relaxing, Base-Building, Agriculture",A popular game by Marxnet.,Marxnet,Marxnet
6910,Deus Ex: Game of the Year Edition,,"Cyberpunk, RPG, Stealth, Classic, Immersive Sim, FPS, Sci-fi, Cult Classic, Action, Singleplayer, Dystopian , Story Rich, Great Soundtrack, Inventory Management, First-Person, Atmospheric, Conspiracy, Moddable, Action RPG, Shooter",A popular game by Ion Storm.,Ion Storm,Eidos Interactive Corp.
283640,Salt and Sanctuary,,"Souls-like, Metroidvania, Dark Fantasy, 2D, Difficult, RPG, Action, Platformer, Indie, Local Co-Op, Atmospheric, Dark, Action RPG, Co-op, Gore, Side Scroller, Singleplayer, Adventure, Horror, Story Rich",A popular game by Ska Studios.,Ska Studios,Ska Studios
311340,METAL GEAR SOLID V: GROUND ZEROES,,"Stealth, Action, Tactical, Short, Singleplayer, Third Person, Story Rich, Cinematic, Open World, Replay Value, Atmospheric, Great Soundtrack, Adventure, Third-Person Shooter, Shooter, Sandbox, Classic, Cold War, Dark, Multiplayer",A popular game by KONAMI.,KONAMI,KONAMI
253900,Knights and Merchants,,"Strategy, Colony Sim, Medieval, City Builder, RTS, Simulation, Classic, Singleplayer, Historical, Multiplayer, Resource Management, Old School, Cult Classic, Great Soundtrack, Management, Difficult, 2D, Economy, Nostalgia, Action",A popular game by Topware Interactive.,Topware Interactive,Topware Interactive
362960,Tyranny,,"RPG, Choices Matter, Story Rich, Isometric, CRPG, Dark Fantasy, Adventure, Villain Protagonist, Singleplayer, Fantasy, Real-Time with Pause, Character Customization, Atmospheric, Party-Based RPG, Open World, Great Soundtrack, Turn-Based, Strategy, Female Protagonist, Action",A popular game by Obsidian Entertainment.,Obsidian Entertainment,Paradox Interactive
428690,Youtubers Life,,"Management, Singleplayer, Life Sim, Character Customization, Casual, Simulation, Comedy, Adventure, Memes, Family Friendly, Funny, Time Management, Indie, Cartoon, Female Protagonist, Resource Management, Strategy, Realistic, Open World, Sandbox",A popular game by UPLAY Online.,UPLAY Online,UPLAY Online
236870,HITMAN,,"Stealth, Action, Assassin, Third Person, Singleplayer, Tactical, Shooter, Open World, Atmospheric, Crime, Sandbox, Strategy, Story Rich, Episodic, Third-Person Shooter, Great Soundtrack, Adventure, Heist, Illuminati, Nudity","A popular game by IO Interactive A/S, Feral Interactive (Linux), Feral Interactive (Mac).","IO Interactive A/S, Feral Interactive (Linux), Feral Interactive (Mac)","IO Interactive A/S, Feral Interactive (Linux), Feral Interactive (Mac)"
41000,Serious Sam HD: The First Encounter,,"FPS, Action, Shooter, Co-op, Gore, Multiplayer, Comedy, Online Co-Op, Classic, First-Person, Old School, Indie, Singleplayer, Aliens, Difficult, Funny, Remake, Adventure, Sci-fi, Colorful",A popular game by Croteam.,Croteam,Devolver Digital
474960,Quantum Break,,"Action, Story Rich, Time Manipulation, Sci-fi, Singleplayer, Cinematic, Third Person, Third-Person Shooter, Choices Matter, Atmospheric, Time Travel, Episodic, Adventure, Shooter, Bullet Time, Great Soundtrack, Controller, Open World, FMV, Stealth",A popular game by Remedy Entertainment.,Remedy Entertainment,Xbox Game Studios
1544020,The Callisto Protocol,,"Horror, Sci-fi, Survival Horror, Third-Person Shooter, Space, Shooter, Action-Adventure, Third Person, PvE, Action, 3D, Story Rich, Linear, Realistic, Adventure, Robots, Cinematic, Dark, Futuristic, Singleplayer",A popular game by Striking Distance Studios.,Striking Distance Studios,"KRAFTON, Inc."
249230,Risen 3 - Titan Lords,,"RPG, Open World, Gothic, Adventure, Atmospheric, Singleplayer, Fantasy, Third Person, Dark Fantasy, Action RPG, Pirates, Action, Story Rich, Magic, Classic, Exploration, Nudity, Sandbox, Old School, Medieval",A popular game by Piranha Bytes.,Piranha Bytes,THQ Nordic
1225570,Unravel Two,,"Co-op, Local Co-Op, Multiplayer, Puzzle, Adventure, Split Screen, Action, Singleplayer, Cute, Family Friendly, Local Multiplayer, Colorful, Platformer, Atmospheric, Action-Adventure, Online Co-Op, Puzzle-Platformer, Controller, Indie, 2D",A popular game by Coldwood Interactive.,Coldwood Interactive,Electronic Arts
2100,Dark Messiah of Might & Magic,,"RPG, First-Person, Action, Fantasy, Swordplay, Dark Fantasy, Adventure, Magic, Classic, Singleplayer, Stealth, Multiple Endings, Medieval, Action RPG, Story Rich, Atmospheric, Gore, Immersive Sim, Hack and Slash, Multiplayer",A popular game by Arkane Studios.,Arkane Studios,Ubisoft
1061910,Metal: Hellsinger,,"Rhythm, FPS, Atmospheric, Singleplayer, Music, Shooter, Action, Demons, First-Person, Combat, Female Protagonist, Adventure, Score Attack, 3D, Dark Fantasy, Stylized, Dark, Cinematic, Narration, Fantasy",A popular game by The Outsiders.,The Outsiders,Funcom
304650,SUNLESS SEA,,"Exploration, Lovecraftian, Survival, Story Rich, Dark, Adventure, Atmospheric, Singleplayer, RPG, Rogue-like, Indie, Horror, Steampunk, Great Soundtrack, Open World, Rogue-lite, 2D, Top-Down, Kickstarter, Gothic",A popular game by Failbetter Games.,Failbetter Games,Failbetter Games
614570,Dishonored: Death of the Outsider,,"Stealth, Action, First-Person, Assassin, Female Protagonist, Steampunk, Singleplayer, Atmospheric, Story Rich, Violent, Magic, Adventure, Immersive Sim, Dark, Choices Matter, Open World, Gore, FPS, Parkour, Fantasy",A popular game by Arkane Studios.,Arkane Studios,Bethesda Softworks
234630,Project CARS,,"Racing, Simulation, Automobile Sim, Driving, Multiplayer, Realistic, Sports, Singleplayer, Physics, VR, Atmospheric, First-Person, Controller, Action, Open World, Third Person, Co-op, Arcade, TrackIR, Indie",A popular game by Slightly Mad Studios.,Slightly Mad Studios,"Codemasters, Slightly Mad Studios, Electronic Arts"
626690,Sword Art Online: Fatal Bullet,,"Anime, RPG, Character Customization, Action, Multiplayer, JRPG, Third-Person Shooter, Open World, Shooter, Third Person, Co-op, Singleplayer, MMORPG, Online Co-Op, Fantasy, Sexual Content, Nudity, Great Soundtrack, Visual Novel, FPS",A popular game by Dimps Corporation.,Dimps Corporation,BANDAI NAMCO Entertainment
515180,Bus Simulator 18,,"Simulation, Automobile Sim, Driving, Multiplayer, Realistic, Open World, Singleplayer, Co-op, First-Person, Management, Action, Strategy, Mod, Moddable, VR",A popular game by stillalive studios.,stillalive studios,astragon Entertainment
298630,The Escapists,,"Pixel Graphics, Strategy, Crafting, Singleplayer, 2D, Simulation, Indie, Action, Survival, Difficult, Adventure, Puzzle, RPG, Top-Down, Multiplayer, Sandbox, Funny, Comedy, Co-op, Rogue-like",A popular game by Mouldy Toof Studios.,Mouldy Toof Studios,Team17
20540,Company of Heroes: Tales of Valor,,"Strategy, RTS, World War II, Military, Multiplayer, Base-Building, Singleplayer, Action, War, Tactical, Historical, Co-op",A popular game by Relic Entertainment.,Relic Entertainment,SEGA
7670,BioShock,,"FPS, Atmospheric, Story Rich, Action, Singleplayer, Horror, Steampunk, First-Person, Shooter, Sci-fi, Classic, RPG, Dystopian , Adventure, Underwater, Immersive, Dark, Political, Great Soundtrack, Alternate History","A popular game by 2K Boston, 2K Australia.","2K Boston, 2K Australia",2K
1178830,Bright Memory: Infinite,,"Action, Female Protagonist, Sexual Content, FPS, Indie, Singleplayer, Shooter, Sci-fi, Hack and Slash, First-Person, Mature, Gore, Violent, Souls-like, Character Customization, Short, Multiplayer, Swordplay, Futuristic, Realistic",A popular game by FYQD-Studio.,FYQD-Studio,"FYQD-Studio, PLAYISM"
953490,CARRION,,"Villain Protagonist, Pixel Graphics, Gore, Action, Horror, Indie, Metroidvania, Violent, 2D, Adventure, Singleplayer, Blood, Puzzle, Physics, Lovecraftian, Sci-fi, Platformer, Mature, Atmospheric, Great Soundtrack",A popular game by Phobia Game Studio.,Phobia Game Studio,Devolver Digital
22300,Fallout 3,,"Open World, Post-apocalyptic, RPG, Singleplayer, Exploration, First-Person, Sci-fi, Moddable, Adventure, Action, FPS, Atmospheric, Shooter, Character Customization, Third Person, Story Rich, Sandbox, Action RPG, Horror, Female Protagonist",A popular game by Bethesda Game Studios.,Bethesda Game Studios,Bethesda Softworks
558100,Art of War: Red Tides,,"Free to Play, Strategy, Multiplayer, RTS, Early Access, War, MOBA, Action, Indie, Co-op, Violent, Singleplayer, Casual, Sci-fi, PvP, Zombies, Auto Battler, Horror, Adventure, Survival",A popular game by Game Science.,Game Science,Game Science
689580,TurnSignal,,"Utilities, VR, Software Training, Free to Play, Software",A popular game by Ben Otter.,Ben Otter,Otter-Co
257850,Hyper Light Drifter,,"Pixel Graphics, Great Soundtrack, Atmospheric, Adventure, Indie, Difficult, Action, Hack and Slash, Singleplayer, Exploration, RPG, 2D, Colorful, Top-Down, Post-apocalyptic, Action RPG, Metroidvania, Souls-like, Fantasy, Sci-fi",A popular game by Heart Machine.,Heart Machine,Heart Machine
1030210,Torchlight III,,"RPG, Adventure, Hack and Slash, Action, Loot, Action RPG, Dungeon Crawler, Online Co-Op, Isometric, Co-op, Multiplayer, Singleplayer, Fantasy, Controller, Steampunk, Open World, Character Customization, Early Access",A popular game by Echtra Inc..,Echtra Inc.,XD
396750,EVERSPACE,,"Space, Action Roguelike, Action, Indie, Sci-fi, Space Sim, Rogue-lite, Singleplayer, Flight, Shooter, VR, Rogue-like, 6DOF, Exploration, Survival, Difficult, Arcade, Great Soundtrack, Simulation, First-Person",A popular game by ROCKFISH Games.,ROCKFISH Games,ROCKFISH Games
360,Half-Life Deathmatch: Source,,"Action, FPS, Multiplayer, Shooter, Sci-fi, First-Person, Classic, Remake, Violent, Adventure, Competitive, Fast-Paced, Singleplayer, Atmospheric, Horror, Retro, Gore, Great Soundtrack, Arena Shooter",A popular game by Valve.,Valve,Valve
17410,Mirror's Edge,,"Action-Adventure, Parkour, First-Person, Exploration, 3D Platformer, Female Protagonist, Singleplayer, Platformer, Puzzle, Cyberpunk, Action, Colorful, Dystopian , Stylized, Atmospheric, Sci-fi, Futuristic, Great Soundtrack, Adventure, Time Attack",A popular game by DICE.,DICE,Electronic Arts
407530,ARK: Survival Of The Fittest,,"Free to Play, Survival, Dinosaurs, Multiplayer, Open World, Action, Adventure, Massively Multiplayer, PvP, Dragons, Early Access, Crafting, RPG, First-Person, Singleplayer, Strategy, Exploration, FPS, Sandbox, Indie","A popular game by Studio Wildcard, Instinct Games, Efecto Studios, Virtual Basement LLC.","Studio Wildcard, Instinct Games, Efecto Studios, Virtual Basement LLC",Studio Wildcard
389570,Mitos.is: The Game,,"Free to Play, Multiplayer, Massively Multiplayer, Strategy, 2D, Survival, Funny, Casual, Simulation, PvP, Online Co-Op, Indie, Family Friendly, Difficult, Arcade, Singleplayer, Comedy, Illuminati, Life Sim, RTS",A popular game by Freakinware Studios.,Freakinware Studios,Freakinware Studios
17470,Dead Space (2008),,"Horror, Sci-fi, Action, Space, Survival Horror, Third Person, Atmospheric, Singleplayer, Third-Person Shooter, Gore, Shooter, Aliens, Dark, Futuristic, Story Rich, Silent Protagonist, Survival, Adventure, Zombies, Immersive",A popular game by EA Redwood Shores.,EA Redwood Shores,Electronic Arts
322500,SUPERHOT,,"Action, FPS, Bullet Time, Time Manipulation, Indie, Singleplayer, First-Person, Shooter, Puzzle, Minimalist, Short, Difficult, Cyberpunk, Kickstarter, Fast-Paced, Violent, Sci-fi, Casual, Gore, Adventure",A popular game by SUPERHOT Team.,SUPERHOT Team,SUPERHOT Team
235600,Tom Clancy’s Splinter Cell Blacklist,,"Stealth, Action, Co-op, Third Person, Singleplayer, Multiplayer, Shooter, Adventure, Tactical, Third-Person Shooter, Online Co-Op, Parkour, Story Rich, FPS, Controller, Strategy, Atmospheric, First-Person, RPG, Mature",A popular game by Ubisoft Toronto.,Ubisoft Toronto,Ubisoft
12140,Max Payne,,"Action, Noir, Classic, Third-Person Shooter, Bullet Time, Story Rich, Atmospheric, Dark, Third Person, Singleplayer, Shooter, Great Soundtrack, Detective, Crime, Linear, Violent, Cinematic, Adventure, Psychological Horror, Horror",A popular game by Remedy Entertainment.,Remedy Entertainment,Rockstar Games
32500,STAR WARS: The Force Unleashed II,,"Action, Singleplayer, Hack and Slash, Third Person, Sci-fi, Adventure, Controller, Story Rich, Fantasy, Space, RPG, Atmospheric, Difficult, Physics, Great Soundtrack",A popular game by Aspyr Studios.,Aspyr Studios,"LucasArts, Lucasfilm, Disney"
1954200,Kena: Bridge of Spirits,,"Action, Adventure, Souls-like, Action-Adventure, Female Protagonist, Exploration, 3D Platformer, Third Person, Cinematic, Atmospheric, Fantasy, Magic, 3D, Nature, Story Rich, Combat, Singleplayer, Controller, Indie, Mystery",A popular game by Ember Lab.,Ember Lab,Ember Lab
332310,LEGO Worlds,,"LEGO, Open World, Building, Sandbox, Adventure, Multiplayer, Exploration, Family Friendly, Singleplayer, Third Person, Funny, Early Access, Destruction, Co-op, Action, Comedy, Simulation, Casual, Walking Simulator, Voxel","A popular game by TT Games, Traveller's Tales.","TT Games, Traveller's Tales",Warner Bros. Interactive Entertainment
12100,Grand Theft Auto III,,"Open World, Action, Automobile Sim, Classic, Third Person, Crime, Singleplayer, Driving, Sandbox, Shooter, Third-Person Shooter, Great Soundtrack, Violent, Adventure, Atmospheric, Silent Protagonist, Mature, Story Rich, Moddable, Multiplayer",A popular game by Rockstar Games.,Rockstar Games,Rockstar Games
1755910,Capcom Arcade 2nd Stadium,,"Action, Arcade, 2D Platformer, 2D Fighter, Side Scroller, Free to Play, 2D, 1990's, 1980s, 3D, Singleplayer, Local Multiplayer, Local Co-Op, Retro, 4 Player Local, Multiplayer, Fighting","A popular game by CAPCOM Co., Ltd..","CAPCOM Co., Ltd.","CAPCOM Co., Ltd."
1262600,Need for Speed Rivals,,"Racing, Driving, Open World, Multiplayer, Combat Racing, PvP, Action, Arcade, Third Person, First-Person, Sports, Atmospheric, Singleplayer, Adventure, Co-op, Destruction, Online Co-Op, Split Screen, War, Psychological Horror",A popular game by Criterion Games.,Criterion Games,Electronic Arts
399810,Call of Cthulhu,,"Lovecraftian, Horror, Psychological Horror, Adventure, Detective, Atmospheric, Story Rich, Singleplayer, Mystery, First-Person, RPG, Narration, Walking Simulator, Dark, Choices Matter, Survival Horror, Stealth, Gore, FPS, Open World",A popular game by Cyanide Studio.,Cyanide Studio,Focus Entertainment
217750,Age of Conan: Unchained,,"Free to Play, Massively Multiplayer, RPG, Adventure, Action, Nudity, MMORPG, Gore, Multiplayer, Sexual Content, Fantasy, Mature, Combat, Action RPG, Hack and Slash, Story Rich, Third Person, Swordplay, PvE, PvP",A popular game by Funcom.,Funcom,Funcom
1372280,MELTY BLOOD: TYPE LUMINA,,"Fighting, 2D Fighter, Anime, Pixel Graphics, Vampire, Arcade, Multiplayer, Competitive, PvP, Story Rich, Spectacle fighter, Lore-Rich, e-sports, Action, Controller, 2D, Modern, Visual Novel, Singleplayer, Tutorial","A popular game by FRENCH-BREAD, TYPE-MOON, Lasengle Inc., TAMSOFT CORPORATION, GameLoop Inc..","FRENCH-BREAD, TYPE-MOON, Lasengle Inc., TAMSOFT CORPORATION, GameLoop Inc.",Lasengle Inc.
288160,The Room,,"Puzzle, Mystery, Point & Click, Atmospheric, Singleplayer, Adventure, Indie, Hidden Object, Short, Horror, Casual, First-Person, Beautiful, Escape Room, Dark, Steampunk, Lovecraftian, Touch-Friendly, Story Rich, Multiplayer",A popular game by Fireproof Games.,Fireproof Games,Fireproof Games
548570,RAGE 2,,"Action, FPS, Open World, Post-apocalyptic, Vehicular Combat, Automobile Sim, Singleplayer, Gore, Shooter, Violent, First-Person, Multiplayer, Blood, Funny, Exploration, Sci-fi, Adventure, Cyberpunk, Racing, Sandbox","A popular game by id Software, Avalanche Studios.","id Software, Avalanche Studios",Bethesda Softworks
232770,POSTAL,,"Horror, Villain Protagonist, Psychological Horror, Top-Down Shooter, Shooter, Twin Stick Shooter, Isometric, Difficult, Dark Humor, Top-Down, Dark Comedy, Surreal, Action, 1990's, Psychological, Atmospheric, Linear, Hand-drawn, Comedy, Level Editor",A popular game by Running With Scissors.,Running With Scissors,Running With Scissors
212480,Sonic & All-Stars Racing Transformed Collection,,"Racing, Local Multiplayer, Multiplayer, Great Soundtrack, Local Co-Op, Sports, Split Screen, Arcade, Replay Value, 4 Player Local, Controller, Family Friendly, Online Co-Op, Singleplayer, Fast-Paced, Colorful, Action, Co-op, Adventure, Touch-Friendly",A popular game by Sumo Digital.,Sumo Digital,SEGA
16450,F.E.A.R. 2: Project Origin,,"Horror, FPS, Action, Gore, Singleplayer, Shooter, Multiplayer, Bullet Time, Psychological Horror, First-Person, Atmospheric, Co-op, Jump Scare, Classic, Sci-fi, Violent, Story Rich, Nudity, Sequel, Survival Horror",A popular game by Monolith.,Monolith,"Warner Bros. Games, Warner Bros. Interactive Entertainment"
39200,Dungeon Siege II,,"RPG, Fantasy, Action RPG, Hack and Slash, Singleplayer, Adventure, Party-Based RPG, Co-op, Classic, Action, Dungeon Crawler, Isometric, Dwarf, Multiplayer, Real-Time with Pause, Loot, Character Customization",A popular game by Gas Powered Games.,Gas Powered Games,Square Enix
1771980,The Operator,,"Detective, Investigation, Conspiracy, Puzzle, Atmospheric, Mystery, Immersive Sim, Thriller, Simulation, Crime, Narration, Point & Click, FMV, Narrative, Story Rich, Interactive Fiction, Adventure, Choose Your Own Adventure, Visual Novel, RPG",A popular game by Bureau 81.,Bureau 81,"Bureau 81, indienova"
939850,The Dark Pictures Anthology: Man of Medan,,"Choices Matter, Co-op, Horror, Adventure, Multiplayer, Cinematic, Story Rich, Gore, Violent, Singleplayer, Quick-Time Events, Survival Horror, Atmospheric, Psychological Horror, Third Person, Local Multiplayer, Nudity, Action, Sexual Content, Female Protagonist",A popular game by Supermassive Games.,Supermassive Games,BANDAI NAMCO Entertainment Europe
333930,Dirty Bomb,,"Hero Shooter, Free to Play, FPS, Multiplayer, Shooter, Action, Team-Based, First-Person, Fast-Paced, Co-op, PvP, Class-Based, Competitive, Massively Multiplayer, Parkour, Post-apocalyptic, Controller, Singleplayer, Open World, Gore",A popular game by Splash Damage.,Splash Damage,Warchest Ltd.
368230,Kingdom: Classic,,"Free to Play, Strategy, Singleplayer, Simulation, Base-Building, Building, 2D, Management, Resource Management, RPG, Pixel Graphics, Fantasy, Survival, Casual, Adventure, City Builder, Indie, Colony Sim, Tower Defense, Atmospheric","A popular game by Noio, Licorice.","Noio, Licorice",Raw Fury
41500,Torchlight,,"RPG, Action RPG, Hack and Slash, Dungeon Crawler, Fantasy, Singleplayer, Loot, Indie, Moddable, Action, Adventure, Isometric, Magic, Cartoon, Exploration, Top-Down, Female Protagonist, Steampunk, Great Soundtrack, Multiplayer",A popular game by Runic Games.,Runic Games,XD
9350,Supreme Commander,,"Strategy, RTS, Sci-fi, Multiplayer, Base-Building, Real-Time, Co-op, Real-Time with Pause, Singleplayer, Robots, Action, Classic, Space, War, Great Soundtrack",A popular game by Gas Powered Games.,Gas Powered Games,Square Enix
1288310,Firework,,"Horror, Indie, Puzzle, Drama, 2D, Mystery, Atmospheric, Singleplayer, Psychological Horror, Visual Novel, Thriller, Old School, Hand-drawn, Retro, Supernatural, RPG, Puzzle-Platformer, Narration, Conversation, Text-Based",A popular game by Shiying Studio.,Shiying Studio,Gamirror Games
1010750,Blood Fresh Supply,,"FPS, Shooter, 2.5D, Horror, First-Person, Action, Old School, 1990's, Retro, Pixel Graphics, Atmospheric, Dark, 4 Player Local, Co-op Campaign, Co-op, Local Co-Op, Multiplayer, Local Multiplayer, Singleplayer, Online Co-Op","A popular game by Nightdive Studios, Monolith Productions.","Nightdive Studios, Monolith Productions",Atari
427190,DEAD RISING,,"Zombies, Action, Adventure, Singleplayer, Open World, Third Person, Survival, Gore, Sandbox, Funny, Classic, Horror, Survival Horror, Comedy, Great Soundtrack, Difficult, Memes, Multiplayer, Beat 'em up, Nudity",A popular game by Capcom.,Capcom,Capcom
421020,DiRT 4,,"Racing, Automobile Sim, Simulation, Multiplayer, Driving, Offroad, Sports, Realistic, Singleplayer, Arcade, Atmospheric, Open World, Action, VR, Controller, Online Co-Op, Difficult, Co-op, Great Soundtrack, Adventure","A popular game by Codemasters, Feral Interactive (Mac), Feral Interactive (Linux).","Codemasters, Feral Interactive (Mac), Feral Interactive (Linux)","Codemasters, Feral Interactive (Mac), Feral Interactive (Linux), Electronic Arts"
611660,Fallout 4 VR,,"VR, Open World, Post-apocalyptic, RPG, Singleplayer, Shooter, Survival, FPS, Action, First-Person, Violent, Adventure, Atmospheric, Base-Building, Gore, Character Customization, Great Soundtrack, Sexual Content, Stealth, Building",A popular game by Bethesda Game Studios.,Bethesda Game Studios,Bethesda Softworks
6030,STAR WARS Jedi Knight II - Jedi Outcast,,"Action, Classic, Sci-fi, FPS, Multiplayer, Third Person, Singleplayer, Shooter, Story Rich, Adventure, Third-Person Shooter, First-Person, Cult Classic, Great Soundtrack, Swordplay, Space, Atmospheric, Moddable, Hack and Slash, Local Multiplayer",A popular game by Raven Software.,Raven Software,"LucasArts, Lucasfilm, Disney"
13230,Unreal Tournament 2004: Editor's Choice Edition,,"FPS, Arena Shooter, Action, Classic, Multiplayer, Fast-Paced, Sci-fi, Competitive, First-Person, Shooter, Moddable, Great Soundtrack, Singleplayer, e-sports, Atmospheric, Co-op, Epic, Gore, Old School, Adventure","A popular game by Epic Games, Inc..","Epic Games, Inc.","Epic Games, Inc."
625340,XERA: Survival,,"Base-Building, Open World Survival Craft, Multiplayer, Free to Play, Survival, Crafting, Open World, Post-apocalyptic, Robots, Building, Sandbox, Shooter, Massively Multiplayer, Action, FPS, Third-Person Shooter, Looter Shooter, PvP, PvE, Third Person",A popular game by Spotted Kiwi Interactive.,Spotted Kiwi Interactive,Spotted Kiwi Interactive
562810,MONOPOLY PLUS,,"Board Game, Multiplayer, Family Friendly, Casual, Turn-Based Strategy, Local Multiplayer, Tabletop, Singleplayer, Capitalism, Strategy, Economy, Local Co-Op, Simulation, Funny, 3D, Colorful, PvP, Logic, Grid-Based Movement, Resource Management",A popular game by Ubisoft Pune.,Ubisoft Pune,Ubisoft
1233570,Mirror's Edge Catalyst,,"Parkour, Female Protagonist, Open World, Runner, First-Person, 3D Platformer, Cyberpunk, Action-Adventure, Action, Platformer, Puzzle-Platformer, Sci-fi, Dystopian , Stylized, Atmospheric, Adventure, Combat, Singleplayer, Multiplayer, Martial Arts",A popular game by DICE.,DICE,Electronic Arts
954740,Terminator: Resistance,,"FPS, Post-apocalyptic, Choices Matter, Sci-fi, Open World, First-Person, Singleplayer, RPG, Story Rich, Robots, Action, Multiple Endings, Atmospheric, Futuristic, Crafting, Adventure, Violent, Shooter, Great Soundtrack, Cinematic",A popular game by Teyon.,Teyon,Reef Entertainment
24240,PAYDAY The Heist,,"FPS, Action, Co-op, Heist, Multiplayer, Crime, Online Co-Op, Shooter, First-Person, Great Soundtrack, Team-Based, Stealth, Difficult, Tactical, Strategy, Singleplayer, Simulation, RPG, Indie, Adventure",A popular game by OVERKILL - a Starbreeze Studio..,OVERKILL - a Starbreeze Studio.,Starbreeze Entertainment
1056960,Wolfenstein: Youngblood,,"Action, Co-op, FPS, Female Protagonist, Singleplayer, Violent, Gore, Alternate History, Online Co-Op, Shooter, First-Person, Sci-fi, 1980s, Cyberpunk, Story Rich, Great Soundtrack, RPG, Multiplayer, Adventure, Atmospheric","A popular game by MachineGames, Arkane Studios.","MachineGames, Arkane Studios",Bethesda Softworks
823500,BONEWORKS,,"VR, Physics, Action, Sandbox, Shooter, Singleplayer, Great Soundtrack, Adventure, Puzzle, First-Person, Realistic, Simulation, FPS, Violent, Indie, Horror, Parkour, Sci-fi, Gore, Funny",A popular game by Stress Level Zero.,Stress Level Zero,Stress Level Zero
215530,The Incredible Adventures of Van Helsing,,"RPG, Hack and Slash, Action RPG, Action, Adventure, Indie, Loot, Co-op, Fantasy, Steampunk, Multiplayer, Dungeon Crawler, Singleplayer, Isometric, Dark Fantasy, Gothic, Vampire, Funny, Magic, Based On A Novel",A popular game by NeocoreGames.,NeocoreGames,NeocoreGames
798420,Professional Fishing,,"Fishing, Free to Play, Simulation, Multiplayer, Massively Multiplayer, Casual, Open World, Action, Sports, Realistic, Adventure, Family Friendly, Singleplayer, Relaxing, Online Co-Op, Atmospheric, First-Person, Indie, Exploration, Psychological Horror",A popular game by MasterCode.,MasterCode,Ultimate Games S.A.
1522870,Supraland Six Inches Under,,"Puzzle-Platformer, Metroidvania, Exploration, First-Person, Adventure, Puzzle, FPS, Combat, Cartoon, Cute, Colorful, Singleplayer, Collectathon, Funny, Open World, Shooter, Action-Adventure, Relaxing, Political, Action",A popular game by Supra Games.,Supra Games,Supra Games
316010,Magic Duels,,"Free to Play, Card Game, Trading Card Game, Magic, Strategy, Multiplayer, Fantasy, Singleplayer, Co-op, Turn-Based, Online Co-Op, Great Soundtrack, Action, Board Game, Casual, Funny",A popular game by Stainless Games Ltd..,Stainless Games Ltd.,Wizards of the Coast LLC
224760,FEZ,,"Platformer, Indie, Puzzle, Pixel Graphics, Exploration, Great Soundtrack, Singleplayer, Adventure, Casual, Mystery, Puzzle-Platformer, 2D, Beautiful, Relaxing, Atmospheric, 2.5D, Cute, Retro, Controller, Metroidvania",A popular game by Polytron Corporation.,Polytron Corporation,Trapdoor
237110,Mortal Kombat Komplete Edition,,"Fighting, Gore, Action, Violent, Multiplayer, Classic, Blood, Co-op, Arcade, Nostalgia, Singleplayer, 2D Fighter, Competitive, Local Multiplayer, Local Co-Op, Replay Value, 2.5D, Remake, Beat 'em up, 2D","A popular game by NetherRealm Studios, High Voltage Software.","NetherRealm Studios, High Voltage Software",Warner Bros. Interactive Entertainment
258970,Gauntlet Slayer Edition,,"Co-op, Dungeon Crawler, Hack and Slash, Local Co-Op, Action, RPG, Multiplayer, Adventure, Top-Down, 4 Player Local, Online Co-Op, Arcade, Remake, Local Multiplayer, Fantasy, Classic, Action RPG, Isometric, Old School, Casual",A popular game by Arrowhead Game Studios.,Arrowhead Game Studios,WB Games
738520,Breathedge,,"Open World Survival Craft, Space, Singleplayer, Survival, Sandbox, Indie, Base-Building, Sci-fi, First-Person, Atmospheric, Adventure, Crafting, Open World, Exploration, Action, Aliens, Early Access, Simulation, Action-Adventure, Futuristic",A popular game by RedRuins Softworks.,RedRuins Softworks,"HypeTrain Digital, RedRuins Softworks"
597820,BIOMUTANT,,"Open World, Action, Singleplayer, RPG, Adventure, Character Customization, Post-apocalyptic, Third Person, Hack and Slash, Fantasy, Atmospheric, Exploration, Action RPG, Multiplayer, Martial Arts, Cute, Story Rich, Sci-fi, Indie, Souls-like",A popular game by Experiment 101.,Experiment 101,THQ Nordic
468920,Ultimate Fishing Simulator,,"3D, America, Fishing, Simulation, Sports, Nature, Immersive Sim, Atmospheric, Exploration, Casual, Multiplayer, Singleplayer, Realistic, Online Co-Op, Open World, First-Person, Relaxing, Sandbox, FPS, Family Friendly","A popular game by Ultimate Games S.A., Bit Golem.","Ultimate Games S.A., Bit Golem","Ultimate Games S.A., PlayWay S.A."
242640,Styx: Master of Shadows,,"Stealth, Singleplayer, Action, Adventure, Atmospheric, Violent, Story Rich, Third Person, Assassin, Parkour, Dark Fantasy, Fantasy, RPG, Steampunk, Magic, Difficult, Open World, Great Soundtrack, Multiplayer, Indie",A popular game by Cyanide Studio.,Cyanide Studio,"Cyanide Studio, Nacon"
294860,Valkyria Chronicles,,"Anime, Strategy, Turn-Based, Story Rich, JRPG, RPG, Tactical, Singleplayer, Great Soundtrack, Strategy RPG, Tactical RPG, War, Tanks, Third Person, Turn-Based Strategy, Action, World War II, Romance, Female Protagonist, Classic",A popular game by SEGA.,SEGA,SEGA
225260,Brutal Legend,,"Action, Comedy, Adventure, Great Soundtrack, Open World, Music, Hack and Slash, Strategy, Third Person, Funny, RTS, Fantasy, Singleplayer, Gothic, Action-Adventure, Multiplayer, Atmospheric, Beat 'em up, RPG, Action RPG",A popular game by Double Fine Productions.,Double Fine Productions,Double Fine Productions
519860,DUSK,,"Boomer Shooter, FPS, Retro, Shooter, Fast-Paced, Old School, Horror, First-Person, Great Soundtrack, Lovecraftian, 1990's, Action, Singleplayer, Dark Humor, Atmospheric, Classic, Arena Shooter, Blood, Level Editor, PvP",A popular game by David Szymanski.,David Szymanski,New Blood Interactive
2012510,Stormgate,,"Early Access, RTS, Base-Building, Strategy, Multiplayer, War, e-sports, Free to Play, Futuristic, Top-Down, Building, PvP, Fantasy, Moddable, Singleplayer, PvE, 3D, Modern, Space, Action",A popular game by Frost Giant Studios.,Frost Giant Studios,Frost Giant Studios
21100,F.E.A.R. 3,,"FPS, Horror, Co-op, Action, Multiplayer, Shooter, Singleplayer, Gore, First-Person, Online Co-Op, Bullet Time, Sci-fi, Adventure, Co-op Campaign, Zombies, Atmospheric, Story Rich, Mechs, Controller, Short",A popular game by Day 1 Studios.,Day 1 Studios,Warner Bros. Interactive Entertainment
1810580,Nobody - The Turnaround,,"Early Access, Life Sim, Simulation, Survival, Realistic, Sandbox, Open World, Strategy, Choices Matter, Emotional, Resource Management, Management, Romance, Multiple Endings, Character Customization, Story Rich, Adventure, Singleplayer, Atmospheric, Choose Your Own Adventure",A popular game by U.Ground Game Studio.,U.Ground Game Studio,Thermite Games
650700,Yume Nikki,,"Indie, Free to Play, RPGMaker, Psychological Horror, Surreal, Exploration, Pixel Graphics, Horror, Walking Simulator, Atmospheric, Psychological, Female Protagonist, 2D, Singleplayer, Dark, Adventure, Experimental, Silent Protagonist, Cute, Casual",A popular game by kikiyama.,kikiyama,PLAYISM
462930,AdVenture Communist,,"Free to Play, Clicker, Casual, Singleplayer, Early Access, Simulation, Indie, Strategy, Funny, Family Friendly, Memes, Great Soundtrack, Idler, Adventure, Capitalism, Point & Click, Psychological Horror",A popular game by Hyper Hippo Games.,Hyper Hippo Games,Hyper Hippo Games
12150,Max Payne 2: The Fall of Max Payne,,"Action, Noir, Third-Person Shooter, Classic, Bullet Time, Story Rich, Shooter, Singleplayer, Atmospheric, Third Person, Dark, Great Soundtrack, Cinematic, Crime, Detective, Adventure, Narrative, Cult Classic, Sequel, Nudity",A popular game by Remedy Entertainment.,Remedy Entertainment,Rockstar Games
29900,Dark Sector,,"Action, Third-Person Shooter, Gore, Singleplayer, Shooter, Third Person, Violent, Horror, Sci-fi, Multiplayer, Difficult, Co-op, Atmospheric, Hack and Slash",A popular game by Digital Extremes.,Digital Extremes,Digital Extremes
554620,Life is Strange: Before the Storm,,"Story Rich, Choices Matter, Great Soundtrack, Female Protagonist, Atmospheric, Singleplayer, Episodic, Adventure, Choose Your Own Adventure, Multiple Endings, Third Person, Drama, Mystery, Action, Indie, LGBTQ+, Walking Simulator, Point & Click, Psychological Horror, Memes","A popular game by Deck Nine, Feral Interactive (Mac), Feral Interactive (Linux).","Deck Nine, Feral Interactive (Mac), Feral Interactive (Linux)","Square Enix, Feral Interactive (Mac), Feral Interactive (Linux)"
280790,Creativerse,,"Exploration, Sandbox, Voxel, Building, Crafting, Survival, Adventure, Open World Survival Craft, First-Person, Fantasy, Indie, Multiplayer, Family Friendly, Singleplayer, Online Co-Op, RPG, Action-Adventure, Open World, Third Person, Co-op",A popular game by Playful Corp..,Playful Corp.,Playful Corp.
130,Half-Life: Blue Shift,,"FPS, Action, Sci-fi, Singleplayer, Shooter, Aliens, Classic, First-Person, Zombies, Adventure, 1990's, Short, Atmospheric, Silent Protagonist, Story Rich, Puzzle, Moddable, Retro, Great Soundtrack, Violent",A popular game by Gearbox Software.,Gearbox Software,Valve
218680,Scribblenauts Unlimited,,"Puzzle, Casual, Adventure, Sandbox, Family Friendly, Singleplayer, 2D, Funny, Comedy, Open World, Cute, Education, Strategy, Fantasy, Moddable, Platformer, Replay Value, Multiplayer, Action, Indie",A popular game by 5th Cell Media.,5th Cell Media,Warner Bros. Interactive Entertainment
332800,Five Nights at Freddy's 2,,"Horror, Singleplayer, Survival Horror, Robots, Psychological Horror, Difficult, First-Person, Indie, Dark, Survival, Point & Click, Strategy, Atmospheric, Story Rich, Mystery, Fast-Paced, Jump Scare, Resource Management, Historical, Perma Death",A popular game by Scott Cawthon.,Scott Cawthon,Scott Cawthon
529180,Dark and Light,,"Open World, Survival, Massively Multiplayer, RPG, Sandbox, Fantasy, Adventure, Magic, MMORPG, Early Access, Open World Survival Craft, Action, Multiplayer, Dragons, Simulation, Crafting, Base-Building, Medieval, PvP, Singleplayer",A popular game by Snail Games USA.,Snail Games USA,Snail Games USA
71340,Sonic Generations Collection,,"Platformer, Great Soundtrack, Action, Fast-Paced, 3D Platformer, Singleplayer, 2D, Moddable, Adventure, Family Friendly, Classic, Colorful, Retro, Time Travel, 3D, Controller, Third Person, Replay Value, 3D Vision, Funny",A popular game by Devil's Details.,Devil's Details,SEGA
201790,Orcs Must Die! 2,,"Tower Defense, Co-op, Action, Strategy, Online Co-Op, Indie, Multiplayer, Third Person, RPG, Third-Person Shooter, Adventure, Comedy, Singleplayer, Cartoony, Shooter, Fantasy, Female Protagonist, Controller, Funny, Great Soundtrack",A popular game by Robot Entertainment.,Robot Entertainment,Robot Entertainment
63380,Sniper Elite V2,,"Sniper, Action, Stealth, World War II, Co-op, Shooter, Third-Person Shooter, Multiplayer, Singleplayer, Third Person, War, Bullet Time, FPS, Tactical, Online Co-Op, Historical, Gore, Strategy, Simulation, Adventure",A popular game by Rebellion.,Rebellion,Rebellion
215280,Secret World Legends,,"MMORPG, Massively Multiplayer, Lovecraftian, RPG, Horror, Story Rich, Illuminati, Conspiracy, Open World, Action, Free to Play, Supernatural, Mythology, Adventure, Exploration, Puzzle, Multiplayer, Character Customization, Zombies, Third Person",A popular game by Funcom.,Funcom,Funcom
9200,RAGE,,"FPS, Post-apocalyptic, Action, Open World, Shooter, Singleplayer, First-Person, Racing, Multiplayer, Sci-fi, Co-op, Gore, Atmospheric, Adventure, RPG, Horror, Crafting, Survival, Linear, Online Co-Op",A popular game by id Software.,id Software,Bethesda Softworks
620590,Ancestors Legacy,,"Strategy, Medieval, RTS, Historical, Violent, Tactical, Real-Time, War, Multiplayer, Great Soundtrack, Atmospheric, Singleplayer, Vikings, Action, Gore, Co-op, Base-Building, Real Time Tactics, City Builder, Local Multiplayer",A popular game by Destructive Creations.,Destructive Creations,Destructive Creations
321360,Primal Carnage: Extinction,,"Dinosaurs, Multiplayer, PvP, FPS, Character Customization, Class-Based, Team-Based, Arcade, Action, Shooter, Combat, First-Person, Third Person, Online Co-Op, Singleplayer, Gore, Violent, Hero Shooter, Controller, Competitive","A popular game by Circle Five Studios, Pub Games.","Circle Five Studios, Pub Games",Circle Five Publishing
330830,Tales from the Borderlands,,"Comedy, Adventure, Story Rich, Choices Matter, Singleplayer, Episodic, Point & Click, Funny, Choose Your Own Adventure, Action, Atmospheric, Quick-Time Events, Great Soundtrack, Dark Humor, Sci-fi, Memes, Female Protagonist, Visual Novel, RPG, Casual",A popular game by Telltale Games.,Telltale Games,2K
583950,Artifact,,"Card Battler, Deckbuilding, Card Game, Trading Card Game, Strategy, Multiplayer, e-sports, Tactical, Competitive, Turn-Based Strategy, Difficult, Fantasy, Singleplayer, Casual, Turn-Based, Atmospheric, Great Soundtrack, Magic, Funny, Violent",A popular game by Valve.,Valve,Valve
253960,Jack Orlando: Director's Cut,,"Adventure, Point & Click, Noir, Detective, Singleplayer, Classic",A popular game by Toontraxx Studios.,Toontraxx Studios,Topware Interactive
1147550,Not For Broadcast,,"Adventure, 1980s, Choices Matter, Dystopian , Simulation, Dark Comedy, FMV, Story Rich, Multiple Endings, Management, Interactive Fiction, Political Sim, Choose Your Own Adventure, Political, Atmospheric, Point & Click, Alternate History, First-Person, Singleplayer, Indie",A popular game by NotGames.,NotGames,tinyBuild
1291340,Townscaper,,"Experimental, Building, Relaxing, Sandbox, Casual, City Builder, Short, Singleplayer, Simulation, Indie, Stylized, Family Friendly, Atmospheric, Cute, Colorful, Procedural Generation, Minimalist, Open World, Controller, Nature",A popular game by Oskar Stålberg.,Oskar Stålberg,Raw Fury
263540,Villagers and Heroes,,"Free to Play, Massively Multiplayer, RPG, Open World, Multiplayer, Indie, Adventure, MMORPG, Crafting, Sandbox, Fantasy, Survival, Medieval, Co-op, Action, Magic, Funny, Casual, Shooter, FPS",A popular game by Mad Otter Games.,Mad Otter Games,Mad Otter Games
300550,Shadowrun: Dragonfall - Director's Cut,,"RPG, Cyberpunk, Turn-Based, Isometric, Story Rich, Strategy, Sci-fi, Tactical, Singleplayer, CRPG, Indie, Turn-Based Tactics, Adventure, Fantasy, Atmospheric, Turn-Based Strategy, Kickstarter, Moddable, Female Protagonist, Touch-Friendly",A popular game by Harebrained Schemes.,Harebrained Schemes,Paradox Interactive
219640,Chivalry: Medieval Warfare,,"Medieval, Multiplayer, Action, Gore, First-Person, Swordplay, Violent, PvP, Indie, Third Person, Competitive, Team-Based, Hack and Slash, Co-op, Historical, FPS, Class-Based, Atmospheric, Simulation, Difficult",A popular game by Torn Banner Studios.,Torn Banner Studios,Torn Banner Studios
1408720,Krunker,,"Shooter, FPS, PvP, Parkour, e-sports, 3D, Character Customization, Action, Voxel, Team-Based, Free to Play, Multiplayer, Online Co-Op, Casual, Class-Based, Trading, Level Editor, Moddable, Modern, Arcade",A popular game by FRVR.,FRVR,FRVR
1515950,Capcom Arcade Stadium,,"Arcade, Action, Free to Play, 1990's, 2D Platformer, Beat 'em up, 2D Fighter, 1980s, 2D, Retro, Singleplayer, Local Multiplayer, Local Co-Op, 3D, 4 Player Local, Multiplayer, Pixel Graphics, Fighting, Classic, Shoot 'Em Up","A popular game by CAPCOM Co., Ltd..","CAPCOM Co., Ltd.","CAPCOM Co., Ltd."
209170,Call of Duty: Ghosts,,"Dog, FPS, Action, Multiplayer, Shooter, First-Person, Military, Singleplayer, War, Co-op, Online Co-Op, America, Short, Linear, Fast-Paced, Masterpiece, Hacking, Survival Horror, Futuristic, Tactical",A popular game by Infinity Ward.,Infinity Ward,Activision
686200,Door Kickers: Action Squad,,"2D Platformer, Pixel Graphics, Local Co-Op, Retro, Action, Online Co-Op, 2D, Shooter, Simulation, Tactical, Zombies, Level Editor, Co-op, Local Multiplayer, Indie, Procedural Generation, Singleplayer, Soundtrack, Casual, Multiplayer","A popular game by PixelShard, KillHouse Games.","PixelShard, KillHouse Games",KillHouse Games
234710,Poker Night 2,,"Card Game, Comedy, Casual, Singleplayer, Gambling, Funny, Strategy, Sports, Point & Click, Atmospheric, Board Game, Simulation, Controller",A popular game by Telltale Games.,Telltale Games,Telltale Games
690040,SUPERHOT: MIND CONTROL DELETE,,"FPS, Time Manipulation, Action Roguelike, Bullet Time, Shooter, Action, Difficult, Experimental, Minimalist, First-Person, Puzzle, Stylized, Dystopian , Atmospheric, Cyberpunk, Beautiful, Singleplayer, Transhumanism, Cinematic, Old School",A popular game by SUPERHOT Team.,SUPERHOT Team,SUPERHOT Team
39190,Dungeon Siege,,"RPG, Fantasy, Action RPG, Party-Based RPG, Classic, Hack and Slash, Adventure, Singleplayer, Dungeon Crawler, Isometric, Loot, Multiplayer, Co-op, Real-Time with Pause, Action, Open World, Great Soundtrack, Old School, Character Customization, Female Protagonist",A popular game by Gas Powered Games.,Gas Powered Games,Square Enix
40390,Risen 2: Dark Waters,,"RPG, Pirates, Open World, Adventure, Third Person, Singleplayer, Fantasy, Atmospheric, Action, Exploration, Gothic, Story Rich, Dark Fantasy, Action RPG, Great Soundtrack, Sandbox, Controller, Multiplayer",A popular game by Piranha Bytes.,Piranha Bytes,THQ Nordic
2700,RollerCoaster Tycoon 3: Platinum,,"Simulation, Management, Sandbox, Building, Strategy, Singleplayer, Economy, Classic, Real-Time with Pause, Family Friendly, Funny, Moddable, Multiplayer, City Builder, Great Soundtrack, Comedy, Open World, Casual, Free to Play, Adventure","A popular game by Frontier, Aspyr (Mac).","Frontier, Aspyr (Mac)","Frontier, Aspyr (Mac)"
331600,One Piece Pirate Warriors 3,,"Anime, Action, Pirates, Adventure, Hack and Slash, Fighting, Beat 'em up, Multiplayer, Musou, Third Person, Singleplayer, Local Co-Op, Comedy, Story Rich, Co-op, JRPG, Funny, Great Soundtrack, Controller, Open World","A popular game by KOEI TECMO GAMES CO., LTD..","KOEI TECMO GAMES CO., LTD.",BANDAI NAMCO Entertainment
546050,Puyo PuyoTetris,,"Puzzle, Casual, Competitive, Multiplayer, Action, Cute, Anime, Colorful, Local Multiplayer, Arcade, Great Soundtrack, 2D, Classic, 4 Player Local, Difficult, Female Protagonist, Funny, Singleplayer, Fighting, Comedy","A popular game by Sonic Team, Bitbaboon.","Sonic Team, Bitbaboon",SEGA
64000,Men of War: Assault Squad,,"Strategy, World War II, War, Tactical, RTS, Multiplayer, Military, Realistic, Real Time Tactics, Action, Co-op, Historical, Simulation, Moddable, Tanks, Destruction, Singleplayer, Level Editor, Epic, Sandbox",A popular game by Digitalmindsoft.,Digitalmindsoft,Fulqrum Publishing
50300,Spec Ops: The Line,,"Story Rich, Third-Person Shooter, Action, Psychological, Atmospheric, Singleplayer, War, Third Person, Shooter, Dark, Emotional, Military, Multiplayer, Mature, Political, Adventure, Great Soundtrack, Psychological Horror, Post-apocalyptic, Based On A Novel",A popular game by YAGER.,YAGER,"2K, Missing Link Games"
234650,Shadowrun Returns,,"RPG, Cyberpunk, Turn-Based, Isometric, Sci-fi, Indie, Strategy, Singleplayer, Tactical, Adventure, Moddable, Kickstarter, CRPG, Story Rich, Fantasy, Atmospheric, Dystopian , Crowdfunded, Turn-Based Strategy, Female Protagonist",A popular game by Harebrained Schemes.,Harebrained Schemes,Paradox Interactive
365450,Hacknet,,"Hacking, Simulation, Programming, Typing, Singleplayer, Story Rich, Great Soundtrack, Choices Matter, Crime, Atmospheric, Cyberpunk, Detective, Logic, 2D, Education, Adventure, Difficult, Dystopian , Sci-fi, Indie",A popular game by Team Fractal Alligator.,Team Fractal Alligator,Fellow Traveller
232050,Eador. Masters of the Broken World,,"Strategy, Turn-Based Strategy, Fantasy, Turn-Based, RPG, Indie, Singleplayer, Tactical, 4X, Hex Grid, Difficult, Turn-Based Tactics, Multiplayer, Tactical RPG, Adventure, Magic",A popular game by Snowbird Games.,Snowbird Games,Snowbird Games
292910,Deponia: The Complete Journey,,"Adventure, Point & Click, Comedy, Puzzle, Singleplayer, Funny, 2D, Story Rich, Great Soundtrack, Classic, Cult Classic, Steampunk, Retro, Sci-fi, Indie, Hand-drawn, Cartoon, Dystopian , Escape Room, Sexual Content",A popular game by Daedalic Entertainment.,Daedalic Entertainment,Daedalic Entertainment
814540,Changed,,"Cute, Difficult, Sexual Content, Psychological Horror, Puzzle, Singleplayer, Pixel Graphics, Adventure, Indie, Story Rich, 2D, Great Soundtrack, Horror, NSFW, RPGMaker, Choices Matter, RPG, LGBTQ+, Survival Horror, Action",A popular game by DragonSnow.,DragonSnow,DragonSnow
844870,KurtzPel,,"Anime, Free to Play, Character Customization, Multiplayer, Action, PvP, Fantasy, Fighting, Third Person, Massively Multiplayer, Co-op, Sexual Content, PvE, Online Co-Op, Early Access, Character Action Game, Hack and Slash, Competitive, Controller, Beat 'em up",A popular game by KOG.,KOG,KOG
206500,AirMech Strike,,"Free to Play, Strategy, Multiplayer, Mechs, RTS, MOBA, Action, Robots, Online Co-Op, Indie, Co-op, Sci-fi, PvP, Shooter, Massively Multiplayer, Singleplayer, Early Access, Adventure, Fast-Paced, RPG",A popular game by Carbon Games.,Carbon Games,Carbon Games
424370,Wolcen: Lords of Mayhem,,"Action RPG, Hack and Slash, Singleplayer, Isometric, RPG, Loot, Action, Adventure, Indie, Dark Fantasy, Character Customization, Dungeon Crawler, Fantasy, Top-Down, Controller, Medieval, Difficult, Multiplayer, Co-op, Online Co-Op",A popular game by WOLCEN Studio.,WOLCEN Studio,WOLCEN Studio
20570,"Warhammer 40,000: Dawn of War II Chaos Rising",,"Strategy, Warhammer 40K, RTS, Sci-fi, Multiplayer, Games Workshop, Tactical, Co-op, Real-Time, RPG, Singleplayer, Gore, Action, Violent, Great Soundtrack, Real Time Tactics, Futuristic, Atmospheric","A popular game by Relic Entertainment, Feral Interactive (Mac/Linux).","Relic Entertainment, Feral Interactive (Mac/Linux)","SEGA, Feral Interactive (Mac/Linux)"
226700,Infestation: Survivor Stories 2020,,"Zombies, Survival, Massively Multiplayer, Open World, Action, PvP, Multiplayer, RPG, Indie, Simulation, FPS, Co-op, Horror, Post-apocalyptic, Shooter, PvE, Free to Play, Third-Person Shooter, Third Person, Casual",A popular game by Fredaikis AB.,Fredaikis AB,OP Productions LLC
617830,SUPERHOT VR,,"VR, Shooter, Bullet Time, FPS, Puzzle, Time Manipulation, First-Person, Atmospheric, Cyberpunk, Action, Cinematic, Singleplayer, Sci-fi, Minimalist, Adventure, Artificial Intelligence, Hero Shooter, Combat, Old School, Retro",A popular game by SUPERHOT Team.,SUPERHOT Team,SUPERHOT Team
370240,NBA 2K16,,"Sports, Basketball, Multiplayer, Simulation, Singleplayer, Realistic, Co-op, Great Soundtrack, Controller, Atmospheric, Action, Online Co-Op, RPG, Free to Play, Open World",A popular game by Visual Concepts.,Visual Concepts,2K
506610,Five Nights at Freddy's: Sister Location,,"Horror, Survival Horror, Singleplayer, Robots, First-Person, Dark, Difficult, Survival, Strategy, Indie, Story Rich, Mystery, Psychological Horror, Atmospheric, Simulation, Lore-Rich, Memes, Funny, Adventure, Gore",A popular game by Scott Cawthon.,Scott Cawthon,Scott Cawthon
204030,Fable - The Lost Chapters,,"RPG, Adventure, Action, Fantasy, Third Person, Singleplayer, Choices Matter, Classic, Atmospheric, Open World, Magic, Story Rich, Great Soundtrack, Action RPG, Comedy, Character Customization, Exploration, Medieval, Dark Fantasy, Replay Value",A popular game by Lionhead Studios.,Lionhead Studios,Xbox Game Studios
710920,Darksiders Genesis,,"Action, Adventure, Co-op, Hack and Slash, Local Co-Op, Multiplayer, Isometric, Top-Down, Action RPG, RPG, Dungeon Crawler, Loot, Gore, Singleplayer, Top-Down Shooter, Split Screen, Great Soundtrack, Fantasy, Puzzle, Twin Stick Shooter",A popular game by Airship Syndicate.,Airship Syndicate,THQ Nordic
342180,Arizona Sunshine VR Legacy,,"Action, VR, Zombies, Horror, Multiplayer, Survival, Co-op Campaign, Online Co-Op, Adventure, Gore, FPS, Shooter, First-Person, Survival Horror, Indie, Co-op, Open World, Violent, Singleplayer, Post-apocalyptic","A popular game by Vertigo Games, Jaywalkers Interactive.","Vertigo Games, Jaywalkers Interactive",Vertigo Games
8000,Tomb Raider: Anniversary,,"Adventure, Action, Female Protagonist, Puzzle, Third Person, Platformer, Remake, Classic, Singleplayer, Action-Adventure, Dinosaurs, Third-Person Shooter, Parkour, Exploration, Shooter, 3D Platformer, Story Rich, Atmospheric, 3D Vision, Multiplayer",A popular game by Crystal Dynamics.,Crystal Dynamics,Crystal Dynamics
351970,Tales of Zestiria,,"JRPG, Anime, RPG, Fantasy, Story Rich, Open World, Action RPG, Adventure, Great Soundtrack, Singleplayer, Action, Co-op, Multiplayer, Action-Adventure, Local Co-Op, Atmospheric, Cute, Hack and Slash, Third Person, Character Customization",A popular game by BANDAI NAMCO Studio Inc..,BANDAI NAMCO Studio Inc.,BANDAI NAMCO Entertainment
753650,Due Process,,"Early Access, Adventure, 3D, Futuristic, Tactical, Cyberpunk, FPS, Team-Based, Simulation, PvP, e-sports, Multiplayer, Online Co-Op, Character Customization, Procedural Generation, Shooter, Crime, Pixel Graphics, Competitive, Strategy",A popular game by Giant Enemy Crab.,Giant Enemy Crab,Giant Enemy Crab
95400,ibb & obb,,"Co-op, Online Co-Op, Puzzle, Local Co-Op, Platformer, Indie, Cute, Multiplayer, Adventure, Puzzle-Platformer, Action, 2D, Family Friendly, Difficult, Great Soundtrack, Casual, Local Multiplayer, Controller, Funny, Psychological Horror","A popular game by Sparpweed, Codeglue.","Sparpweed, Codeglue",Sparpweed
732690,FIVE NIGHTS AT FREDDY'S: HELP WANTED,,"Horror, VR, Singleplayer, Robots, Survival Horror, First-Person, Action, Psychological Horror, Dark, Survival, Casual, Difficult, Atmospheric, Puzzle, Story Rich, Indie, Strategy, Alternate History, LGBTQ+, Funny",A popular game by Steel Wool Studios.,Steel Wool Studios,ScottGames
640590,The LEGO NINJAGO Movie Video Game,,"Action, LEGO, Ninja, Multiplayer, Co-op, Open World, Adventure, Funny, Comedy, Family Friendly, Local Co-Op, Singleplayer, Third Person, Story Rich, Local Multiplayer, Platformer, 3D Platformer, Controller, Action-Adventure, Online Co-Op","A popular game by Traveller's Tales, TT Games.","Traveller's Tales, TT Games",Warner Bros. Interactive Entertainment
434570,Blood and Bacon,,"Gore, Funny, Multiplayer, Shooter, Action, FPS, Horror, Co-op, Online Co-Op, Blood, Memes, First-Person, Indie, Singleplayer, Adventure, Psychological Horror, Survival Horror, Illuminati, Survival, Nudity",A popular game by Big Corporation.,Big Corporation,Grunge Games LTD
25000,Overgrowth,,"Action, Parkour, Indie, Martial Arts, Sandbox, Fighting, Fast-Paced, Physics, Gore, Moddable, Combat, Open World, Ninja, Third Person, Multiplayer, Singleplayer, Difficult, Funny, Adventure, Local Co-Op",A popular game by Wolfire Games.,Wolfire Games,Wolfire Games
280,Half-Life: Source,,"FPS, Action, Classic, Sci-fi, Singleplayer, First-Person, Shooter, Aliens, 1990's, Zombies, Story Rich, Adventure, Remake, Atmospheric, Silent Protagonist, Multiplayer, Horror, Great Soundtrack, Moddable, Gore",A popular game by Valve.,Valve,Valve
108800,Crysis 2 - Maximum Edition,,"Action, FPS, Sci-fi, Shooter, Singleplayer, Multiplayer, Stealth, Aliens, First-Person, Futuristic, Benchmark, Atmospheric, Great Soundtrack, Adventure, Story Rich, Cyberpunk, 3D Vision, Open World, Survival, RPG",A popular game by Crytek Studios.,Crytek Studios,Electronic Arts
238430,Contagion,,"Zombies, Post-apocalyptic, Co-op, Horror, Level Editor, FPS, Moddable, PvE, First-Person, PvP, Survival Horror, Shooter, Competitive, Survival, 3D, Action, Local Multiplayer, Local Co-Op, Atmospheric, Adventure","A popular game by Monochrome, Inc.","Monochrome, Inc","Monochrome, Inc"
238260,Pinball Arcade,,"Pinball, Free to Play, Simulation, Arcade, Classic, Casual, Singleplayer, Multiplayer, Retro, Action, 1980s",A popular game by FarSight Studios.,FarSight Studios,FarSight Studios
368360,60 Seconds!,,"Turn-Based Tactics, Exploration, Choose Your Own Adventure, Outbreak Sim, Immersive Sim, Difficult, Wrestling, Point & Click, Strategy, 2D, Text-Based, 3D, Dark Comedy, Post-apocalyptic, Dark Humor, Funny, Choices Matter, Management, Survival, Story Rich",A popular game by Robot Gentleman.,Robot Gentleman,Robot Gentleman
7520,Two Worlds II HD,,"RPG, Open World, Fantasy, Third Person, Exploration, Singleplayer, Action RPG, Multiplayer, Adventure, Co-op, Crafting, Story Rich, Action, Hack and Slash, Medieval, Dark Fantasy, Magic, Inventory Management, Atmospheric, Sandbox",A popular game by Reality Pump Studios.,Reality Pump Studios,"Topware Interactive, ACE"
203630,Warlock - Master of the Arcane,,"Strategy, Turn-Based Strategy, Fantasy, Turn-Based, 4X, Magic, Hex Grid, Multiplayer, Singleplayer, RPG, Grand Strategy",A popular game by Ino-Co Plus.,Ino-Co Plus,Paradox Interactive
9010,Return to Castle Wolfenstein,,"FPS, Action, World War II, Classic, Supernatural, Alternate History, Shooter, Singleplayer, First-Person, Horror, Atmospheric, Gore, Multiplayer, Zombies, Stealth, Sci-fi, Adventure, Retro, Great Soundtrack, Old School",A popular game by Gray Matter Studios.,Gray Matter Studios,Bethesda Softworks
238370,Magicka 2,,"Magic, Co-op, Adventure, Multiplayer, Comedy, Action, Online Co-Op, Funny, Local Co-Op, RPG, Team-Based, Atmospheric, PvP, Fantasy, Local Multiplayer, Open World, Singleplayer, Gore, Memes, Isometric",A popular game by Pieces Interactive.,Pieces Interactive,Paradox Interactive
23310,The Last Remnant,,"JRPG, RPG, Singleplayer, Fantasy, Turn-Based, Great Soundtrack, Turn-Based Strategy, Story Rich, Strategy, Turn-Based Tactics, Adventure, Difficult, Tactical, Controller, Open World, Action, Turn-Based Combat",A popular game by Square Enix.,Square Enix,Square Enix
553640,ICEY,,"Action, Female Protagonist, Hack and Slash, Anime, Side Scroller, Adventure, Indie, Singleplayer, 2D, RPG, Narration, Cyberpunk, Great Soundtrack, Character Action Game, Spectacle fighter, Sci-fi, Metroidvania, Platformer, Funny, Lovecraftian",A popular game by FantaBlade Network.,FantaBlade Network,XD
1361000,In Silence,,"Horror, Multiplayer, Online Co-Op, Survival Horror, Co-op, Psychological Horror, Survival, Stealth, Action, First-Person, Singleplayer, Social Deduction, PvP, Atmospheric, Dark, Strategy, Adventure, Puzzle, Gore, Mystery",A popular game by Ravenhood Games.,Ravenhood Games,Ravenhood Games
223100,Homefront: The Revolution,,"Action, FPS, Open World, Shooter, Multiplayer, Co-op, War, Singleplayer, First-Person, Online Co-Op, Stealth, Adventure, Military, Survival, Atmospheric, Violent, Dystopian , Crafting, Story Rich, Futuristic",A popular game by Dambuster Studios.,Dambuster Studios,Deep Silver
397060,Faeria,,"Card Game, Strategy, Massively Multiplayer, Multiplayer, Indie, Adventure, RPG, Board Game, Turn-Based, Fantasy, Hex Grid, Turn-Based Strategy, Singleplayer, Trading Card Game, Casual, Action, Survival, Relaxing, Anime, Early Access",A popular game by Abrakam Entertainment SA.,Abrakam Entertainment SA,"Versus Evil, tinyBuild"
916840,The Walking Dead: Saints & Sinners,,"VR, Zombies, Action, Gore, Horror, Adventure, Survival Horror, Shooter, Violent, Survival, Singleplayer, RPG, Choices Matter, Indie, Simulation, Strategy, Open World, First-Person, Multiplayer, FPS",A popular game by Skydance Interactive.,Skydance Interactive,Skydance Interactive
34870,Sniper: Ghost Warrior 2,,"Sniper, Action, FPS, Multiplayer, Shooter, Stealth, Singleplayer, First-Person, Military, Tactical, Open World, Co-op, Adventure, Strategy, Online Co-Op, Bullet Time, Simulation, Controller, Difficult, Atmospheric",A popular game by City Interactive.,City Interactive,CI Games
214340,Deponia,,"Adventure, Point & Click, Comedy, Puzzle, Singleplayer, Funny, Indie, Story Rich, 2D, Dark Humor, Great Soundtrack, Hand-drawn, Escape Room, Steampunk, Classic, Retro, Sci-fi, Dystopian , Hidden Object, Cult Classic",A popular game by Daedalic Entertainment.,Daedalic Entertainment,Daedalic Entertainment
46500,Syberia,,"Adventure, Point & Click, Puzzle, Female Protagonist, Casual, Steampunk, Atmospheric, Story Rich, Mystery, Classic, Singleplayer, Escape Room, Beautiful, Great Soundtrack, Third Person, Sci-fi, Hidden Object, Nostalgia, 2.5D",A popular game by Microids.,Microids,Microids
346940,Shadowrun: Hong Kong - Extended Edition,,"RPG, Cyberpunk, Turn-Based, Isometric, Story Rich, Strategy, Indie, Turn-Based Tactics, Adventure, CRPG, Singleplayer, Turn-Based Combat, Sci-fi, Atmospheric, Kickstarter, Tactical, Great Soundtrack, Fantasy, Female Protagonist, Action",A popular game by Harebrained Schemes.,Harebrained Schemes,Paradox Interactive
1213740,She Will Punish Them,,"Sexual Content, Nudity, Mature, Female Protagonist, 3D, Hack and Slash, Demons, Action RPG, Souls-like, Dark Fantasy, Violent, Gore, Action, Singleplayer, Third Person, Early Access, Difficult, Real-Time, Indie, Atmospheric",A popular game by L2 Games.,L2 Games,L2 Games
320300,Car Mechanic Simulator 2015,,"Automobile Sim, Simulation, Singleplayer, Building, Driving, Education, Racing, First-Person, Management, Puzzle, Realistic, Casual, Multiplayer, Great Soundtrack, Atmospheric, Mod, Funny, Sandbox, Open World, Action",A popular game by Red Dot Games.,Red Dot Games,PlayWay S.A.
248820,Risk of Rain (2013),,"Action Roguelike, Rogue-like, Indie, Platformer, Action, Pixel Graphics, Great Soundtrack, Online Co-Op, Difficult, Perma Death, Co-op, 2D, Local Co-Op, Rogue-lite, Multiplayer, Singleplayer, RPG, Addictive, Replay Value, Survival",A popular game by Hopoo Games.,Hopoo Games,"Gearbox Publishing, 2K"
260230,Valiant Hearts: The Great War / Soldats Inconnus : Mémoires de la Grande Guerre,,"Atmospheric, Historical, World War I, Adventure, War, Story Rich, Drama, 2D, Puzzle, Great Soundtrack, Singleplayer, Emotional, Dog, Side Scroller, Platformer, Action, Education, Comic Book, Music, Indie",A popular game by Ubisoft Montpellier.,Ubisoft Montpellier,Ubisoft
47790,Medal of Honor,,"FPS, Action, Shooter, Singleplayer, Multiplayer, Military, First-Person, War, Modern, Realistic, Co-op, Controller, America, Stealth, Linear, Mature, Story Rich, Open World, Atmospheric, VR",A popular game by Electronic Arts.,Electronic Arts,Electronic Arts
57900,Duke Nukem Forever,,"FPS, Action, Nudity, Shooter, Aliens, Singleplayer, Comedy, Multiplayer, First-Person, Sci-fi, Mature, Funny, Gore, Dark Humor, Classic, Adventure, Memes, Old School, Linear, Atmospheric",A popular game by Gearbox Software.,Gearbox Software,2K
559650,Witch It,,"Multiplayer, Funny, Casual, Action, Indie, Hidden Object, Online Co-Op, Survival, Stealth, Co-op, Fantasy, Early Access, First-Person, Team-Based, Family Friendly, PvP, Strategy, Atmospheric, Open World, Magic",A popular game by Barrel Roll Games.,Barrel Roll Games,Barrel Roll Games
22600,Worms Reloaded,,"Strategy, 2D, Turn-Based, Multiplayer, Local Multiplayer, Turn-Based Strategy, Funny, Classic, Online Co-Op, Comedy, Action, Local Co-Op, Team-Based, Singleplayer, Tactical, Competitive, Side Scroller, Co-op, 4 Player Local, Party",A popular game by Team17 Digital Ltd.,Team17 Digital Ltd,Team17 Digital Ltd
237990,The Banner Saga,,"RPG, Turn-Based, Strategy, Indie, Tactical, Turn-Based Strategy, Story Rich, Fantasy, Great Soundtrack, Kickstarter, Tactical RPG, Choices Matter, Hand-drawn, Atmospheric, Singleplayer, 2D, Strategy RPG, Crowdfunded, Adventure, Vikings",A popular game by Stoic.,Stoic,Stoic Studio
630,Alien Swarm,,"Free to Play, Co-op, Action, Multiplayer, Online Co-Op, Aliens, Shooter, Sci-fi, Top-Down, Top-Down Shooter, Survival, PvE, Class-Based, Third Person, Team-Based, Third-Person Shooter, Moddable, Singleplayer, Strategy, Adventure",A popular game by Valve.,Valve,Valve
8850,BioShock 2,,"FPS, Action, Singleplayer, Story Rich, Atmospheric, Horror, First-Person, Shooter, Steampunk, Sci-fi, Underwater, Multiplayer, Dystopian , Adventure, Immersive, RPG, Dark, Great Soundtrack, Philosophical, Action RPG","A popular game by 2K Marin, 2K China, Digital Extremes, 2K Australia.","2K Marin, 2K China, Digital Extremes, 2K Australia",2K
297130,Titan Souls,,"Souls-like, Pixel Graphics, Difficult, Indie, Adventure, Action, Singleplayer, Boss Rush, Great Soundtrack, 2D, Top-Down, Atmospheric, Fantasy, Controller, Short, Action-Adventure, Retro, Puzzle, Strategy, Rogue-like",A popular game by Acid Nerve.,Acid Nerve,Devolver Digital
1390350,Webbed,,"2D Platformer, Cute, Pixel Graphics, Physics, Puzzle-Platformer, Exploration, 2D, Platformer, Relaxing, Family Friendly, Indie, Action, Puzzle, Colorful, Cartoony, Nature, Collectathon, Fantasy, Atmospheric, Female Protagonist",A popular game by Sbug Games.,Sbug Games,Sbug Games
234670,NARUTO SHIPPUDEN: Ultimate Ninja STORM 3 Full Burst HD,,"Anime, Fighting, Action, Adventure, Ninja, Multiplayer, Controller, Singleplayer, Beat 'em up, Open World, 3D Fighter, Fantasy, Local Multiplayer, PvP, Great Soundtrack, Co-op, Third Person, RPG, Atmospheric, Local Co-Op",A popular game by CyberConnect2 Co. Ltd..,CyberConnect2 Co. Ltd.,BANDAI NAMCO Entertainment
286570,F1 2015,,"Racing, Automobile Sim, Sports, Simulation, Driving, Multiplayer, Realistic, Singleplayer, Co-op, Action, First-Person, Controller","A popular game by Codemasters, Feral Interactive (Linux).","Codemasters, Feral Interactive (Linux)","Codemasters, Feral Interactive (Linux)"
24960,Battlefield: Bad Company 2,,"FPS, Multiplayer, Action, Shooter, War, Team-Based, First-Person, Singleplayer, Destruction, Military, Co-op, Tactical, Atmospheric, Open World, Classic, Combat, Comedy, Adventure, Vehicular Combat, Fighting",A popular game by DICE.,DICE,Electronic Arts
34270,SEGA Mega Drive and Genesis Classics,,"Classic, Action, Adventure, RPG, Retro, Casual, 1990's, 2D, Arcade, Pixel Graphics, Platformer, Old School, Singleplayer, Beat 'em up, Multiplayer, Great Soundtrack, Co-op, Local Multiplayer, Moddable, VR",A popular game by D3T Limited.,D3T Limited,SEGA
17460,Mass Effect (2007),,"RPG, Sci-fi, Story Rich, Action, Space, Third-Person Shooter, Singleplayer, Choices Matter, Great Soundtrack, Third Person, Character Customization, Shooter, Adventure, Female Protagonist, Romance, Atmospheric, Open World, Action RPG, Real-Time with Pause, Immersive",A popular game by BioWare.,BioWare,Electronic Arts
668630,Tricolour Lovestory,,"Visual Novel, Dating Sim, Mature, Sexual Content, Nudity, Anime, Simulation, Casual, NSFW, Great Soundtrack, Romance, Story Rich, Indie, Soundtrack, Singleplayer, Drama, Cute, Adventure, Hentai, FPS",A popular game by HL-Galgame.,HL-Galgame,HL-Galgame
557340,My Friend Pedro,,"Action, Indie, Shooter, Parkour, Bullet Time, Violent, Great Soundtrack, Gore, Singleplayer, Side Scroller, Platformer, Fast-Paced, Funny, 2D, Comedy, Blood, 2.5D, Physics, Controller, Multiplayer",A popular game by DeadToast Entertainment.,DeadToast Entertainment,Devolver Digital
803330,Destroy All Humans!,,"Action, Adventure, Villain Protagonist, Aliens, Open World, Remake, Singleplayer, Funny, Sci-fi, Comedy, Cult Classic, Third Person, Third-Person Shooter, Destruction, Gore, Dark Humor, Sandbox, Classic, Violent, Multiplayer","A popular game by Black Forest Games, Pandemic Studios.","Black Forest Games, Pandemic Studios",THQ Nordic
1116960,UNDEFEATED,,"Free to Play, Superhero, Open World, Multiplayer, Action, Indie, Singleplayer, Sandbox, Third Person, Fighting, Funny, Online Co-Op, Controller, Nudity, Hentai, Flight","A popular game by UNDEFEATED Games, Indie-us Games.","UNDEFEATED Games, Indie-us Games",Vantan Game Academy
388090,Five Nights at Freddy's 4,,"Horror, Survival Horror, Singleplayer, First-Person, Robots, Dark, Difficult, Point & Click, Psychological Horror, Survival, Strategy, Indie, Story Rich, Atmospheric, Action, Family Friendly, Jump Scare, Simulation, Animation & Modeling, Memes",A popular game by Scott Cawthon.,Scott Cawthon,Scott Cawthon
731040,The Invincible,,"Adventure, Robots, Futuristic, Walking Simulator, Conversation, Sci-fi, Female Protagonist, Choices Matter, Multiple Endings, Mystery, Space, Story Rich, Thriller, Science, Singleplayer, Aliens, Interactive Fiction, First-Person, Nonlinear, Narration",A popular game by Starward Industries.,Starward Industries,11 bit studios
317470,Cubic Castles,,"Free to Play, Open World Survival Craft, Building, Multiplayer, Sandbox, Open World, Massively Multiplayer, Crafting, Adventure, Cute, Survival, Casual, Indie, Co-op, Action, 3D Platformer, RPG, MMORPG, Singleplayer, 2D",A popular game by Cosmic Cow LLC.,Cosmic Cow LLC,Cosmic Cow LLC
1343240,Thymesia,,"Souls-like, Difficult, Singleplayer, Dark Fantasy, Hack and Slash, Action RPG, Third Person, Atmospheric, Action, RPG, Dark, Fantasy, Gore, Gothic, Medieval, Horror, Combat, 3D, Post-apocalyptic, Fighting",A popular game by OverBorder Studio.,OverBorder Studio,Team17
22350,BRINK,,"FPS, Action, Multiplayer, Parkour, Shooter, Character Customization, Free to Play, Class-Based, Co-op, Singleplayer, First-Person, Gun Customization, Team-Based, Online Co-Op, Sci-fi, Tactical, Atmospheric, Adventure, Casual, Open World",A popular game by Splash Damage.,Splash Damage,Bethesda Softworks
473690,Absolver,,"Fighting, Martial Arts, Action, Multiplayer, PvP, Open World, Adventure, Indie, PvE, Online Co-Op, RPG, Character Customization, Difficult, Co-op, Swordplay, Singleplayer, MMORPG, Massively Multiplayer, Atmospheric, Souls-like",A popular game by Sloclap.,Sloclap,Devolver Digital
2381590,Only Up,,"Parkour, 3D Platformer, Difficult, Psychological Horror, Casual, Adventure, Third Person, Bullet Time, Physics, Open World, Exploration, Platformer, Story Rich, Arcade, Replay Value, Atmospheric, Multiplayer, Rogue-like, Simulation, Cinematic",A popular game by Indiesolodev.,Indiesolodev,Indiesolodev
221910,The Stanley Parable,,"Comedy, Narration, Indie, Walking Simulator, First-Person, Funny, Psychological, Satire, Dynamic Narration, Adventure, Multiple Endings, Exploration, Singleplayer, Choices Matter, Story Rich, Short, Surreal, Atmospheric, Puzzle, Casual",A popular game by Galactic Cafe.,Galactic Cafe,"Galactic Cafe, Klei Publishing"
102500,Kingdoms of Amalur: Reckoning,,"RPG, Fantasy, Open World, Singleplayer, Action RPG, Action, Adventure, Third Person, Loot, Story Rich, Magic, Character Customization, Hack and Slash, Exploration, Controller, Sandbox, Atmospheric, Crafting, Female Protagonist, Great Soundtrack","A popular game by Big Huge Games, 38 Studios.","Big Huge Games, 38 Studios","38 Studios, Electronic Arts"
350640,Sherlock Holmes: The Devil's Daughter,,"Adventure, Detective, Mystery, Story Rich, Puzzle, Crime, Thriller, Singleplayer, Third Person, Atmospheric, Action, Investigation, Point & Click, Choices Matter, First-Person, Action-Adventure, 3D, Casual, Controller, Multiplayer",A popular game by Frogwares.,Frogwares,Frogwares
202750,Alan Wake's American Nightmare,,"Action, Adventure, Horror, Third Person, Singleplayer, Third-Person Shooter, Thriller, Psychological Horror, Mystery, Atmospheric, Arcade, Shooter, Cinematic, Survival Horror, Detective, Story Rich, Supernatural, Survival, Short, Controller",A popular game by Remedy Entertainment.,Remedy Entertainment,Remedy Entertainment
323850,Move or Die,,"Multiplayer, Funny, Local Multiplayer, Action, Fast-Paced, 2D, 4 Player Local, Indie, Online Co-Op, Platformer, Casual, Competitive, Co-op, Local Co-Op, Arcade, Great Soundtrack, Party Game, Memes, Party, Singleplayer","A popular game by Xelu, Those Awesome Guys.","Xelu, Those Awesome Guys",Those Awesome Guys
654880,Dream Daddy: A Dad Dating Simulator,,"LGBTQ+, Dating Sim, Sexual Content, Romance, Visual Novel, Simulation, Character Customization, Indie, Memes, Casual, Funny, Choices Matter, NSFW, Cute, Nudity, Singleplayer, Mature, Story Rich, Multiple Endings, Comedy",A popular game by Game Grumps.,Game Grumps,Game Grumps
311240,Zero Escape: Zero Time Dilemma,,"Puzzle, Visual Novel, Story Rich, Psychological Horror, Mystery, Choices Matter, Adventure, Anime, Sci-fi, Singleplayer, Horror, Great Soundtrack, Multiple Endings, Mature, Gore, Thriller, Escape Room, Atmospheric, Point & Click, Dark","A popular game by Spike Chunsoft Co., Ltd..","Spike Chunsoft Co., Ltd.","Spike Chunsoft Co., Ltd."
300380,Road Redemption,,"Vehicular Combat, Racing, Beat 'em up, Action, Motorbike, Violent, Multiplayer, Controller, Indie, Local Co-Op, Gore, PvP, Arcade, 4 Player Local, Co-op, Combat Racing, Singleplayer, Local Multiplayer, Third Person, Funny","A popular game by Redemption Road, Pixel Dash Studios.","Redemption Road, Pixel Dash Studios",Tripwire Presents
1049800,BLOCKADE,,"Free to Play, Action, FPS, Shooter, Multiplayer, Pixel Graphics, Massively Multiplayer, Indie, First-Person, Zombies, Co-op, Building, Psychological Horror, Early Access, Team-Based, Survival, Casual, Horror, Gore, Open World",A popular game by Novalink.,Novalink,Novalink
348250,Google Earth VR,,"VR, Free to Play, Open World, Simulation, Casual, Adventure, Exploration, Realistic, Singleplayer, Walking Simulator, Education, Multiplayer",A popular game by Google.,Google,Google
252870,PULSAR: Lost Colony,,"Space Sim, Open World, Simulation, Co-op, First-Person, PvE, Space, Exploration, Sci-fi, Multiplayer, Spaceships, RPG, Robots, Nonlinear, FPS, Class-Based, Online Co-Op, Adventure, Character Customization, Action",A popular game by Leafy Games.,Leafy Games,Leafy Games
3700,Sniper Elite,,"Action, Sniper, Stealth, World War II, Singleplayer, Third-Person Shooter, Shooter, Multiplayer, Third Person, War, FPS, Classic, Co-op, Controller, Tactical, Simulation, Open World, Online Co-Op, Military, Cold War",A popular game by Rebellion.,Rebellion,Rebellion
420,Half-Life 2: Episode Two,,"FPS, Action, Sci-fi, Singleplayer, Shooter, Story Rich, First-Person, Classic, Adventure, Aliens, Atmospheric, Zombies, Silent Protagonist, Great Soundtrack, Dystopian , Post-apocalyptic, Episodic, Puzzle, Horror, Multiplayer",A popular game by Valve.,Valve,Valve
312990,The Expendabros,,"Free to Play, Action, Pixel Graphics, 2D, Multiplayer, Local Co-Op, Shooter, Co-op, Local Multiplayer, Platformer, Indie, Adventure, Singleplayer, Funny, America, Side Scroller, Controller, Comedy, Classic, Open World",A popular game by Free Lives.,Free Lives,Devolver Digital
233130,Shadow Warrior,,"Action, FPS, Swordplay, Gore, Comedy, First-Person, Hack and Slash, Singleplayer, Shooter, Adventure, Old School, Ninja, Dark Humor, Great Soundtrack, Demons, Reboot, Funny, Remake, Classic, Atmospheric",A popular game by Flying Wild Hog.,Flying Wild Hog,Devolver Digital
102600,Orcs Must Die!,,"Tower Defense, Action, Strategy, Third Person, Fantasy, Indie, Singleplayer, Comedy, Funny, Third-Person Shooter, Cartoony, Magic, Great Soundtrack, Multiplayer, Score Attack, Addictive, Shooter, Adventure, RPG, Arcade",A popular game by Robot Entertainment.,Robot Entertainment,Robot Entertainment
666220,CS2D,,"Free to Play, 2D, Shooter, Multiplayer, Action, Top-Down Shooter, Casual, Indie, Top-Down, Zombies, FPS, Funny, Gore, Singleplayer, Pixel Graphics, Survival, Strategy, Co-op, 2D Fighter, Competitive",A popular game by Unreal Software.,Unreal Software,Unreal Software
657200,Hand Simulator,,"Simulation, Funny, Multiplayer, VR, Difficult, Psychological Horror, First-Person, Memes, Comedy, Intentionally Awkward Controls, Sexual Content, Horror, Nudity, Action, FPS, Singleplayer, Atmospheric, World War II, Open World, Shooter",A popular game by HFM Games.,HFM Games,HFM Games
233270,Far Cry 3 - Blood Dragon,,"FPS, 1980s, Comedy, Open World, Action, Great Soundtrack, Singleplayer, Cyberpunk, Adventure, Shooter, Sci-fi, Stealth, Retro, Funny, First-Person, Futuristic, Dragons, Atmospheric, Parody , Post-apocalyptic",A popular game by Ubisoft Montreal.,Ubisoft Montreal,Ubisoft
698670,Scorn,,"Gore, Horror, Atmospheric, Puzzle, Sexual Content, First-Person, Dark, Nudity, Psychological Horror, Adventure, Lovecraftian, Violent, Singleplayer, Walking Simulator, Sci-fi, Surreal, Indie, Survival Horror, Action, FPS",A popular game by Ebb Software.,Ebb Software,Kepler Interactive
22000,World of Goo,,"Puzzle, Indie, Physics, Singleplayer, Great Soundtrack, Casual, 2D, Cute, Comedy, Building, Atmospheric, Funny, Classic, Satire, Touch-Friendly, Surreal, Difficult, Story Rich, Strategy, Family Friendly",A popular game by 2D BOY.,2D BOY,2D BOY 
512470,The Pirate: Caribbean Hunt,,"Free to Play, Naval Combat, Pirates, Multiplayer, Naval, Adventure, Strategy, Simulation, Action, Open World, Singleplayer, Sailing, Indie, Historical, Exploration, Economy, Atmospheric, Choose Your Own Adventure, Choices Matter, 6DOF",A popular game by Home Net Games.,Home Net Games,Home Net Games
414530,Skyforge,,"Free to Play, Massively Multiplayer, RPG, MMORPG, Open World, Character Customization, Action, Multiplayer, Adventure, Sci-fi, Hack and Slash, Co-op, Action RPG, Online Co-Op, Controller, Survival, Singleplayer, Dungeon Crawler, Battle Royale, Nudity",A popular game by Innova Co SARL.,Innova Co SARL,Innova Co SARL
359800,Copa Petrobras de Marcas,,"Racing, Automobile Sim, Free to Play, Multiplayer, Simulation, Sports, Action, Singleplayer, Controller, Co-op, First-Person, Driving, Massively Multiplayer, Open World, Online Co-Op, Arcade, Great Soundtrack, FPS",A popular game by Reiza Studios.,Reiza Studios,Reiza Studios
393420,Hurtworld,,"Survival, FPS, Open World, Multiplayer, Open World Survival Craft, Crafting, Building, PvP, Sandbox, Adventure, Action, Early Access, Co-op, First-Person, Shooter, Simulation, Third Person, Singleplayer, Indie, Cartoony",A popular game by Bankroll Studios.,Bankroll Studios,Bankroll Studios
385800,NEKOPARA Vol. 0,,"Anime, Nudity, Sexual Content, Visual Novel, Cute, Mature, Hentai, Singleplayer, First-Person, Dating Sim, Casual, 2D, Story Rich, Indie, Cats, Romance, Great Soundtrack, Funny, Linear, Female Protagonist",A popular game by NEKO WORKs.,NEKO WORKs,Sekai Project
218640,Lucius,,"Horror, Adventure, Villain Protagonist, Gore, Nudity, Singleplayer, Puzzle, Indie, Third Person, Action, Stealth, Dark, Psychological Horror, Mature, Atmospheric, Violent, Story Rich, Difficult, Funny, Open World",A popular game by Shiver Games.,Shiver Games,Shiver Games
289950,Construction Simulator 2015,,"Simulation, Building, Multiplayer, Open World, Automobile Sim, Driving, Singleplayer, Casual, Co-op, Realistic, Management, Strategy, Crafting, Action, Sandbox, City Builder, Controller, Mod, Moddable, Family Friendly",A popular game by weltenbauer. Software Entwicklung GmbH.,weltenbauer. Software Entwicklung GmbH,astragon Entertainment
6900,Hitman: Codename 47,,"Stealth, Action, Classic, Assassin, Singleplayer, Third Person, Shooter, Third-Person Shooter, Difficult, Sandbox, Atmospheric, Great Soundtrack, Crime, Adventure, Tactical, Violent, Strategy",A popular game by IO Interactive A/S.,IO Interactive A/S,IO Interactive A/S
438740,Friday the 13th: The Game,,"Horror, Multiplayer, Survival Horror, Gore, Survival, Violent, Co-op, Third Person, Action, Stealth, Psychological Horror, Dark, Mature, Atmospheric, Open World, Funny, Adventure, Singleplayer, Difficult, Nudity",A popular game by IllFonic.,IllFonic,Gun Media
47870,Need For Speed: Hot Pursuit,,"Racing, Combat Racing, Sports, Driving, PvP, Automobile Sim, Open World, Arcade, Third Person, First-Person, Simulation, Atmospheric, Multiplayer, Online Co-Op, Adventure, Co-op, Action, Singleplayer, Controller, Great Soundtrack",A popular game by Criterion Games.,Criterion Games,Electronic Arts
67370,The Darkness II,,"FPS, Action, Gore, Dark, Shooter, Singleplayer, Horror, Co-op, First-Person, Violent, Multiplayer, Atmospheric, Story Rich, Supernatural, Comic Book, Short, Adventure, Multiple Endings, Nudity, Funny",A popular game by Digital Extremes.,Digital Extremes,2K
9340,Company of Heroes: Opposing Fronts,,"Strategy, RTS, World War II, Action, Singleplayer, Multiplayer, Military, Tactical, War, Tanks, Base-Building, Co-op, Historical, Online Co-Op, Simulation, Real Time Tactics",A popular game by Relic Entertainment.,Relic Entertainment,SEGA
6850,Hitman 2: Silent Assassin,,"Stealth, Action, Third Person, Assassin, Classic, Singleplayer, Shooter, Sandbox, Great Soundtrack, Old School, Difficult, Adventure, Gore, First-Person, FPS, Crime, Third-Person Shooter, Atmospheric, Tactical, Story Rich",A popular game by Io-Interactive A/S.,Io-Interactive A/S,Io-Interactive A/S
12810,Overlord II,,"RPG, Villain Protagonist, Fantasy, Singleplayer, Dark Fantasy, Funny, Comedy, Third Person, Action, Magic, Dark Humor, Adventure, Strategy, Action RPG, Open World, Action-Adventure, Puzzle, Multiplayer, Atmospheric, RTS",A popular game by Triumph Studios.,Triumph Studios,"Codemasters, Electronic Arts"
13210,Unreal Tournament 3 Black,,"FPS, Action, Multiplayer, Arena Shooter, Shooter, Sci-fi, Fast-Paced, First-Person, Gore, Competitive, Co-op, Classic, Great Soundtrack, Singleplayer, Team-Based, Atmospheric, Adventure, Addictive, Moddable, Split Screen","A popular game by Epic Games, Inc..","Epic Games, Inc.","Epic Games, Inc."
243970,"Invisible, Inc.",,"Cyberpunk, Difficult, Turn-Based Tactics, Isometric, Strategy, Tactical RPG, Stealth, Rogue-lite, Sci-fi, Tactical, Turn-Based, Perma Death, Rogue-like, Female Protagonist, Procedural Generation, Choices Matter, Turn-Based Strategy, Turn-Based Combat, Simulation, Singleplayer",A popular game by Klei Entertainment.,Klei Entertainment,Klei Entertainment
211600,Thief Gold (1999),,"Stealth, Classic, First-Person, Atmospheric, Steampunk, Immersive Sim, Action, Horror, Singleplayer, Fantasy, Immersive, Adventure, Medieval, Dark Fantasy, Cult Classic, Dark, Story Rich, 1990's, Exploration, Moddable",A popular game by Looking Glass Studios.,Looking Glass Studios,Eidos Interactive Corp.
1316680,VLADiK BRUTAL,,"FPS, Shooter, First-Person, Action, Dystopian , Adventure, Realistic, Casual, Puzzle, Action-Adventure, Stealth, Experimental, Character Action Game, 3D, Horror, Wargame, Puzzle-Platformer, Looter Shooter, Cinematic, Beautiful",A popular game by BRUTAL SOFTWARE.,BRUTAL SOFTWARE,BRUTAL SOFTWARE
501590,Bulletstorm: Full Clip Edition,,"Action, Gore, FPS, Violent, Adventure, First-Person, Shooter, Comedy, Singleplayer, Sci-fi, Multiplayer, Funny, Atmospheric, Co-op, Dark Humor, Great Soundtrack, Story Rich, Sexual Content, Blood, Remake",A popular game by People Can Fly.,People Can Fly,"Gearbox Publishing, 2K"
305260,Battle Islands,,"Strategy, Free to Play, Multiplayer, World War II, Action, Casual, Tower Defense, War, Singleplayer, Building, Online Co-Op, Co-op, RPG, Adventure, Funny, Shooter, Base-Building, Indie, Gore, 2D",A popular game by DR Studios.,DR Studios,505 Games
380,Half-Life 2: Episode One,,"FPS, Action, Sci-fi, Singleplayer, Story Rich, First-Person, Shooter, Classic, Dystopian , Aliens, Zombies, Adventure, Episodic, Atmospheric, Silent Protagonist, Great Soundtrack, Short, Puzzle, Cinematic, Moddable",A popular game by Valve.,Valve,Valve
42910,Magicka,,"Comedy, Co-op, Action, Fantasy, Magic, Online Co-Op, Multiplayer, RPG, Adventure, Funny, Local Co-Op, 4 Player Local, Indie, Local Multiplayer, Difficult, Singleplayer, Team-Based, Action RPG, Arcade, Strategy",A popular game by Arrowhead Game Studios.,Arrowhead Game Studios,Paradox Interactive
35720,Trine 2: Complete Story,,"Puzzle-Platformer, Platformer, Adventure, Action, Beautiful, 2D Platformer, Co-op, Puzzle, Fantasy, Indie, Online Co-Op, Local Co-Op, Multiplayer, Physics, Great Soundtrack, Singleplayer, Atmospheric, 2D, RPG, Casual",A popular game by Frozenbyte.,Frozenbyte,Frozenbyte
202170,Sleeping Dogs,,"Open World, Action, Martial Arts, Third Person, Crime, Adventure, Fighting, Singleplayer, Sandbox, Story Rich, Great Soundtrack, Driving, Automobile Sim, Parkour, Violent, RPG, Third-Person Shooter, Shooter, Atmospheric, Multiplayer",A popular game by United Front Games.,United Front Games,Square Enix
450390,The Lab,,"Free to Play, VR, Singleplayer, Action, First-Person, Adventure, Funny, Sandbox, Casual, Family Friendly, Sci-fi, FPS, Puzzle, Shooter, Memes, Strategy, Archery, Multiplayer, Atmospheric, Simulation",A popular game by Valve.,Valve,Valve
34830,Sniper: Ghost Warrior,,"Action, Sniper, FPS, Singleplayer, Multiplayer, Stealth, Shooter, First-Person, Bullet Time, Adventure, Military, Tactical, War, Simulation",A popular game by City Interactive.,City Interactive,CI Games
224480,Octodad: Dadliest Catch,,"Comedy, Physics, Funny, Indie, Family Friendly, Adventure, Local Co-Op, Walking Simulator, Action, Singleplayer, Co-op, Puzzle, Difficult, Short, Simulation, Third Person, Intentionally Awkward Controls, Addictive, Great Soundtrack, Local Multiplayer",A popular game by Young Horses.,Young Horses,Young Horses
312670,Strange Brigade,,"Action, Adventure, Co-op, Zombies, Multiplayer, Third Person, Shooter, Online Co-Op, Singleplayer, Violent, Third-Person Shooter, PvE, Puzzle, Horror, Open World, Funny, Comedy, Survival, Co-op Campaign, Mythology",A popular game by Rebellion.,Rebellion,Rebellion
905640,Combat Arms: Reloaded,,"Free to Play, Action, Shooter, FPS, Massively Multiplayer, Multiplayer, Strategy, Simulation, First-Person, Zombies, Singleplayer, Battle Royale, Violent, Controller, Survival","A popular game by VALOFE, NEXON.","VALOFE, NEXON",VALOFE
539470,Police Stories,,"Action, Strategy, Co-op, Simulation, Tactical, Villain Protagonist, Top-Down Shooter, Shooter, Multiplayer, Pixel Graphics, Online Co-Op, 2D, Indie, Singleplayer, Crime, Realistic, Atmospheric, Violent, Gore, Difficult",A popular game by HypeTrain Digital.,HypeTrain Digital,HypeTrain Digital
248610,Door Kickers,,"Tactical, Strategy, Top-Down, Simulation, Action, Indie, Singleplayer, Real-Time with Pause, 2D, Replay Value, Co-op, Real Time Tactics, RTS, Shooter, Top-Down Shooter, Moddable, Puzzle, Level Editor, Difficult, Multiplayer",A popular game by KillHouse Games.,KillHouse Games,KillHouse Games
391720,Layers of Fear (2016),,"Horror, Psychological Horror, Atmospheric, Walking Simulator, First-Person, Singleplayer, Story Rich, Indie, Adventure, Multiplayer, Psychedelic, Dark, Puzzle, Exploration, Great Soundtrack, Mystery, Lovecraftian, Surreal, Survival Horror, Short",A popular game by Bloober Team SA.,Bloober Team SA,Bloober Team SA
447820,Day of Infamy,,"World War II, FPS, Multiplayer, War, Realistic, Shooter, Military, Action, Singleplayer, Tactical, First-Person, Strategy, Co-op, Historical, Gore, Indie, Online Co-Op, Simulation, Open World, Violent",A popular game by New World Interactive.,New World Interactive,New World Interactive
1930,Two Worlds Epic Edition,,"RPG, Open World, Fantasy, Singleplayer, Third Person, Multiplayer, Adventure, Action, Medieval, Action RPG, Story Rich, Character Customization, Dark Fantasy, Magic, Hack and Slash, Co-op, Exploration, 3D, Atmospheric, Sandbox",A popular game by Reality Pump Studios.,Reality Pump Studios,Topware Interactive
209660,Call of Duty: Advanced Warfare - Gold Edition,,"Dog, FPS, Action, Multiplayer, Shooter, Futuristic, First-Person, Sci-fi, Linear, Singleplayer, America, War, Quick-Time Events, Short, Masterpiece, Illuminati, Military, Online Co-Op, Co-op, PvP","A popular game by Sledgehammer Games, Raven Software.","Sledgehammer Games, Raven Software",Activision
1789480,Marauders,,"Early Access, Extraction Shooter, Looter Shooter, PvP, Perma Death, FPS, Shooter, First-Person, Open World, Alternate History, Loot, Space Sim, Space, Realistic, Action, Military, Pirates, Tactical, Atmospheric, War",A popular game by Small Impact Games.,Small Impact Games,
251950,WWII Online,,"Flight, FPS, Shooter, Action, Free to Play, Early Access, World War II, Massively Multiplayer, Vehicular Combat, Simulation, Multiplayer, Strategy, Open World, First-Person, Realistic, Military, Wargame, Historical, Indie, MMORPG",A popular game by Cornered Rat Software.,Cornered Rat Software,"Playnet, Inc."
250180,METAL SLUG 3,,"Arcade, Classic, Action, Co-op, Side Scroller, Retro, Local Co-Op, Shooter, 2D, Online Co-Op, Great Soundtrack, Shoot 'Em Up, Platformer, Multiplayer, Pixel Graphics, Old School, Difficult, Singleplayer, Nostalgia, Local Multiplayer","A popular game by SNK CORPORATION, Dotemu.","SNK CORPORATION, Dotemu",SNK CORPORATION
228300,Remember Me,,"Cyberpunk, Action, Female Protagonist, Sci-fi, Third Person, Adventure, Story Rich, Singleplayer, Great Soundtrack, Atmospheric, Dystopian , Futuristic, Parkour, Beat 'em up, Beautiful, Linear, Action-Adventure, Hack and Slash, Fighting, Platformer",A popular game by DONTNOD Entertainment.,DONTNOD Entertainment,Capcom
215830,Closers,,"Anime, Free to Play, Massively Multiplayer, RPG, Action, Hack and Slash, MMORPG, Multiplayer, Character Customization, JRPG, Beat 'em up, Sexual Content, Side Scroller, Nudity, Singleplayer, Open World, Great Soundtrack, Adventure, Indie, Early Access",A popular game by Naddic Games.,Naddic Games,Naddic Games
354140,Five Nights at Freddy's 3,,"Horror, Singleplayer, Survival Horror, Robots, First-Person, Psychological Horror, Difficult, Indie, Survival, Strategy, Point & Click, Dark, Atmospheric, Mystery, Action, Simulation, 3D Vision, Great Soundtrack, Jump Scare, 2D",A popular game by Scott Cawthon.,Scott Cawthon,Scott Cawthon
209080,Guns of Icarus Online,,"Steampunk, Team-Based, Multiplayer, Co-op, Action, Tactical, Indie, Competitive, Simulation, Adventure, Flight, FPS, Online Co-Op, PvP, Strategy, First-Person, Shooter, Class-Based, Kickstarter, Massively Multiplayer",A popular game by Muse Games.,Muse Games,Muse Games
35700,Trine Enchanted Edition,,"Puzzle-Platformer, Beautiful, Fantasy, Platformer, Physics, Action, Local Co-Op, Adventure, Puzzle, Great Soundtrack, Indie, Co-op, Online Co-Op, Singleplayer, Multiplayer, Atmospheric, Local Multiplayer, Casual, 2D, Female Protagonist",A popular game by Frozenbyte.,Frozenbyte,Frozenbyte
845070,The Awesome Adventures of Captain Spirit,,"Free to Play, Story Rich, Adventure, Choices Matter, Atmospheric, Singleplayer, Great Soundtrack, Drama, Superhero, Short, Point & Click, Walking Simulator, Third Person, Controller, Casual, Emotional, Action, Cute, Indie, Memes",A popular game by DONTNOD Entertainment.,DONTNOD Entertainment,Square Enix
32800,Lord of the Rings: War in the North,,"RPG, Action, Co-op, Fantasy, Hack and Slash, Online Co-Op, Third Person, Action RPG, Adventure, Singleplayer, Multiplayer, Controller, Dwarf, Open World, Gore, Medieval, Atmospheric, Female Protagonist, 3D Vision, Linear",A popular game by Snowblind Studios.,Snowblind Studios,Warner Bros. Interactive Entertainment
774861,Project Winter,,"Team-Based, Snow, PvP, Exploration, Adventure, Crafting, Stylized, Controller, Social Deduction, Multiplayer, Survival, PvE, Colorful, Strategy, Funny, Atmospheric, Investigation, Action-Adventure, Action, Casual",A popular game by Other Ocean Interactive.,Other Ocean Interactive,Other Ocean Group
323910,SteamVR Performance Test,,"VR, Benchmark, Software, Utilities, Free to Play, Horror, Nudity, Female Protagonist, Anime, Singleplayer, Hentai, Sexual Content, Gore, Memes, Souls-like, Walking Simulator, Story Rich",A popular game by Valve.,Valve,DNVR Prod
1469280,SuchArt: Creative Space,,"Simulation, Free to Play, Sandbox, Singleplayer, First-Person, Realistic, Funny, Physics, Family Friendly, Adventure, Casual, Indie, Multiplayer, 3D, Life Sim, Relaxing, Immersive Sim, Management, Resource Management, VR",A popular game by Goose Minded.,Goose Minded,HypeTrain Digital
359840,Shift Happens,,"Co-op, Online Co-Op, Local Co-Op, Puzzle-Platformer, Local Multiplayer, Puzzle, Multiplayer, Family Friendly, Indie, Controller, 2D Platformer, Platformer, Action, 2.5D, Funny, Side Scroller, Colorful, 2D, Team-Based, Singleplayer",A popular game by Klonk Games.,Klonk Games,Daedalic Entertainment
214170,Divine Divinity,,"RPG, Fantasy, Isometric, Classic, Action RPG, Singleplayer, Open World, Real-Time with Pause, Hack and Slash, CRPG, Adventure, Exploration, 2D, Action, Atmospheric, Story Rich, Great Soundtrack, Funny, Female Protagonist, Cult Classic",A popular game by Larian Studios.,Larian Studios,Larian Studios
24740,Burnout Paradise: The Ultimate Box,,"Racing, Open World, Automobile Sim, Multiplayer, Destruction, Great Soundtrack, Driving, Singleplayer, Arcade, Exploration, Sandbox, Action, Controller, Co-op, Fast-Paced, Sports, Third Person, Online Co-Op, 3D Vision, Funny",A popular game by Criterion Games.,Criterion Games,Electronic Arts
252410,SteamWorld Dig,,"Platformer, Mining, Steampunk, Metroidvania, Indie, Adventure, Western, 2D, Robots, Action, Singleplayer, Exploration, Short, Casual, Sci-fi, Side Scroller, Great Soundtrack, Controller, Sandbox, RPG",A popular game by Image & Form Games.,Image & Form Games,Image & Form Games
32360,The Secret of Monkey Island: Special Edition,,"Point & Click, Adventure, Comedy, Classic, Pirates, Funny, Remake, Singleplayer, Puzzle, 1990's, 2D, Great Soundtrack, Story Rich, Cult Classic, Retro, Pixel Graphics, Nostalgia, Atmospheric, Escape Room, Family Friendly",A popular game by LucasArts.,LucasArts,"LucasArts, Lucasfilm, Disney"
2300,DOOM II,,"Classic, FPS, Action, 1990's, Retro, Shooter, Demons, Gore, Old School, Moddable, Violent, First-Person, Sci-fi, Singleplayer, Great Soundtrack, Multiplayer, Pixel Graphics, Boomer Shooter, Horror, Zombies",A popular game by id Software.,id Software,id Software
351940,The Descendant,,"Adventure, Point & Click, Casual, Story Rich, Post-apocalyptic, Episodic, Choices Matter, Sci-fi, Indie, Alternate History, Singleplayer, Free to Play, Atmospheric, Horror",A popular game by Gaming Corps AB.,Gaming Corps AB,"Microids Indie, Microids"
107100,Bastion,,"Great Soundtrack, Indie, Action, Singleplayer, Narration, RPG, Hack and Slash, Story Rich, Dynamic Narration, Isometric, Adventure, Action RPG, Fantasy, Atmospheric, Colorful, Post-apocalyptic, 2D, Music, Twin Stick Shooter, Controller",A popular game by Supergiant Games.,Supergiant Games,Supergiant Games
210770,Sanctum 2,,"Tower Defense, FPS, Co-op, Strategy, Action, Sci-fi, Indie, Online Co-Op, Multiplayer, First-Person, Shooter, Singleplayer, Survival, Aliens, Futuristic, Female Protagonist, Combat, Funny, Great Soundtrack, RPG",A popular game by Coffee Stain Studios.,Coffee Stain Studios,Coffee Stain Publishing
65930,The Bureau: XCOM Declassified,,"Action, Tactical, Sci-fi, Third-Person Shooter, Singleplayer, Third Person, Aliens, Strategy, Shooter, RPG, Atmospheric, Adventure, Cold War, Story Rich, Multiplayer, Open World, Noir, Stealth, Retro, Turn-Based",A popular game by 2K Marin.,2K Marin,2K
423230,Furi,,"Bullet Hell, Hack and Slash, Difficult, Shoot 'Em Up, Beat 'em up, Top-Down, Boss Rush, Third Person, Atmospheric, Sci-fi, Controller, Action, Story Rich, Cyberpunk, Fast-Paced, Violent, Replay Value, Singleplayer, Indie, Great Soundtrack",A popular game by The Game Bakers.,The Game Bakers,The Game Bakers
999220,Amnesia: Rebirth,,"Action-Adventure, First-Person, Puzzle, Story Rich, Singleplayer, Adventure, Exploration, Stealth, Lovecraftian, Horror, Atmospheric, Survival Horror, Dark, Physics, Action, Psychological Horror, Mystery, Emotional, Gothic, Female Protagonist",A popular game by Frictional Games.,Frictional Games,Frictional Games
746850,Cloudpunk,,"Cyberpunk, Open World, Atmospheric, Sci-fi, Futuristic, Story Rich, Driving, Female Protagonist, Exploration, Singleplayer, Voxel, Walking Simulator, Adventure, Third Person, RPG, Mature, First-Person, Indie, Action, Great Soundtrack",A popular game by ION LANDS.,ION LANDS,"ION LANDS, Maple Whispering Limited"
607050,Wargroove,,"Strategy, Turn-Based Tactics, Pixel Graphics, Turn-Based Strategy, Tactical RPG, Indie, Strategy RPG, Turn-Based, Tactical, Multiplayer, Singleplayer, Local Co-Op, Online Co-Op, Local Multiplayer, 4 Player Local, Co-op Campaign, PvP, Family Friendly, Controller, Co-op",A popular game by Chucklefish.,Chucklefish,Chucklefish
1647160,Deepest Sword,,"Pixel Graphics, 2D Platformer, Side Scroller, Puzzle-Platformer, Platformer, 2D, Free to Play, Precision Platformer, Dragons, Puzzle, Sexual Content, Fantasy, Funny, Medieval, Swordplay, Singleplayer, Linear, Indie, Physics, Action",A popular game by Cosmic Adventure Squad.,Cosmic Adventure Squad,Cosmic Adventure Squad
312280,Simply Chess,,"Chess, Board Game, Multiplayer, Strategy, Free to Play, Casual, Indie, Singleplayer, Turn-Based Strategy, Family Friendly, Tabletop, Great Soundtrack, Turn-Based, Classic, Horror",A popular game by BlueLine Games.,BlueLine Games,BlueLine Games
851100,Touhou Luna Nights,,"Metroidvania, Difficult, Side Scroller, Exploration, Bullet Hell, Platformer, Action-Adventure, RPG, Female Protagonist, 2D, Time Manipulation, Controller, Action, Anime, Pixel Graphics, Adventure, Faith, Singleplayer, Indie, Great Soundtrack","A popular game by Team Ladybug, WSS playground.","Team Ladybug, WSS playground","WSS playground, Alliance Arts"
557180,League of Maidens,,"Nudity, Mature, Free to Play, Character Customization, Female Protagonist, NSFW, Casual, RPG, Superhero, Action, Singleplayer, Comic Book, Strategy, Adventure, Hack and Slash, Early Access, Looter Shooter, Violent, Action RPG, Gore",A popular game by Maiden Gaming Inc..,Maiden Gaming Inc.,Maiden Gaming Inc.
255220,GRID Autosport,,"Racing, Automobile Sim, Sports, Simulation, Driving, Multiplayer, Arcade, Split Screen, Singleplayer, Controller, Realistic, Action, Co-op, Local Multiplayer, Atmospheric, Great Soundtrack, Touch-Friendly, VR, Adventure, Beautiful","A popular game by Codemasters Racing, Feral Interactive (Mac), Feral Interactive (Linux).","Codemasters Racing, Feral Interactive (Mac), Feral Interactive (Linux)","Codemasters, Feral Interactive (Mac), Feral Interactive (Linux)"
491950,Orwell: Keeping an Eye On You,,"Choices Matter, Political Sim, Dystopian , Story Rich, Indie, Singleplayer, Detective, Simulation, Interactive Fiction, Hacking, Politics, Political, Adventure, Mouse only, Atmospheric, Visual Novel, Episodic, Mystery, Point & Click, Great Soundtrack",A popular game by Osmotic Studios.,Osmotic Studios,Daedalic Entertainment
208480,Assassin’s Creed III,,"Adventure, Open World, Action, Assassin, Parkour, Stealth, Third Person, Historical, Multiplayer, America, Singleplayer, Story Rich, Hunting, Atmospheric, Action-Adventure, Sandbox, Alternate History, Conspiracy, Controller, 3D",A popular game by Ubisoft Montreal.,Ubisoft Montreal,Ubisoft
32380,STAR WARS Jedi Knight: Dark Forces II,,"Action, FPS, Classic, Sci-fi, Third Person, Singleplayer, First-Person, Shooter, Multiplayer, Space, Adventure, Great Soundtrack, FMV, Retro, 1990's, Boomer Shooter, Story Rich",A popular game by LucasArts.,LucasArts,"LucasArts, Lucasfilm, Disney"
433350,BlackShot: Mercenary Warfare FPS,,"Free to Play, FPS, Action, Shooter, Multiplayer, Casual, First-Person, Online Co-Op, Massively Multiplayer, Zombies, Singleplayer, Post-apocalyptic, Funny, Open World, War, Co-op, Violent, Horror, Controller, Sexual Content",A popular game by Vertigo Games America.,Vertigo Games America,"Papaya Play, Vertigo Games America"
307110,We Need To Go Deeper,,"Co-op, 2D, Lovecraftian, Rogue-lite, Multiplayer, Underwater, Hand-drawn, Submarine, Steampunk, Action, Simulation, Team-Based, PvE, Exploration, Rogue-like, Adventure, Online Co-Op, Loot, 2D Platformer, Cartoon",A popular game by Deli Interactive LLC.,Deli Interactive LLC,Deli Interactive LLC
360830,Yooka-Laylee,,"3D Platformer, Collectathon, Adventure, Kickstarter, Indie, Platformer, Colorful, Action, Family Friendly, Exploration, Great Soundtrack, Singleplayer, Cute, Funny, Retro, Open World, Casual, Comedy, Cartoony, Multiplayer",A popular game by Playtonic Games.,Playtonic Games,Playtonic Friends
72200,Universe Sandbox Legacy,,"Simulation, Sandbox, Space, Physics, Science, Education, Indie, Casual, Singleplayer, God Game, Sci-fi, Free to Play, Atmospheric, Space Sim, Funny, Exploration, Destruction, Epic, Action, VR",A popular game by Giant Army.,Giant Army,Giant Army
774241,Warhammer: Chaosbane,,"Singleplayer, PvE, RPG, Co-op Campaign, Hack and Slash, Action, Action RPG, Adventure, Isometric, Multiplayer, Dark Fantasy, Co-op, Dungeon Crawler, Top-Down, Violent, Online Co-Op, Character Customization, Demons, Local Multiplayer, Local Co-Op",A popular game by Eko Software.,Eko Software,Nacon
424280,Iron Snout,,"Free to Play, 2D Fighter, Action, Funny, Fighting, Gore, 2D, Indie, Singleplayer, Cartoon, Blood, Survival, Violent, Beat 'em up, Fast-Paced, Casual, Arcade, Cute, Difficult, Co-op",A popular game by SnoutUp.,SnoutUp,SnoutUp
274940,Depth,,"Shooter, Multiplayer, Underwater, Atmospheric, Team-Based, FPS, Horror, Gore, Survival, Hunting, Co-op, Survival Horror, PvP, Action, Exploration, Adventure, Singleplayer, First-Person, Third Person, Online Co-Op",A popular game by Ammobox Studios.,Ammobox Studios,Ammobox Studios
706990,BLOCKPOST,,"Free to Play, FPS, Multiplayer, Pixel Graphics, Action, Shooter, First-Person, Indie, Massively Multiplayer, Building, Co-op, Early Access, Online Co-Op, Funny, Zombies, Survival, Gore, Fast-Paced, Singleplayer, Simulation",A popular game by Skullcap Studios.,Skullcap Studios,Skullcap Studios
262280,Dungeons 2,,"Strategy, Management, RPG, Fantasy, Dungeon Crawler, RTS, Villain Protagonist, Comedy, Simulation, Singleplayer, Multiplayer, Funny, Base-Building, Competitive, Top-Down, God Game, Building, Tower Defense, Sandbox, Adventure",A popular game by Realmforge Studios.,Realmforge Studios,Kalypso Media Digital
31280,Poker Night at the Inventory,,"Card Game, Casual, Comedy, Singleplayer, Funny, Gambling, Strategy, Sports, Conversation, Simulation, Memes, Indie, First-Person, Touch-Friendly, Point & Click, Board Game, Multiplayer, Action, Relaxing, Great Soundtrack",A popular game by Telltale Games.,Telltale Games,Soldak Entertainment
21110,F.E.A.R.,,,"A popular game by Monolith Productions, Inc., Timegate.","Monolith Productions, Inc., Timegate","Warner Bros. Games, Warner Bros. Interactive Entertainment"
17570,"Pirates, Vikings, and Knights II",,"Free to Play, Multiplayer, Action, Medieval, Pirates, FPS, Swordplay, Funny, First-Person, Hack and Slash, Indie, Mod, Historical, Vikings, PvP, Fast-Paced, Singleplayer, Shooter, Massively Multiplayer, Memes",A popular game by Octoshark Studios.,Octoshark Studios,Octoshark Studios
17430,Need for Speed Undercover,,"Racing, Open World, Multiplayer, Action, Automobile Sim, Driving, Arcade, Singleplayer, Simulation, Story Rich, Great Soundtrack, Controller, Classic, Online Co-Op",A popular game by EA Black Box.,EA Black Box,Electronic Arts
530620,Resident Evil 7 Teaser: Beginning Hour,,"Horror, Survival Horror, Gore, Free to Play, Multiplayer, First-Person, Zombies, Action, Violent, Psychological Horror, Survival, Adventure, Atmospheric, Singleplayer, FPS, Puzzle, Mature, Nudity, Shooter, VR","A popular game by CAPCOM Co., Ltd..","CAPCOM Co., Ltd.","CAPCOM Co., Ltd."
1104450,Bombergrounds: Battle Royale,,"Multiplayer, Battle Royale, Funny, Family Friendly, Online Co-Op, Cute, Arcade, Massively Multiplayer, Casual, Comedy, PvP, Action, Free to Play, Co-op, Controller, Character Customization, Retro, Top-Down, Colorful, Strategy",A popular game by Gigantic Duck Games.,Gigantic Duck Games,Gigantic Duck Games
230230,Divinity: Original Sin (Classic),,"RPG, Turn-Based, Co-op, Fantasy, Adventure, Strategy, Open World, Isometric, CRPG, Story Rich, Kickstarter, Singleplayer, Indie, Multiplayer, Turn-Based Strategy, Magic, Online Co-Op, Crowdfunded, Atmospheric, Female Protagonist",A popular game by Larian Studios.,Larian Studios,Larian Studios
17500,Zombie Panic! Source,,"Free to Play, Zombies, Multiplayer, Action, Survival, Horror, Mod, FPS, Indie, Co-op, Online Co-Op, First-Person, Shooter, Adventure, Team-Based, Survival Horror, Gore, Casual, Atmospheric, Dark",A popular game by Zombie Panic! Team.,Zombie Panic! Team,Zombie Panic! Team
355180,Codename CURE,,"Zombies, Shooter, Free to Play, Survival Horror, Co-op, FPS, Military, Post-apocalyptic, Class-Based, PvE, Action, Online Co-Op, First-Person, Moddable, Singleplayer, Gore, Multiplayer, PvP, Mod, 3D",A popular game by Raptor Byte.,Raptor Byte,Raptor Byte
55100,Homefront,,"Action, FPS, Shooter, Multiplayer, Singleplayer, First-Person, Military, War, Atmospheric, Short, Open World, Violent, Story Rich, Gore, Co-op, Adventure, Alternate History, Survival, Linear, Realistic","A popular game by Kaos Studios, Digital Extremes.","Kaos Studios, Digital Extremes",Deep Silver
816020,JUMP FORCE,,"Anime, Fighting, Action, Multiplayer, Character Customization, Singleplayer, Local Multiplayer, RPG, Open World, Controller, Beat 'em up, Co-op, Story Rich, Casual, Nudity, Violent, Fantasy, Massively Multiplayer, 3D Fighter, Great Soundtrack","A popular game by Spike Chunsoft Co., Ltd..","Spike Chunsoft Co., Ltd.",BANDAI NAMCO Entertainment
221640,Super Hexagon,,"Difficult, Great Soundtrack, Indie, Fast-Paced, Arcade, Addictive, Rhythm, Singleplayer, Minimalist, Action, Score Attack, Music, 2D, Psychedelic, Colorful, Casual, Replay Value, Controller, Puzzle, Soundtrack",A popular game by Terry Cavanagh.,Terry Cavanagh,Terry Cavanagh
711810,Never Split the Party,,"Action Roguelike, Rogue-like, Indie, Replay Value, Difficult, Dungeon Crawler, Pixel Graphics, Free to Play, Procedural Generation, Dark, Multiplayer, Rogue-lite, Action, RPG, Adventure, Co-op, Online Co-Op, 2D, Survival, Local Co-Op",A popular game by Legend Studio.,Legend Studio,Legend Studio
268750,Magicite,,"Indie, RPG, Rogue-like, Multiplayer, Pixel Graphics, 2D, Action Roguelike, Adventure, Platformer, Crafting, Co-op, Perma Death, Action, Survival, Difficult, Online Co-Op, Rogue-lite, Singleplayer, Sandbox, Side Scroller",A popular game by Sean Young.,Sean Young,SmashGames
449960,Book of Demons,,"Dungeon Crawler, Roguelike Deckbuilder, Hack and Slash, RPG, Deckbuilding, Singleplayer, Isometric, Action RPG, Dark Fantasy, Fantasy, Demons, Card Game, Action, Adventure, Action-Adventure, Rogue-like, Controller, Zombies, Atmospheric, Rogue-lite",A popular game by Thing Trunk.,Thing Trunk,Thing Trunk
274900,Murder Miners,,"Level Editor, Split Screen, Arena Shooter, Voxel, Zombies, Sniper, 4 Player Local, Action, Indie, Local Multiplayer, FPS, Shooter, Multiplayer, Retro, First-Person, Competitive, PvP, Co-op, Building, Sandbox",A popular game by JForce Games.,JForce Games,JForce Games
256290,Child of Light,,"RPG, Fantasy, Great Soundtrack, Turn-Based, Female Protagonist, Platformer, Adventure, 2D, Atmospheric, Story Rich, Hand-drawn, Beautiful, Singleplayer, Cute, Side Scroller, Local Co-Op, Turn-Based Strategy, Indie, Casual, Action",A popular game by Ubisoft Montréal.,Ubisoft Montréal,Ubisoft
311290,SpellForce 3 Reforced,,"RPG, Strategy, RTS, Fantasy, Singleplayer, Multiplayer, Open World, Co-op, Atmospheric, Great Soundtrack, Character Customization, Adventure, Story Rich, Isometric, Building, Nudity, Base-Building, CRPG, Action, Dwarf",A popular game by Grimlore Games.,Grimlore Games,THQ Nordic
1832640,Mirror 2: Project X,,"3D, Match 3, Anime, Female Protagonist, Drama, Visual Novel, Interactive Fiction, Singleplayer, Multiple Endings, FPS, RPG, Casual, Story Rich, FMV, Colorful, Adventure, Early Access, Indie, 3D Platformer, Shooter",A popular game by KAGAMI Ⅱ WORKs.,KAGAMI Ⅱ WORKs,NIJICO
511470,Glass Masquerade,,"Puzzle, Relaxing, Casual, Indie, Atmospheric, Great Soundtrack, Beautiful, Singleplayer, 2D",A popular game by Onyx Lute.,Onyx Lute,Onyx Lute
233720,Surgeon Simulator,,"Simulation, Funny, Physics, Comedy, Medical Sim, Indie, Dark Humor, Difficult, Puzzle, Intentionally Awkward Controls, VR, First-Person, Casual, Aliens, Singleplayer, Dark, Action, Blood, Gore, Great Soundtrack",A popular game by Bossa Studios.,Bossa Studios,"Infogrames, Atari"
1676130,Deadlink,,"FPS, Action Roguelike, Cyberpunk, Class-Based, Fast-Paced, Difficult, Rogue-lite, Arena Shooter, Shooter, First-Person, Action, Stylized, Transhumanism, Comic Book, Singleplayer, Dystopian , Futuristic, Hacking, Perma Death, Cartoony",A popular game by Gruby Entertainment.,Gruby Entertainment,SuperGG.com
368370,Her Story,,"Investigation, Typing, Choose Your Own Adventure, Interactive Fiction, Exploration, Detective, Puzzle, Crime, Visual Novel, FMV, Point & Click, Female Protagonist, Nonlinear, Conversation, Psychological Horror, Story Rich, Simulation, Casual, Singleplayer, Realistic",A popular game by Sam Barlow.,Sam Barlow,Sam Barlow
12900,AudioSurf,,"Music, Rhythm, Indie, Casual, Music-Based Procedural Generation, Arcade, Colorful, Singleplayer, Relaxing, Score Attack, Addictive, Local Co-Op, Procedural Generation, Replay Value, Puzzle, Fast-Paced, Great Soundtrack, Racing, Co-op, Local Multiplayer",A popular game by Dylan Fitterer.,Dylan Fitterer,
233290,Murdered: Soul Suspect,,"Detective, Adventure, Mystery, Supernatural, Horror, Atmospheric, Singleplayer, Action, Crime, Story Rich, Third Person, Noir, Puzzle, Open World, Stealth, RPG, Dark, Walking Simulator, Point & Click, Short",A popular game by Airtight Games.,Airtight Games,Square Enix
380840,Teeworlds,,"Free to Play, Multiplayer, 2D, Action, Platformer, Shooter, Indie, Side Scroller, Co-op, Arena Shooter, Funny, Level Editor, Massively Multiplayer, PvP, Cute, Online Co-Op, Adventure, Team-Based, Strategy, Controller",A popular game by Teeworlds Team.,Teeworlds Team,Teeworlds Team
92800,SpaceChem,,"Puzzle, Difficult, Programming, Indie, Logic, Singleplayer, Automation, Sci-fi, Great Soundtrack, Science, 2D, Space, Simulation, Illuminati, Casual, Addictive, Education, Strategy, Touch-Friendly, Building",A popular game by Zachtronics.,Zachtronics,Zachtronics
317360,Double Action: Boogaloo,,"Free to Play, Action, Multiplayer, Shooter, Parkour, Third-Person Shooter, FPS, Bullet Time, First-Person, Open World, Funny, Indie, Co-op, Comedy, Singleplayer, Online Co-Op, Adventure, Survival, Controller, Zombies","A popular game by Double Action Factory, Jorge Rodriguez.","Double Action Factory, Jorge Rodriguez",Double Action Factory
219890,Antichamber,,"Puzzle, First-Person, Indie, Surreal, Exploration, Singleplayer, Abstract, Nonlinear, Adventure, Minimalist, Difficult, Atmospheric, Psychedelic, Psychological, Colorful, Great Soundtrack, Metroidvania, Replay Value, Sci-fi, Platformer",A popular game by Alexander Bruce.,Alexander Bruce,Demruth
280160,Aragami,,"Stealth, Ninja, Assassin, Action, Co-op, Indie, Adventure, Multiplayer, Third Person, Singleplayer, Anime, Great Soundtrack, Atmospheric, Online Co-Op, Magic, Blood, Strategy, Violent, Gore, Open World",A popular game by Lince Works.,Lince Works,Lince Works
28000,Kane & Lynch 2: Dog Days,,"Action, Co-op, Third-Person Shooter, Crime, Violent, Shooter, Third Person, Atmospheric, Mature, Multiplayer, Singleplayer, Short, Heist, Nudity, Story Rich, Local Co-Op, Adventure, Great Soundtrack, Open World, Psychological Horror",A popular game by IO Interactive.,IO Interactive,Square Enix
206190,Gunpoint,,"Stealth, Indie, Puzzle, 2D, Pixel Graphics, Singleplayer, Comedy, Action, Strategy, Noir, Platformer, Great Soundtrack, Funny, Short, Hacking, Level Editor, GameMaker, Story Rich, Adventure, Sci-fi",A popular game by Suspicious Developments.,Suspicious Developments,Suspicious Developments
225420,Cities in Motion 2,,"Simulation, Strategy, Transportation, Management, City Builder, Sandbox, Economy, Building, Singleplayer, Trains, Multiplayer, Co-op",A popular game by Colossal Order.,Colossal Order,Paradox Interactive
219830,King Arthur's Gold,,"Multiplayer, 2D, Action, Pixel Graphics, Building, Indie, Medieval, Sandbox, Team-Based, Platformer, Competitive, Co-op, Free to Play, Strategy, Side Scroller, Fast-Paced, Singleplayer, Funny, Zombies, 2D Platformer",A popular game by Transhuman Design.,Transhuman Design,Transhuman Design
370910,Kathy Rain,,"Point & Click, Adventure, Pixel Graphics, Female Protagonist, Mystery, Detective, Indie, Singleplayer, Story Rich, Puzzle, Psychological Horror, Noir, Retro, Hand-drawn, Third Person, Supernatural, RPG, Atmospheric, Choices Matter, Exploration",A popular game by Clifftop Games.,Clifftop Games,Raw Fury
96000,The Tiny Bang Story,,"Point & Click, Puzzle, Hand-drawn, Steampunk, Retro, Atmospheric, 2D, Story Rich, Casual, Family Friendly, Cute, Stylized, Surreal, Adventure, Hidden Object, Singleplayer, Indie, Minigames, Logic, Relaxing",A popular game by Colibri Games.,Colibri Games,Colibri Games
237930,Transistor,,"Great Soundtrack, Female Protagonist, Indie, Cyberpunk, Story Rich, Sci-fi, Action RPG, Singleplayer, RPG, Beautiful, Isometric, Atmospheric, Action, Narration, Strategy, Tactical, Adventure, Turn-Based, Short, Hack and Slash",A popular game by Supergiant Games.,Supergiant Games,Supergiant Games
65790,Arma: Cold War Assault Remastered,,"Simulation, Action, Military, Strategy, FPS, Cold War, Classic, Open World, Tactical, Multiplayer, War, Shooter, Realistic, First-Person, Singleplayer, Sandbox, Moddable, Team-Based, Third Person, Gore","A popular game by Bohemia Interactive, Josef Šimánek (retro).","Bohemia Interactive, Josef Šimánek (retro)",Bohemia Interactive
17300,Crysis,,"FPS, Action, Sci-fi, Singleplayer, Shooter, Stealth, Open World, Aliens, First-Person, Benchmark, Multiplayer, Futuristic, Atmospheric, Adventure, Story Rich, Classic, Destruction, Sandbox, Great Soundtrack, Moddable",A popular game by Crytek.,Crytek,Electronic Arts
250400,How to Survive,,"Survival, Zombies, Crafting, Open World Survival Craft, Action, Co-op, Multiplayer, RPG, Local Co-Op, Online Co-Op, Adventure, Survival Horror, Open World, Hack and Slash, Post-apocalyptic, Gore, Singleplayer, Third Person, Comedy, Indie",A popular game by Eko Software.,Eko Software,505 Games
239200,Amnesia: A Machine for Pigs,,"Horror, Walking Simulator, Atmospheric, Story Rich, First-Person, Psychological Horror, Exploration, Mystery, Interactive Fiction, Singleplayer, Adventure, Indie, Survival Horror, Dark, Narration, Short, Lovecraftian, Action, Puzzle, Linear",A popular game by The Chinese Room.,The Chinese Room,Frictional Games
21120,F.E.A.R.,,,"A popular game by Monolith Productions, Inc., Timegate.","Monolith Productions, Inc., Timegate","Warner Bros. Games, Warner Bros. Interactive Entertainment"
1148650,The Legend of Bum-Bo,,"Rogue-lite, Indie, Strategy, Adventure, Puzzle, Match 3, Singleplayer, Great Soundtrack, Funny, Difficult, Casual, Card Game, Deckbuilding, Turn-Based, Turn-Based Strategy, RPG, Rogue-like, Early Access","A popular game by Edmund McMillen, James Interactive, Ridiculon.","Edmund McMillen, James Interactive, Ridiculon",Edmund McMillen
1164850,Sinking Simulator,,"Simulation, Sandbox, Indie, Casual, Destruction, Physics, 2D, Psychological Horror, Singleplayer, Free to Play, Multiplayer, Naval",A popular game by Wicpar.,Wicpar,Pac0master
240760,Wasteland 2: Director's Cut,,"RPG, Post-apocalyptic, Turn-Based, Strategy, Tactical, Isometric, Adventure, CRPG, Singleplayer, Kickstarter, Open World, Indie, Turn-Based Strategy, Sci-fi, Survival, Crowdfunded, Atmospheric, Exploration, Old School, Action RPG",A popular game by inXile Entertainment.,inXile Entertainment,inXile Entertainment
384190,ABZU,,"Relaxing, Atmospheric, Underwater, Exploration, Great Soundtrack, Adventure, Singleplayer, Casual, Colorful, Indie, Beautiful, Fantasy, Family Friendly, Short, Open World, Story Rich, Third Person, Walking Simulator, Simulation, Controller",A popular game by Giant Squid.,Giant Squid,505 Games
301910,Saints Row: Gat out of Hell,,"Action, Open World, Comedy, Co-op, Third Person, Funny, Demons, Third-Person Shooter, Multiplayer, Adventure, Shooter, Singleplayer, Sandbox, Dark Humor, Atmospheric, Female Protagonist, Mature, Online Co-Op, Gore, Violent","A popular game by Deep Silver Volition, High Voltage Software.","Deep Silver Volition, High Voltage Software",Deep Silver
257730,Infinity Wars: Animated Trading Card Game,,"Turn-Based Tactics, PvP, Post-apocalyptic, Turn-Based Combat, Card Battler, Trading Card Game, Competitive, Turn-Based, Board Game, Card Game, Turn-Based Strategy, Strategy, Dragons, Steampunk, Deckbuilding, Hand-drawn, Fantasy, Sci-fi, Tactical, Zombies",A popular game by Lightmare Studios.,Lightmare Studios,Lightmare Studios
247430,Hitman: Contracts,,"Stealth, Action, Assassin, Singleplayer, Third Person, Classic, Atmospheric, Great Soundtrack, Dark, Shooter, Difficult, Puzzle, Crime, Third-Person Shooter, First-Person, Sandbox, Gore, Violent, Psychological Horror, Open World",A popular game by Io-Interactive A/S.,Io-Interactive A/S,Io-Interactive A/S
1128000,Cube World,,"Open World, Adventure, Multiplayer, RPG, Voxel, Exploration, Indie, Online Co-Op, Fantasy, Co-op, Third Person, Pixel Graphics, Singleplayer, Procedural Generation, Crafting, Action RPG, Great Soundtrack, Sandbox, Survival, Walking Simulator",A popular game by Picroma.,Picroma,Picroma
360170,How to Survive 2,,"Survival, Zombies, Multiplayer, Open World Survival Craft, Open World, Co-op, Crafting, Action, RPG, Adventure, Base-Building, Local Co-Op, Gore, Singleplayer, Third Person, Top-Down Shooter, Shooter, 4 Player Local, Early Access, Dark Humor",A popular game by Eko Software.,Eko Software,505 Games
462770,Pyre,,"Indie, RPG, Great Soundtrack, Story Rich, Action, Visual Novel, Atmospheric, Hand-drawn, Fantasy, Singleplayer, Choices Matter, Colorful, Party-Based RPG, Adventure, Local Multiplayer, Lore-Rich, Multiple Endings, Interactive Fiction, Stylized, Music",A popular game by Supergiant Games.,Supergiant Games,Supergiant Games
252850,Streamline,,"Early Access, Action, Indie, Sports, Parkour, Multiplayer",A popular game by Proletariat Inc..,Proletariat Inc.,Proletariat Inc.
273350,Evolve Stage 2,,"Action, Multiplayer, Co-op, FPS, Online Co-Op, Shooter, Team-Based, Survival, Sci-fi, Aliens, PvP, First-Person, Class-Based, Strategy, Atmospheric, Third Person, Tactical, Singleplayer, Stealth, Casual",A popular game by Turtle Rock Studios.,Turtle Rock Studios,2K
50620,Darksiders,,"Action, Adventure, Hack and Slash, Third Person, Singleplayer, Post-apocalyptic, Fantasy, Controller, Action RPG, Puzzle, Action-Adventure, Gore, Open World, RPG, Spectacle fighter, Beat 'em up, 3D Platformer, Metroidvania, Character Action Game, Platformer",A popular game by Vigil Games.,Vigil Games,THQ Nordic
436520,Line of Sight,,"Free to Play, FPS, Action, Multiplayer, Shooter, Gun Customization, First-Person, Military, Character Customization, Open World, Singleplayer, Zombies, Survival, War, Controller, Co-op, Competitive, Strategy, Adventure, Indie",A popular game by BlackSpot Entertainment.,BlackSpot Entertainment,BlackSpot Entertainment
417860,Emily is Away,,"Free to Play, Story Rich, Singleplayer, Choices Matter, Indie, Interactive Fiction, Simulation, Retro, Casual, Choose Your Own Adventure, Visual Novel, Romance, Pixel Graphics, Dating Sim, Short, Text-Based, Adventure, 2D, Funny, Illuminati",A popular game by Kyle Seeley.,Kyle Seeley,Kyle Seeley
225080,Brothers - A Tale of Two Sons,,"Adventure, Atmospheric, Story Rich, Controller, Indie, Emotional, Puzzle, Short, Fantasy, Singleplayer, Beautiful, Great Soundtrack, Local Co-Op, Multiplayer, Action, Platformer, Third Person, Casual, Walking Simulator, 3D Vision",A popular game by Starbreeze Studios AB.,Starbreeze Studios AB,505 Games
261110,Killer is Dead - Nightmare Edition,,"Action, Hack and Slash, Surreal, Singleplayer, Stylized, Character Action Game, Gore, Spectacle fighter, Third Person, Adventure, Great Soundtrack, Atmospheric, Swordplay, Comedy, Story Rich, Dating Sim, Violent, Cyberpunk, Beat 'em up, Sexual Content",A popular game by KADOKAWA GAMES / GRASSHOPPER MANUFACTURE.,KADOKAWA GAMES / GRASSHOPPER MANUFACTURE,Deep Silver
673130,AMID EVIL,,"Old School, Boomer Shooter, Arena Shooter, FPS, Sci-fi, Magic, Surreal, Shooter, First-Person, Psychedelic, Colorful, Action, Fantasy, Dark Fantasy, Atmospheric, Adventure, Retro, 1990's, Singleplayer, Combat",A popular game by Indefatigable.,Indefatigable,New Blood Interactive
578310,BRAIN / OUT,,"Free to Play, 2D, Shooter, Multiplayer, Pixel Graphics, Action, Survival, Massively Multiplayer, Platformer, Indie, Co-op, Violent, Gun Customization, Side Scroller, War, Post-apocalyptic, Gore, Local Multiplayer, Singleplayer, Casual",A popular game by Desertkun.,Desertkun,Desertkun
410110,12 is Better Than 6,,"Action, Shooter, Western, Top-Down Shooter, Singleplayer, Indie, Hand-drawn, 2D, Violent, Atmospheric, Adventure, Difficult, Blood, Gore, Great Soundtrack, Arcade, Stylized, Top-Down, Dark Humor, Funny",A popular game by Ink Stains Games.,Ink Stains Games,HypeTrain Digital
298240,War Trigger 3,,"Shooter, Free to Play, FPS, Multiplayer, Action, War, First-Person, Tanks, Third-Person Shooter, Open World, Simulation, Singleplayer, PvP, Third Person, Indie, Co-op, Controller, Early Access, Adventure, Casual","A popular game by Rocketeer Games Studio, LLC.","Rocketeer Games Studio, LLC","Rocketeer Games Studio, LLC"
319910,Trine 3: The Artifacts of Power,,"Puzzle-Platformer, 3D Platformer, Adventure, Co-op, Action, Fantasy, Local Co-Op, Controller, Puzzle, Platformer, Indie, Atmospheric, Multiplayer, Short, Physics, Local Multiplayer, 3D Vision, Singleplayer, RPG, 2.5D",A popular game by Frozenbyte.,Frozenbyte,Frozenbyte
1949190,Necrosmith,,"Zombies, Action Roguelike, Tower Defense, Rogue-lite, Bullet Hell, Strategy, Top-Down, Rogue-like, 2D, Pixel Graphics, Simulation, Dark Fantasy, Vampire, Magic, Old School, Combat, Werewolves, Singleplayer, Exploration, Supernatural",A popular game by Alawar.,Alawar,Alawar
264200,One Finger Death Punch,,"Action, 2D Fighter, Fast-Paced, Indie, Beat 'em up, Fighting, Singleplayer, Addictive, 2D, Martial Arts, Casual, Difficult, Arcade, Great Soundtrack, Rhythm, Epic, Mouse only, Gore, Blood, Funny",A popular game by Silver Dollar Games.,Silver Dollar Games,Silver Dollar Games
356310,METAL SLUG DEFENSE,,"Free to Play, Action, 2D, Tower Defense, Multiplayer, Strategy, Adventure, Pixel Graphics, Shooter, Massively Multiplayer, Arcade, Singleplayer, Casual",A popular game by SNK CORPORATION.,SNK CORPORATION,SNK CORPORATION
1282690,Crysis 3,,"Action, Shooter, Adventure, Multiplayer, FPS, Singleplayer, Violent, Sci-fi, Gore, Strategy, Stealth, First-Person, Aliens, Story Rich, Open World, Benchmark, Post-apocalyptic, Great Soundtrack, Co-op, Online Co-Op",A popular game by Crytek.,Crytek,Electronic Arts
405640,Pony Island,,"Puzzle, Indie, Psychological Horror, Pixel Graphics, Hacking, Singleplayer, Demons, Horror, Dark, Experimental, Great Soundtrack, Horses, 2D, Story Rich, Funny, Short, Atmospheric, Cute, Memes, Gore",A popular game by Daniel Mullins Games.,Daniel Mullins Games,Daniel Mullins Games
249650,Blackguards,,"RPG, Turn-Based, Strategy, Tactical, Fantasy, Indie, Singleplayer, Turn-Based Strategy, Adventure, Tactical RPG, Isometric, Hex Grid, Character Customization, Dark Fantasy, Turn-Based Tactics, Story Rich, Action, CRPG, Difficult, Turn-Based Combat",A popular game by Daedalic Entertainment.,Daedalic Entertainment,Daedalic Entertainment
278360,A Story About My Uncle,,"Adventure, First-Person, Parkour, Singleplayer, Indie, Atmospheric, Platformer, Story Rich, 3D Platformer, Puzzle, Fantasy, Casual, Short, Sci-fi, Relaxing, Narration, Action, Family Friendly, Great Soundtrack, Difficult",A popular game by Gone North Games.,Gone North Games,Coffee Stain Publishing
24980,Mass Effect 2 (2010 Edition),,"RPG, Sci-fi, Story Rich, Third-Person Shooter, Action, Space, Singleplayer, Great Soundtrack, Choices Matter, Adventure, Cinematic, Romance, Third Person, Character Customization, Shooter, Atmospheric, Female Protagonist, Action RPG, Real-Time with Pause, Classic",A popular game by BioWare.,BioWare,Electronic Arts
6880,Just Cause,,"Action, Open World, Shooter, Third Person, Singleplayer, Adventure, Sandbox, Third-Person Shooter, Classic, Multiplayer, Controller, Atmospheric, Great Soundtrack, Action RPG, Violent, Funny, RPG",A popular game by Avalanche Studios.,Avalanche Studios,Square Enix
356670,Spooky's Jump Scare Mansion,,"Horror, Free to Play, Cute, First-Person, Singleplayer, Indie, Atmospheric, Psychological Horror, Cartoon, Dark Humor, Funny, Dark, Adventure, Survival Horror, Procedural Generation, Survival, Action, 3D, Walking Simulator, Comedy",A popular game by Lag Studios.,Lag Studios,Lag Studios
236090,Dust: An Elysian Tail,,"Action, Platformer, Metroidvania, Indie, RPG, Adventure, 2D, Singleplayer, Fantasy, Great Soundtrack, Beat 'em up, Hack and Slash, Exploration, Story Rich, Controller, Beautiful, Side Scroller, Anime, Action RPG, Atmospheric",A popular game by Humble Hearts LLC.,Humble Hearts LLC,Xbox Game Studios
301750,RADical ROACH Remastered,,"Indie, Action, Casual, Adventure, Simulation, Strategy, Shoot 'Em Up, Bullet Hell, Side Scroller, Singleplayer, Shooter, Difficult",A popular game by DL Softworks.,DL Softworks,DL Softworks
1285670,Post Void,,"FPS, Psychedelic, Fast-Paced, Action Roguelike, Difficult, Shooter, First-Person, Singleplayer, Surreal, Action, Pixel Graphics, Arcade, Retro, Violent, Colorful, Score Attack, Procedural Generation, 1990's, Old School, Tutorial",A popular game by YCJY Games.,YCJY Games,YCJY Games
203750,Binary Domain,,"Action, Third-Person Shooter, Sci-fi, Robots, Cyberpunk, Story Rich, Shooter, Third Person, Singleplayer, Transhumanism, Futuristic, Adventure, Co-op, Multiplayer, Dystopian , Controller, Atmospheric, Voice Control, Great Soundtrack, RPG",A popular game by Devil's Details.,Devil's Details,SEGA
212800,Super Crate Box,,"Free to Play, Indie, Platformer, Pixel Graphics, Action, 2D, Shooter, Arcade, Multiplayer, Singleplayer, Difficult, Retro, Addictive, GameMaker, Fast-Paced, Controller, Co-op, Great Soundtrack, Family Friendly, Rogue-like",A popular game by Vlambeer.,Vlambeer,Vlambeer
724970,神舞幻想 Faith of Danschant,,"RPG, Turn-Based, Martial Arts, Singleplayer, Story Rich, Fantasy, Anime",A popular game by 北京九鳳信息科技有限公司.,北京九鳳信息科技有限公司,北京网元圣唐娱乐科技有限公司
466910,Worm.is: The Game,,"Free to Play, Multiplayer, Casual, Funny, 2D, Strategy, Action, Competitive, Online Co-Op, Co-op, Arcade, Illuminati, 3D Vision, Family Friendly, Simulation, Difficult, FPS, Indie, Singleplayer, First-Person",A popular game by Freakinware Studios.,Freakinware Studios,Freakinware Studios
207170,Legend of Grimrock,,"Dungeon Crawler, RPG, Grid-Based Movement, Indie, Fantasy, Old School, Adventure, Party-Based RPG, Singleplayer, First-Person, Puzzle, Real-Time, Atmospheric, Moddable, Retro, Difficult, Character Customization, Action, Tactical, Level Editor",A popular game by Almost Human Games.,Almost Human Games,Almost Human Games
58610,Wargame: European Escalation,,"Strategy, RTS, Military, Cold War, Wargame, Realistic, Simulation, Alternate History, Real Time Tactics, War, Singleplayer, Multiplayer, Real-Time, Action, Tactical, Indie, Tanks, Historical, Replay Value, Co-op",A popular game by Eugen Systems.,Eugen Systems,Eugen Systems
716350,Reign of Guilds,,"Early Access, MMORPG, RPG, Massively Multiplayer, First-Person, PvE, Multiplayer, Indie, PvP, Open World, Medieval, Fantasy, Action RPG, Swordplay, Magic, Economy, Class-Based, Politics, Crafting, Diplomacy",A popular game by Atlant Games ltd.,Atlant Games ltd,Atlant Games ltd
1911390,Knightfall: A Daring Journey,,"Indie, Racing, Online Co-Op, Horses, Battle Royale, Medieval, Romance, Funny, Shooter, Action, PvP, Team-Based, Adventure, Co-op, First-Person, Multiplayer, Combat, Dating Sim, Singleplayer, 3D",A popular game by Landfall.,Landfall,Landfall
544330,Snake Pass,,"3D Platformer, Indie, Adventure, Puzzle-Platformer, Wholesome, Difficult, Cute, Platformer, Physics, Casual, Family Friendly, Singleplayer, Puzzle, Colorful, Cozy, Collectathon, Exploration, Action, Simulation, Atmospheric",A popular game by Sumo Digital.,Sumo Digital,Secret Mode
266430,Anarchy Arcade,,"Free to Play, Sandbox, Indie, Multiplayer, Simulation, Casual, Early Access, Arcade, VR, Funny, Adventure, Singleplayer, Co-op, Open World, First-Person, Action, 3D Vision, Building, Comedy, Survival",A popular game by Elijah Newman-Gomez.,Elijah Newman-Gomez,Elijah Newman-Gomez
654990,Dude Simulator,,"Simulation, Adventure, Open World, Funny, Indie, Sandbox, Action, Multiplayer, Shooter, Singleplayer, First-Person, Gore, Physics, Comedy, Exploration, Atmospheric, Fighting, Violent, Arcade, Replay Value",A popular game by Kiddy.,Kiddy,Kiddy
732370,Juicy Realm,,"Action, Indie, Adventure, Action Roguelike, RPG, Casual, Rogue-like, Local Co-Op, Local Multiplayer, Rogue-lite, Cute, Multiplayer, Twin Stick Shooter, Co-op, Shoot 'Em Up, Shooter, Cartoony, Colorful, Top-Down, Singleplayer",A popular game by SpaceCan.,SpaceCan,XD
345180,Victor Vran ARPG,,"Action RPG, Hack and Slash, RPG, Adventure, Co-op, Isometric, Action, Loot, Multiplayer, Dungeon Crawler, Indie, Local Co-Op, Controller, Fantasy, Singleplayer, Online Co-Op, Dark Fantasy, Top-Down, Difficult, Steampunk",A popular game by Haemimont Games.,Haemimont Games,"Haemimont Games, EuroVideo Medien"
1195460,Last Year,,"Action, Multiplayer, Horror, Co-op, Gore, Survival Horror, Violent, Survival, First-Person, Team-Based, Mature, Atmospheric, Free to Play, PvP, Indie, Demons, Crowdfunded, Character Customization, Dark, Asynchronous Multiplayer",A popular game by Undaunted Games.,Undaunted Games,Undaunted Games
824550,SD GUNDAM BATTLE ALLIANCE,,"Mechs, Action RPG, Robots, Hack and Slash, PvE, Anime, RPG, Lore-Rich, Online Co-Op, Third Person, Alternate History, Action, Multiplayer, Sci-fi, Animation & Modeling, Singleplayer, Space, Beat 'em up, Co-op, Combat",A popular game by ARTDINK.,ARTDINK,Bandai Namco Entertainment
40,Deathmatch Classic,,"Action, FPS, Classic, Multiplayer, Shooter, First-Person, Arena Shooter, Old School, Sci-fi, Competitive, Fast-Paced, Retro, Gore, 1990's, Co-op, Difficult, PvP, Singleplayer",A popular game by Valve.,Valve,Valve
259080,Just Cause 2: Multiplayer Mod,,"Open World, Multiplayer, Action, Third-Person Shooter, Adventure, Mod, Sandbox, Massively Multiplayer, Shooter, Free to Play, Third Person, Co-op, Funny, Exploration, Epic, Racing, Moddable, Singleplayer, FPS, Zombies",A popular game by Avalanche Studios.,Avalanche Studios,Square Enix
205950,Jet Set Radio,,"Great Soundtrack, Classic, Action, 3D Platformer, Singleplayer, Colorful, Platformer, Stylized, Arcade, Parkour, Cult Classic, Third Person, Music, Controller, Skating, Retro, Atmospheric, Sports, Open World, Anime",A popular game by Blit Software.,Blit Software,SEGA
17450,Dragon Age: Origins,,"RPG, Fantasy, Story Rich, Singleplayer, Multiple Endings, Choices Matter, Adventure, Character Customization, Real-Time with Pause, Atmospheric, Dark Fantasy, Party-Based RPG, Tactical, Romance, Open World, Dragons, Third Person, Action, Female Protagonist, Loot",A popular game by BioWare.,BioWare,Electronic Arts
241540,State of Decay,,"Zombies, Survival, Open World, Action, Post-apocalyptic, RPG, Third Person, Base-Building, Singleplayer, Sandbox, Multiplayer, Simulation, Exploration, Adventure, Horror, Third-Person Shooter, Survival Horror, Co-op, Atmospheric, Indie",A popular game by Undead Labs.,Undead Labs,Xbox Game Studios
115800,Owlboy,,"Pixel Graphics, Adventure, Indie, Platformer, Metroidvania, 2D, Story Rich, Atmospheric, Fantasy, Action, Puzzle-Platformer, Singleplayer, Retro, Action-Adventure, Flight, Funny, Cute, 2D Platformer, Great Soundtrack, Pirates",A popular game by D-Pad Studio.,D-Pad Studio,D-Pad Studio
247020,"Cook, Serve, Delicious!",,"Indie, Time Management, Typing, Difficult, Management, Cooking, Arcade, Strategy, 2D, Funny, Controller, Simulation, Family Friendly, Comedy, Co-op, Local Co-Op, Local Multiplayer, Multiplayer, Singleplayer, 4 Player Local",A popular game by Vertigo Gaming Inc..,Vertigo Gaming Inc.,Vertigo Gaming Inc.
113020,Monaco: What's Yours Is Mine,,"Co-op, Stealth, Indie, Heist, Local Co-Op, Strategy, Online Co-Op, Top-Down, Action, Multiplayer, Crime, Casual, Great Soundtrack, Adventure, Pixel Graphics, Local Multiplayer, Controller, 2D, Singleplayer, Loot",A popular game by Pocketwatch Games.,Pocketwatch Games,Balor Games
240320,Panzar,,"Free to Play, Action, Multiplayer, Massively Multiplayer, RPG, PvP, Fantasy, Third Person, MOBA, Co-op, MMORPG, Gore, PvE, Open World, Survival, Crafting, Adventure, Nudity, Action RPG, Dwarf",A popular game by Panzar Studio.,Panzar Studio,OVALIS INVESTMENTS LIMITED
346330,BrainBread 2,,"Free to Play, Zombies, Multiplayer, FPS, Survival, Action, Co-op, Gore, Shooter, Adventure, Horror, Indie, RPG, First-Person, Action RPG, Funny, Arcade, Arena Shooter, Early Access, Bullet Hell",A popular game by Reperio Studios.,Reperio Studios,Reperio Studios
55110,Red Faction: Armageddon,,"Action, Destruction, Sci-fi, Third Person, Third-Person Shooter, Singleplayer, Shooter, Co-op, Mars, Aliens, Multiplayer, Adventure, Linear, Open World, Horror, FPS, Space, Physics, Gore, Futuristic",A popular game by Volition.,Volition,Deep Silver 
490220,Prismata,,"Early Access, Strategy, Indie, Free to Play, Card Battler, Card Game, Deckbuilding, Simulation, Turn-Based, Sci-fi, Multiplayer, Competitive, Singleplayer, Puzzle, Robots, Turn-Based Tactics, Turn-Based Strategy, Replay Value, Touch-Friendly, Chess",A popular game by Lunarch Studios.,Lunarch Studios,Lunarch Studios
522210,Serial Cleaner,,"Stealth, Action, Indie, 2D, Gore, Blood, Singleplayer, Top-Down, Crime, Casual, Adventure, Puzzle, Great Soundtrack, Multiplayer, Stylized, Arcade",A popular game by Draw Distance.,Draw Distance,Curve Games
1245250,Thrive: Heavy Lies The Crown,,"Early Access, RTS, Management, Colony Sim, Grand Strategy, Fantasy, Casual, Tactical, Real Time Tactics, Tactical RPG, Immersive Sim, Wargame, City Builder, Sandbox, PvP, Turn-Based Strategy, 4X, Medieval, Base-Building, Economy",A popular game by Zugalu Entertainment.,Zugalu Entertainment,PlaySide
253030,Race The Sun,,"Procedural Generation, Runner, Racing, Perma Death, Driving, Difficult, Tutorial, Survival, Arcade, 3D, VR, Atmospheric, Noir, Third Person, Relaxing, Post-apocalyptic, Surreal, Level Editor, First-Person, Action",A popular game by Flippfly LLC.,Flippfly LLC,Flippfly LLC
1120810,Eastern Exorcist,,"Action, RPG, Side Scroller, Adventure, 2D, Souls-like, Hack and Slash, Action RPG, Platformer, Strategy, Hand-drawn, Fantasy, Singleplayer, Magic, Violent, Indie, Martial Arts, Difficult, Metroidvania, Early Access",A popular game by Wildfire Game（无锡野火数字科技有限公司）.,Wildfire Game（无锡野火数字科技有限公司）,Wildfire Game（无锡野火数字科技有限公司）
237850,Dreamfall Chapters,,"Adventure, Story Rich, Choices Matter, Atmospheric, Female Protagonist, Cyberpunk, Fantasy, Singleplayer, Point & Click, Third Person, Lore-Rich, Futuristic, Sci-fi, Puzzle, Kickstarter, Choose Your Own Adventure, Exploration, Indie, Drama, Cinematic",A popular game by Red Thread Games.,Red Thread Games,Red Thread Games
1092660,Blair Witch,,"Adventure, Horror, Psychological Horror, Indie, First-Person, Violent, Dog, Walking Simulator, Dark, Atmospheric, Singleplayer, Story Rich, Investigation, Survival Horror, Cinematic, Survival, Mature, Psychological, Multiplayer, Co-op",A popular game by Bloober Team SA.,Bloober Team SA,Bloober Team NA
795100,Friday the 13th: Killer Puzzle,,"Free to Play, Puzzle, Horror, Gore, Violent, Blood, Casual, Singleplayer, Strategy, Multiplayer, Indie, Funny, 1980s, Turn-Based Strategy, Difficult, Action, Cute, Dark Comedy, Atmospheric, Simulation",A popular game by Blue Wizard Digital.,Blue Wizard Digital,Blue Wizard Digital
266510,Hand of Fate,,"Roguelike Deckbuilder, Rogue-like, Deckbuilding, Card Game, Action Roguelike, RPG, Singleplayer, Action, Fantasy, Indie, Choose Your Own Adventure, Adventure, Rogue-lite, Third Person, Action RPG, Board Game, Hack and Slash, Atmospheric, Difficult, Tabletop",A popular game by Defiant Development.,Defiant Development,Defiant Development
6980,Thief: Deadly Shadows,,"Stealth, Atmospheric, Action, Steampunk, First-Person, Classic, Dark, Third Person, Story Rich, Immersive Sim, Horror, Singleplayer, Fantasy, Dark Fantasy, Adventure, Medieval, Immersive, Open World, FPS, RPG",A popular game by Ion Storm.,Ion Storm,Eidos Interactive Corp.
343360,Particula,,"Strategy, Indie, Tower Defense, Casual, Co-op, Singleplayer, Relaxing",A popular game by Microblast Games.,Microblast Games,SA Industry
275390,Guacamelee! Super Turbo Championship Edition,,"Platformer, 2D, Metroidvania, Beat 'em up, Action, Colorful, Cartoony, Indie, Local Co-Op, Adventure, Funny, Difficult, Action-Adventure, Co-op, Singleplayer, 4 Player Local, Wrestling, Action RPG, 2D Platformer, Side Scroller",A popular game by Drinkbox Studios.,Drinkbox Studios,"Drinkbox Studios, Kepler Ghost"
265590,The Red Solstice,,"Strategy, Tactical, RTS, Sci-fi, Co-op, Aliens, Singleplayer, Real Time Tactics, Multiplayer, Top-Down, Real-Time, Real-Time with Pause, Online Co-Op, Atmospheric, Kickstarter, Difficult, Strategy RPG, Team-Based, Zombies, Futuristic",A popular game by Ironward.,Ironward,Ironward
17330,Crysis Warhead,,"FPS, Action, Sci-fi, Shooter, Singleplayer, Multiplayer, Aliens, First-Person, Military, Stealth, Open World, Benchmark, Adventure, Futuristic, Story Rich, Atmospheric",A popular game by Crytek.,Crytek,Electronic Arts
955050,Bright Memory,,"Female Protagonist, FPS, Hack and Slash, Shooter, First-Person, Action, Souls-like, Open World, Sci-fi, Adventure, Singleplayer, Anime, Multiplayer, Indie, Sexual Content, Gore, Violent, Nudity, Short, Early Access",A popular game by FYQD-Studio.,FYQD-Studio,"FYQD-Studio, PLAYISM"
34460,Civilization IV: Beyond the Sword,,"Strategy, Turn-Based Strategy, 4X, Turn-Based, Historical, Singleplayer, Multiplayer, Moddable, Grand Strategy, Classic, Masterpiece, Replay Value, Education, Local Multiplayer",A popular game by Firaxis Games.,Firaxis Games,2K
231060,Ragnarok Online 2,,"Free to Play, RPG, MMORPG, Massively Multiplayer, Anime, Multiplayer, JRPG, Adventure, Open World, Action, Fantasy","A popular game by Gravity, Inc..","Gravity, Inc.",Gravity Interactive
26800,Braid,,"Puzzle-Platformer, Puzzle, 2D Platformer, Platformer, Indie, Time Manipulation, 2D, Singleplayer, Great Soundtrack, Difficult, Time Travel, Casual, Atmospheric, Classic, Story Rich, Side Scroller, Strategy, Beautiful, Adventure, Short",A popular game by Number None.,Number None,Number None
339280,Strife,,"Free to Play, MOBA, Multiplayer, Action, Strategy, RPG, Co-op, RTS, Massively Multiplayer, Fantasy, Online Co-Op, Adventure, Casual, PvP, Early Access, Action RTS, MMORPG, Open World, Singleplayer, Team-Based",A popular game by S2 Games.,S2 Games,S2 Games
950670,Gothic Playable Teaser,,"RPG, Singleplayer, Gothic, Atmospheric, Third Person, Exploration, Medieval, Gore, Fantasy, Open World, Action, Action RPG, Dark Fantasy, Sexual Content",A popular game by THQ Nordic Barcelona.,THQ Nordic Barcelona,THQ Nordic
1173690,Resident Evil 3: Raccoon City Demo,,"Action, Free to Play, Zombies, Multiplayer, Horror, Survival Horror, Gore, Violent, Remake, Singleplayer, Third-Person Shooter, Sexual Content, Female Protagonist, Shooter, Survival, Third Person, Open World, Co-op, Story Rich, Atmospheric","A popular game by CAPCOM Co., Ltd..","CAPCOM Co., Ltd.","CAPCOM Co., Ltd."
20500,Red Faction Guerrilla Steam Edition,,"Open World, Destruction, Action, Physics, Sci-fi, Third Person, Mars, Third-Person Shooter, Multiplayer, Singleplayer, Sandbox, Shooter, Adventure, Atmospheric, Co-op, Great Soundtrack, Controller, Survival, Funny, FPS","A popular game by Volition, Reactor Zero, THQ Nordic.","Volition, Reactor Zero, THQ Nordic",Deep Silver
879160,Battlerite Royale,,"Battle Royale, Free to Play, Multiplayer, MOBA, PvP, Massively Multiplayer, Action, Competitive, Top-Down, Early Access, Online Co-Op, Survival, Nudity, RPG",A popular game by Stunlock Studios.,Stunlock Studios,Stunlock Studios
268870,Satellite Reign,,"Cyberpunk, Strategy, Action, Sci-fi, Indie, Tactical, Real-Time, Open World, Stealth, Co-op, Isometric, Top-Down, Class-Based, Singleplayer, RPG, Kickstarter, RTS, Multiplayer, Atmospheric, Great Soundtrack",A popular game by 5 Lives Studios.,5 Lives Studios,5 Lives Studios
23490,Tropico 3,,"Simulation, Strategy, City Builder, Management, Politics, Sandbox, Singleplayer, Economy, Satire, Comedy, Funny, Cold War, Great Soundtrack, Political Sim, Atmospheric, Multiplayer, Classic, Open World",A popular game by Haemimont Games.,Haemimont Games,Kalypso Media Digital
1214670,Mr. Sun's Hatbox,,"Action, Online Co-Op, Metroidvania, Adventure, Tactical, Shooter, Story Rich, RPG, Exploration, Comedy, 2D Platformer, Rogue-lite, Funny, Base-Building, Stealth, Villain Protagonist, Singleplayer, Drama, Local Co-Op, Multiplayer",A popular game by Kenny Sun.,Kenny Sun,Raw Fury
12830,Operation Flashpoint: Dragon Rising,,"FPS, Action, Military, Tactical, Open World, Multiplayer, Simulation, Singleplayer, Co-op, First-Person, Shooter, Realistic, War, Strategy, Stealth, Adventure, Walking Simulator, Atmospheric, Online Co-Op",A popular game by Codemasters.,Codemasters,"Codemasters, Electronic Arts"
400630,Wuppo: Definitive Edition,,"Metroidvania, Exploration, Platformer, 2D, 2D Platformer, Cute, Great Soundtrack, Puzzle, Action, Singleplayer, Funny, Story Rich, Co-op, Family Friendly, Score Attack, Colorful, Difficult, Local Co-Op, Puzzle-Platformer, Hand-drawn",A popular game by snekflat.,snekflat,snekflat
211160,Viking: Battle for Asgard,,"Action, Adventure, Hack and Slash, Vikings, Singleplayer, Third Person, Fantasy, Open World, Strategy, Mythology, Controller, RPG, Gore, Action RPG","A popular game by Creative Assembly, PC Port - Hardlight.","Creative Assembly, PC Port - Hardlight",SEGA
239070,Hammerwatch,,"Dungeon Crawler, Indie, RPG, Co-op, Pixel Graphics, Action, Local Co-Op, Online Co-Op, Adventure, Hack and Slash, Retro, Fantasy, Multiplayer, 2D, Top-Down, 4 Player Local, Local Multiplayer, Singleplayer, Rogue-like, Level Editor",A popular game by Crackshell.,Crackshell,Team17
2181930,DR LIVESEY ROM AND DEATH EDITION,,"Action, Cartoon, Rogue-like, Hand-drawn, Spectacle fighter, Difficult, Retro, Dungeon Crawler, Singleplayer, Beat 'em up, Procedural Generation, Atmospheric, Looter Shooter, Combat, Shoot 'Em Up, Dark, Adventure, RPG, Comedy, 2D",A popular game by Agafonoff.,Agafonoff,Agafonoff
46510,Syberia II,,"Adventure, Point & Click, Puzzle, Female Protagonist, Story Rich, Steampunk, Atmospheric, Singleplayer, Classic, Mystery, Escape Room, Great Soundtrack, Beautiful, Third Person, Horror",A popular game by Microids.,Microids,Microids
2532550,LIZARDS MUST DIE,,"Historical, Souls-like, Spectacle fighter, Hack and Slash, Third Person, Atmospheric, Singleplayer, Difficult, Action RPG, Realistic, Fantasy, Action-Adventure, Action, RPG, 3D, Female Protagonist, Open World, Cinematic, Sci-fi, Idler",A popular game by Smola Game Studio.,Smola Game Studio,"Smola Game Studio, Agafonoff"
1089130,Quake II RTX,,"Free to Play, Action, FPS, Violent, Multiplayer, Gore, First-Person, Singleplayer, Shooter, Classic, Sci-fi, Remake, Retro, Boomer Shooter",A popular game by Lightspeed Studios™.,Lightspeed Studios™,NVIDIA
464060,RUINER,,"Cyberpunk, Action, Top-Down Shooter, Great Soundtrack, Violent, Indie, Twin Stick Shooter, Gore, Isometric, Atmospheric, Difficult, Singleplayer, Sci-fi, Shooter, Top-Down, Dystopian , Hack and Slash, Third Person, Fast-Paced, Open World",A popular game by Reikon Games.,Reikon Games,Devolver Digital
299360,Block N Load,,"Free to Play, Action, Multiplayer, FPS, Shooter, Building, First-Person, Strategy, Base-Building, Team-Based, Class-Based, Destruction, PvP, Sandbox, Massively Multiplayer, Funny, MOBA, Voxel, Comedy, Gore","A popular game by Toadman Interactive, Artplant.","Toadman Interactive, Artplant",Toadman Interactive
302830,BLOCKADE 3D,,"Free to Play, Shooter, Multiplayer, FPS, Action, Building, Zombies, Early Access, Pixel Graphics, Online Co-Op, Survival, Sandbox, Co-op, 3D Vision, Massively Multiplayer, Funny, Adventure, Open World, Casual, Controller",A popular game by Novalink.,Novalink,Novalink
319830,AX:EL - Air XenoDawn,,"Action, Indie, Simulation, Sci-fi, Flight, Futuristic, Free to Play, Shooter",A popular game by Alex Piola.,Alex Piola,KISS ltd
442080,Riders of Icarus,,"Free to Play, Massively Multiplayer, RPG, MMORPG, Adventure, Dragons, Open World, Multiplayer, Fantasy, Character Customization, Action, Fighting, PvP, Action RPG, Co-op, Singleplayer, First-Person, Survival, Anime, FPS","A popular game by WeMade, VALOFE.","WeMade, VALOFE",VALOFE
214420,Gear Up,,"Free to Play, Multiplayer, Robots, Action, Shooter, Building, Tanks, PvP, Third Person, War, Sandbox, Massively Multiplayer, Indie, Open World, Strategy, Funny, Simulation, FPS, Adventure, Singleplayer",A popular game by Doctor Entertainment AB.,Doctor Entertainment AB,Doctor Entertainment AB
457330,High Octane Drift,,"Racing, Automobile Sim, Free to Play, Multiplayer, Driving, Simulation, Early Access, Sports, Massively Multiplayer, Open World, Action, Controller, Online Co-Op, Singleplayer, 4 Player Local, Casual, Gore, First-Person, Shooter, Arcade",A popular game by Cruderocks.,Cruderocks,Cruderocks
489940,BATTALION 1944,,"FPS, Arena Shooter, PvP, Competitive, Shooter, Arcade, First-Person, Action, World War II, Military, Tactical, Survival, War, Multiplayer, Co-op, Singleplayer, Massively Multiplayer, Early Access, Violent, Fast-Paced",A popular game by BULKHEAD.,BULKHEAD,BULKHEAD
382490,Relic Hunters Zero: Remix,,"Looter Shooter, Twin Stick Shooter, Action, Top-Down Shooter, Action Roguelike, Adventure, Co-op, Multiplayer, Free to Play, Bullet Hell, Pixel Graphics, Local Co-Op, Shooter, Rogue-like, 2D, Colorful, RPG, Singleplayer, Co-op Campaign, Space",A popular game by Rogue Snail.,Rogue Snail,Akupara Games
209670,Cortex Command,,"Strategy, Indie, Action, 2D, Physics, Sandbox, Pixel Graphics, Moddable, Local Co-Op, Sci-fi, Singleplayer, Local Multiplayer, Difficult, Gore, Platformer, Multiplayer, Split Screen, RTS, Violent, Replay Value",A popular game by Data Realms.,Data Realms,"Data Realms, LLC"
91600,Sanctum,,"Tower Defense, FPS, Strategy, Co-op, Action, Indie, Sci-fi, Multiplayer, First-Person, Online Co-Op, Shooter, Female Protagonist, Singleplayer, Casual, Great Soundtrack, Futuristic, Adventure, Tactical, Survival, Difficult",A popular game by Coffee Stain Studios.,Coffee Stain Studios,Coffee Stain Publishing
1249800,Xuan-Yuan Sword VII,,"RPG, Martial Arts, Historical, Singleplayer, Story Rich, Action RPG, Action, Adventure, Action-Adventure, Third Person, Hack and Slash, Open World, Atmospheric, Dungeon Crawler, Fantasy, Choices Matter, Great Soundtrack, Souls-like, Multiplayer","A popular game by SOFTSTAR, DOMO Studio.","SOFTSTAR, DOMO Studio","SOFTSTAR, Yooreka Studio"
1015500,WWE 2K20,,"Sports, Simulation, Fighting, Multiplayer, Wrestling, Character Customization",A popular game by Visual Concepts.,Visual Concepts,2K
418340,RWBY: Grimm Eclipse,,"Action, Hack and Slash, Anime, Female Protagonist, Co-op, Multiplayer, Adventure, Great Soundtrack, Online Co-Op, Indie, Beat 'em up, Third Person, Fighting, Early Access, Spectacle fighter, Cute, Action RPG, Fantasy, Team-Based, Singleplayer","A popular game by Rooster Teeth Games, FarBridge.","Rooster Teeth Games, FarBridge",FarBridge
806140,Achievements printer,,"Casual, Indie, Sports, Action",A popular game by Easy game.,Easy game,Game for people
20530,Red Faction,,"Action, FPS, Destruction, Sci-fi, Classic, Mars, Singleplayer, Shooter, First-Person, Multiplayer, Great Soundtrack, Adventure, Atmospheric, Boomer Shooter",A popular game by Volition.,Volition,Deep Silver
493540,Figment,,"Adventure, Indie, Puzzle, Action, Hand-drawn, Great Soundtrack, Singleplayer, Surreal, Isometric, Atmospheric, Colorful, Cute, Funny, Controller, Story Rich, Music, Casual, Exploration, Action-Adventure, Multiplayer",A popular game by Bedtime Digital Games.,Bedtime Digital Games,Bedtime Digital Games
222730,Reus,,"God Game, Strategy, Indie, Simulation, Singleplayer, Sandbox, Casual, Puzzle, 2D, Resource Management, Replay Value, Fantasy, Relaxing, Nature, Addictive, Family Friendly, Management, Great Soundtrack, Multiplayer, Funny",A popular game by Abbey Games.,Abbey Games,Abbey Games
360940,The Mean Greens - Plastic Warfare,,"Action, Multiplayer, Third-Person Shooter, Shooter, Funny, Indie, Great Soundtrack, Colorful, Co-op, Fast-Paced, Online Co-Op, FPS, First-Person, Singleplayer, Military, Casual, Cartoony, Family Friendly, World War II, Atmospheric","A popular game by Virtual Basement LLC, Code Headquarters LLC.","Virtual Basement LLC, Code Headquarters LLC",Virtual Basement LLC
49600,Beat Hazard,,"Rhythm, Music-Based Procedural Generation, Twin Stick Shooter, Bullet Hell, Shoot 'Em Up, Music, 2D, Space, Indie, Action, Arcade, Shooter, Casual, Colorful, Co-op, Local Co-Op, Multiplayer, Atmospheric, Singleplayer, Replay Value",A popular game by Cold Beam Games.,Cold Beam Games,Cold Beam Games
236150,Starpoint Gemini 2,,"Space, Simulation, RPG, Open World, Sci-fi, Space Sim, Singleplayer, Action, Moddable, Spaceships, Indie, Trading, Futuristic, Flight, Tactical RPG, 3D, Third Person, Atmospheric, Destruction, Science",A popular game by Little Green Men Games.,Little Green Men Games,Little Green Men Games
1116170,CyberCorp,,"Top-Down Shooter, Twin Stick Shooter, Top-Down, Singleplayer, Character Customization, PvE, Isometric, Tactical, Violent, Indie, Co-op, Gun Customization, Looter Shooter, Cyberpunk, Action, Inventory Management, Arena Shooter, Shooter, RPG, Adventure",A popular game by Megame LLC.,Megame LLC,Megame LLC
301520,Robocraft,,"Free to Play, Robots, Building, Multiplayer, Action, Shooter, PvP, Massively Multiplayer, Sandbox, Crafting, Third-Person Shooter, Sci-fi, Strategy, Simulation, Early Access, Indie, Open World, Funny, Adventure, RPG",A popular game by Freejam.,Freejam,Freejam
395170,DISTRAINT: Deluxe Edition,,"Indie, Psychological Horror, Horror, Pixel Graphics, 2D, Adventure, Story Rich, Atmospheric, Singleplayer, Dark, Puzzle, Psychological, Short, Mystery, Side Scroller, Emotional, Dark Humor, Point & Click, Narration, Gore",A popular game by Jesse Makkonen.,Jesse Makkonen,Jesse Makkonen
242720,GunZ 2: The Second Duel,,"Free to Play, Action, Multiplayer, Third-Person Shooter, Hack and Slash, Shooter, Fast-Paced, Co-op, PvP, Parkour, Third Person, Fighting, FPS, Massively Multiplayer, RPG, Indie, Adventure, Singleplayer, Strategy, First-Person",A popular game by Masangsoft.,Masangsoft,Masangsoft
323580,Jotun: Valhalla Edition,,"Adventure, Mythology, Action, Indie, Female Protagonist, Hand-drawn, Difficult, Singleplayer, Atmospheric, Exploration, Great Soundtrack, Isometric, 2D, Fantasy, Vikings, Controller, Kickstarter, Story Rich, Boss Rush, Souls-like",A popular game by Thunder Lotus.,Thunder Lotus,Thunder Lotus
439190,Stories: The Path of Destinies,,"Adventure, RPG, Action, Choices Matter, Indie, Fantasy, Dynamic Narration, Hack and Slash, Multiple Endings, Action RPG, Singleplayer, Colorful, Swordplay, Great Soundtrack, Story Rich, Isometric, Funny, Narration, Comedy, Action-Adventure",A popular game by Spearhead Games.,Spearhead Games,Spearhead Games
638070,Murderous Pursuits,,"Action, Simulation, Indie, Strategy, Stealth, Multiplayer, Assassin, Mystery, Third Person, Co-op, Social Deduction",A popular game by Blazing Griffin.,Blazing Griffin,Blazing Griffin
207230,ArcheBlade,,"Free to Play, Anime, Action, Fighting, Multiplayer, Massively Multiplayer, MOBA, Indie, PvP, MMORPG, Third Person, Hack and Slash, RPG, Adventure, Fantasy, Team-Based, Female Protagonist, Online Co-Op, Co-op, Third-Person Shooter",A popular game by CodeBrush Games.,CodeBrush Games,Codebrush Games
299460,Woodle Tree Adventures,,"Indie, Platformer, Adventure, Cute, 3D Platformer, Action, Family Friendly, Local Co-Op, Casual, Colorful, Singleplayer, Short, Multiplayer",A popular game by Fabio Ferrara.,Fabio Ferrara,Chubby Pixel
70000,Dino D-Day,,"Dinosaurs, Multiplayer, Action, World War II, FPS, Indie, Shooter, First-Person, War, Comedy, Funny, Third Person, Alternate History, Co-op, Survival, Historical, PvP, Third-Person Shooter, Gore, Open World",A popular game by 800 North and Digital Ranch.,800 North and Digital Ranch,800 North and Digital Ranch
104900,ORION: Prelude,,"Dinosaurs, Action, FPS, Multiplayer, Online Co-Op, Co-op, Shooter, Adventure, Indie, Open World, Sci-fi, First-Person, Team-Based, Third-Person Shooter, Singleplayer, PvP, Mechs, Epic, Third Person, Strategy",A popular game by DANKIE.,DANKIE,DANKIE
2400,The Ship: Murder Party,,"Multiplayer, Indie, First-Person, Action, Stealth, Mystery, RPG, Assassin, Funny, Survival, FPS, Simulation, Singleplayer, Comedy, Shooter, Adventure, Strategy, Difficult, Stylized, Replay Value",A popular game by Outerlight Ltd..,Outerlight Ltd.,Blazing Griffin
39000,Moonbase Alpha,,"Space, Simulation, Free to Play, Multiplayer, Online Co-Op, Funny, Memes, Strategy, Adventure, Open World, Walking Simulator, Co-op, Sandbox, Realistic, Comedy, Third Person, Massively Multiplayer, Singleplayer, First-Person, Puzzle","A popular game by Virtual Heroes, Army Game Studio.","Virtual Heroes, Army Game Studio",NASA
232010,Euro Truck Simulator,,"Simulation, Automobile Sim, Driving, Open World, Multiplayer, Singleplayer, Realistic, First-Person, Indie, Relaxing, TrackIR, Moddable, Adventure, Third Person, Atmospheric, Management, Exploration, Sandbox, Online Co-Op, Action",A popular game by SCS Software.,SCS Software,SCS Software
1184140,KartRider: Drift,,"Racing, Free to Play, Multiplayer, Casual, Cute, Arcade, Anime, Cartoon, Funny, Third Person, Massively Multiplayer, Singleplayer, Action, Split Screen, First-Person, Driving, Local Multiplayer, Competitive, Controller, Sexual Content",A popular game by NEXON Korea Corporation.,NEXON Korea Corporation,Nexon America Inc.
282660,Easy eSports,,"Utilities, Free to Play, Software, Multiplayer, e-sports",A popular game by EasyAntiCheat Ltd.,EasyAntiCheat Ltd,EasyAntiCheat Ltd
6920,Deus Ex: Invisible War,,"Cyberpunk, Action, FPS, RPG, Sci-fi, Stealth, Singleplayer, Immersive Sim, Transhumanism, First-Person, Dystopian , Female Protagonist, Shooter, Story Rich, Atmospheric, Classic, Illuminati, Conspiracy, Action RPG, Adventure",A popular game by Ion Storm.,Ion Storm,Eidos Interactive Corp.
536930,MOBIUS FINAL FANTASY,,"Free to Play, RPG, Fantasy, Multiplayer, MMORPG, Action, Anime, Open World, Turn-Based, Singleplayer, JRPG, Adventure, Card Game, Story Rich, Casual, Turn-Based Combat, Character Customization, Action RPG, Survival, Great Soundtrack",A popular game by Square Enix.,Square Enix,Square Enix
310370,The Way of Life Free Edition,,"Free to Play, Walking Simulator, Indie, First-Person, Singleplayer, Multiplayer, Adventure, Short, Simulation, Open World, Atmospheric, Survival, Great Soundtrack, Story Rich, Action, Family Friendly, Funny, Early Access, Strategy, VR","A popular game by CyberCoconut, Fabio Ferrara.","CyberCoconut, Fabio Ferrara",CyberCoconut
1133060,Anarchy: Wolf's law,,"Survival, Realistic, Multiplayer, Zombies, Crafting, Open World Survival Craft, Action, Open World, Shooter, Heist, PvE, FPS, Arcade, PvP, Post-apocalyptic, First-Person, Looter Shooter, Survival Horror, Action-Adventure, Singleplayer",A popular game by Anarchy Games.,Anarchy Games,Anarchy Games
519190,Next Day: Survival,,"Survival, Open World, Multiplayer, Post-apocalyptic, Crafting, Shooter, Co-op, Action, RPG, Singleplayer, PvP, Atmospheric, Sandbox, Adventure, PvE, Third-Person Shooter, Early Access, Simulation, Indie, MMORPG",A popular game by SOFF Games.,SOFF Games,Last Level
255520,Viscera Cleanup Detail: Shadow Warrior,,"Simulation, Gore, First-Person, Indie, Blood, Action, Comedy, Funny, Multiplayer, Singleplayer, Casual, Co-op, Short, FPS, Horror",A popular game by RuneStorm.,RuneStorm,Devolver Digital
1241510,The Test,,"Choose Your Own Adventure, Simulation, Multiple Endings, Story Rich, Pixel Graphics, Psychological Horror, Psychological, Singleplayer, Choices Matter, Horror, Visual Novel, Atmospheric, Mystery, Investigation, RPG, Detective, Casual, JRPG, Survival Horror, Immersive Sim",A popular game by Randumb Studios.,Randumb Studios,Randumb Studios
300080,Total War Battles: KINGDOM,,"Strategy, Free to Play, Medieval, Multiplayer, War, Singleplayer, RTS, Action, City Builder, Casual, Sandbox, Historical, Building",A popular game by CREATIVE ASSEMBLY.,CREATIVE ASSEMBLY,SEGA
819190,Undead Citadel,,"VR, Zombies, Swordplay, Physics, Medieval, Fighting, Violent, Gore, Souls-like, Action, Adventure, Horror, First-Person, Survival, RPG, Indie, Early Access, Survival Horror, Parkour, Multiplayer",A popular game by Dark Curry S.L..,Dark Curry S.L.,Dark Curry S.L.
365300,Transmissions: Element 120,,"Free to Play, Action, Shooter, Zombies, Horror, First-Person, Singleplayer, Multiplayer, FPS, Mod, Atmospheric, Indie, Survival, Sci-fi, Short, Puzzle, Adventure, Open World, Co-op, Walking Simulator","A popular game by Shokunin, Thomas M. Visser, Vincent Thiele.","Shokunin, Thomas M. Visser, Vincent Thiele",Self Published
17740,Empires Mod,,"FPS, RTS, PvP, Shooter, Strategy, Base-Building, First-Person, Action RTS, Top-Down, 3D, Tanks, Team-Based, Vehicular Combat, Action, Economy, Class-Based, Resource Management, Combat, Multiplayer, Free to Play",A popular game by Empires.,Empires,Empires
252150,Grimm,,"Indie, Free to Play, Villain Protagonist, Funny, Casual, Fantasy, Comedy, Adventure, Episodic, Singleplayer, Third Person, Action, 3D Platformer, Trading Card Game, Cute, Horror, Dark Humor, Puzzle, Platformer, Dark Fantasy",A popular game by Spicyhorse Games.,Spicyhorse Games,Spicyhorse Games
13250,Unreal Gold,,"Classic, FPS, Action, Sci-fi, Great Soundtrack, Atmospheric, Shooter, First-Person, 1990's, Singleplayer, Multiplayer, Female Protagonist, Old School, Adventure, Fast-Paced, Co-op, Gore, Horror, Boomer Shooter, Retro","A popular game by Epic Games, Inc..","Epic Games, Inc.",2K
941460,Death Trash,,"Early Access, Post-apocalyptic, Pixel Graphics, Exploration, Isometric, Local Co-Op, Story Rich, Action RPG, Atmospheric, RPG, Cyberpunk, Open World, Choices Matter, Old School, Character Customization, CRPG, Souls-like, Singleplayer, PvE, Lovecraftian",A popular game by Crafting Legends.,Crafting Legends,Crafting Legends
340,Half-Life 2: Lost Coast,,"FPS, Action, Singleplayer, First-Person, Sci-fi, Shooter, Short, Aliens, Dystopian , Classic, Adventure, Atmospheric, Benchmark, Futuristic, Silent Protagonist, Free to Play, Post-apocalyptic, Story Rich, Multiplayer, Great Soundtrack",A popular game by Valve.,Valve,Valve
813820,Realm Royale,,"Battle Royale, Free to Play, Multiplayer, Shooter, Survival, Early Access, PvP, Action, Third-Person Shooter, Third Person, FPS, Competitive, Team-Based, Fantasy, Massively Multiplayer, Open World, Co-op, Online Co-Op, Memes, Singleplayer",A popular game by Heroic Leap Games.,Heroic Leap Games,Hi-Rez Studios
868270,The Cycle: Frontier,,"Extraction Shooter, Survival, Loot, Free to Play, Multiplayer, Crafting, Looter Shooter, Shooter, Tactical, PvP, First-Person, FPS, Exploration, PvE, Sci-fi, Aliens, Online Co-Op, Competitive, Adventure, Battle Royale",A popular game by YAGER.,YAGER,YAGER
224600,Defiance,,"Free to Play, Looter Shooter, Open World, Action, Massively Multiplayer, Multiplayer, Third-Person Shooter, RPG, Shooter, Co-op, Sci-fi, Survival, FPS, Post-apocalyptic, Online Co-Op, MMORPG, Adventure, Third Person, Singleplayer, First-Person",A popular game by Trion Worlds.,Trion Worlds,Trion Worlds
905370,Conqueror's Blade,,"Medieval, Tactical, Strategy, Action, Free to Play, Multiplayer, Massively Multiplayer, War, Singleplayer, Grand Strategy, Online Co-Op, Swordplay, Strategy RPG, Character Customization, PvP, Wargame, RTS, Tactical RPG, Action RTS, Real Time Tactics",A popular game by Booming Tech.,Booming Tech,Poros Interactive
303390,Dead Bits,,"Indie, Action, Casual, FPS, Shooter, First-Person, Great Soundtrack, Zombies, Singleplayer, Voxel, Multiplayer, Horror, Pixel Graphics, Difficult, Funny",A popular game by Microblast Games.,Microblast Games,SA Industry
391460,WARMODE,,"Free to Play, FPS, Multiplayer, Shooter, Action, First-Person, Early Access, War, Co-op, Massively Multiplayer, Zombies, Singleplayer, Survival, Online Co-Op, Controller, Gore, Open World, Atmospheric, Adventure, RPG",A popular game by Novalink.,Novalink,Novalink
214560,Mark of the Ninja,,"Stealth, Platformer, Ninja, Indie, 2D, Action, Singleplayer, Side Scroller, Adventure, Assassin, Atmospheric, Controller, Replay Value, Cartoon, Puzzle, Dark, Short, Story Rich, Strategy, Casual",A popular game by Klei Entertainment.,Klei Entertainment,Microsoft Studios
311860,Data Hacker: Initiation,,"RPG, Indie, Adventure, RPGMaker, Simulation, JRPG, Pixel Graphics",A popular game by New Reality Games.,New Reality Games,New Reality Games
418070,Turbo Pug,,"Indie, Pixel Graphics, Casual, 2D, Difficult, Side Scroller, Runner, Platformer, Singleplayer, Cute, Memes, Dog, Great Soundtrack","A popular game by Space Cat Studios, SnowFlame, Back To Basics Gaming.","Space Cat Studios, SnowFlame, Back To Basics Gaming",Back To Basics Gaming
427270,Orcs Must Die! Unchained,,"Free to Play, Tower Defense, Multiplayer, Co-op, Action, Strategy, MOBA, PvE, Survival, Fantasy, Singleplayer, Third Person, PvP, RPG, Adventure, Funny, Massively Multiplayer, Online Co-Op, FPS, Open World",A popular game by Robot Entertainment.,Robot Entertainment,Robot Entertainment
2206460,Furry Killer,,"Tactical RPG, 2D, Arena Shooter, Simulation, Top-Down, Shoot 'Em Up, Survival, Strategy, Soundtrack, Colorful, Runner, Spectacle fighter, Gore, Relaxing, Funny, Cute, Difficult, Indie, Cyberpunk, Singleplayer",A popular game by Sujiko.,Sujiko,GigantGame-A
304030,ArcheAge,,"Massively Multiplayer, Free to Play, MMORPG, Open World, RPG, Sandbox, Fantasy, Adventure, PvP, Multiplayer, PvE, Pirates, Action, Exploration, Crafting, Nudity, Walking Simulator, Third Person, Beautiful, Co-op",A popular game by XLGAMES.,XLGAMES,Kakao Games Europe B.V.
400250,Heaven Island - VR MMO,,"Walking Simulator, Adventure, Indie, Massively Multiplayer, VR, Exploration, Open World, Multiplayer, Relaxing, Casual, Simulation","A popular game by Fabio Ferrara, Giulia Airoldi.","Fabio Ferrara, Giulia Airoldi",Chubby Pixel
745740,Reflex,,"Indie, Casual, Action, Puzzle",A popular game by Easy game.,Easy game,Game for people
235340,Prime World,,"Free to Play, MOBA, RPG, Massively Multiplayer, Strategy, Multiplayer, Action, Fantasy, Team-Based, MMORPG, Co-op, Online Co-Op, PvP, Competitive, RTS, e-sports, Replay Value, Character Customization, Action RPG, Steampunk",A popular game by Nival.,Nival,Nival
107310,Cthulhu Saves the World,,"JRPG, Lovecraftian, Comedy, RPG, Indie, Retro, Turn-Based, Fantasy, Funny, Singleplayer, Adventure, Parody , Pixel Graphics, 2D, Great Soundtrack, Dark Humor, Old School, Action, Memes, Horror",A popular game by Zeboyd Digital Entertainment LLC.,Zeboyd Digital Entertainment LLC,Zeboyd Digital Entertainment LLC
1418100,Swords of Legends Online,,"Free to Play, MMORPG, Open World, Character Customization, Action RPG, Fantasy, Massively Multiplayer, RPG, Third Person, Multiplayer, Story Rich, Online Co-Op, Co-op, Adventure, Action, Sandbox, Atmospheric, Magic, Female Protagonist, Singleplayer","A popular game by Wangyuan Shengtang Entertainment Technology CO., 上海烛龙信息科技有限公司.","Wangyuan Shengtang Entertainment Technology CO., 上海烛龙信息科技有限公司",Gameforge 4D GmbH
865610,Tails Noir,,"Detective, Pixel Graphics, Visual Novel, Conversation, Adventure, Story Rich, Interactive Fiction, Point & Click, Investigation, Conspiracy, Casual, Supernatural, Singleplayer, Mystery, Noir, Narrative, 2.5D, Dystopian , Cinematic, Atmospheric",A popular game by Eggnut.,Eggnut,Raw Fury
412880,Drift Streets Japan,,"Racing, Automobile Sim, Simulation, Driving, Multiplayer, Sports, Massively Multiplayer, Indie, Action, Arcade, Open World",A popular game by JDM4iK Games.,JDM4iK Games,"SA Industry, BATYSTORE LTD"
409160,"Dr. Langeskov, The Tiger, and The Terribly Cursed Emerald: A Whirlwind Heist",,"Free to Play, Comedy, First-Person, Narration, Indie, Walking Simulator, Funny, Short, Singleplayer, Heist, Stealth, Story Rich, Experimental, Casual, Adventure, Atmospheric, Satire, Puzzle, Action, Psychological Horror",A popular game by Crows Crows Crows.,Crows Crows Crows,Crows Crows Crows
298260,Only If,,"Free to Play, Adventure, First-Person, Horror, Puzzle, Indie, Singleplayer, Walking Simulator, Survival, Multiplayer, Surreal, Atmospheric, Comedy, Open World, Action, Simulation, FPS, Casual, Funny, Co-op",A popular game by Creability.,Creability,Creability
545110,Driver Booster 4 for Steam,,Utilities,A popular game by IObit.,IObit,IObit
402180,Sakura Swim Club,,"Nudity, Anime, Mature, Sexual Content, Visual Novel, Dating Sim, Hentai, Indie, Singleplayer, Casual, Cute, Story Rich, Romance, Memes, 2D, Illuminati, NSFW, Female Protagonist, Adventure, Choices Matter",A popular game by Winged Cloud.,Winged Cloud,Winged Cloud
351640,Eternal Senia,,"Anime, Free to Play, RPG, Female Protagonist, RPGMaker, Singleplayer, Great Soundtrack, Indie, Story Rich, JRPG, Action, Cute, 2D, Pixel Graphics, Fantasy, Action RPG, Multiple Endings, Puzzle, Casual, Visual Novel",A popular game by Sanctum Games.,Sanctum Games,Sanctum Games
91200,Anomaly: Warzone Earth,,"Strategy, Indie, Tower Defense, Action, Sci-fi, Singleplayer, Touch-Friendly, RTS, Top-Down, Aliens, Difficult, Arcade",A popular game by 11 bit studios.,11 bit studios,11 bit studios
204060,Superbrothers: Sword & Sworcery EP,,"Adventure, Indie, Pixel Graphics, Point & Click, Great Soundtrack, Atmospheric, Female Protagonist, Singleplayer, Fantasy, Puzzle, Relaxing, Beautiful, 2D, Casual, Music, Story Rich, Touch-Friendly, Exploration, Retro, Walking Simulator","A popular game by Capybara, Superbrothers, Jim Guthrie.","Capybara, Superbrothers, Jim Guthrie",Capybara Games
215790,Dream Pinball 3D,,"Simulation, Casual, Pinball",A popular game by ASK Homework.,ASK Homework,TopWare Interactive
1458560,I'm on Observation Duty 3,,"VR, Psychological Horror, Survival Horror, Psychological, Horror, Adventure, Puzzle, Mystery, Hidden Object, First-Person, Survival, Singleplayer, Exploration, Lovecraftian, Illuminati, Investigation, Sokoban, 3D, Dark, Surreal",A popular game by Notovia.,Notovia,Notovia
1510,Uplink,,"Hacking, Indie, Strategy, Singleplayer, Cyberpunk, Simulation, Sci-fi, Real-Time with Pause, 2D, Experimental, Atmospheric, Puzzle, Story Rich, Programming, Perma Death, Rogue-like, Text-Based, Immersive Sim, Time Management, Typing",A popular game by Introversion Software.,Introversion Software,Introversion Software
417910,Street Warriors Online,,"Fighting, Action, Multiplayer, Sports, Violent, Massively Multiplayer, Simulation, Open World, Free to Play, PvP, Early Access, Co-op, Indie, Funny, Character Customization, Singleplayer",A popular game by Crazy Rocks Studios.,Crazy Rocks Studios,Crazy Rocks Studios
439700,Z1 Battle Royale: Test Server,,"Massively Multiplayer, Survival, Free to Play, Multiplayer, Shooter, Zombies, Open World, Action, FPS, Battle Royale, Adventure, Co-op, PvP, Beat 'em up, Third-Person Shooter, Gaming, Gore, 3D Vision, Atmospheric, Singleplayer",A popular game by Daybreak Game Company.,Daybreak Game Company,Daybreak Game Company
208090,Loadout,,"Free to Play, Third-Person Shooter, Action, Gore, Multiplayer, Gun Customization, Shooter, Funny, Fast-Paced, Indie, Comedy, Mature, Character Customization, Third Person, Blood, Cartoony, Massively Multiplayer, Co-op, Crafting, Arena Shooter",A popular game by Edge of Reality.,Edge of Reality,Edge of Reality
285800,Braveland,,"Turn-Based Strategy, Casual, Strategy, Turn-Based, Fantasy, Turn-Based Combat, Hex Grid, Singleplayer, Hand-drawn, Tactical RPG, Atmospheric, Touch-Friendly, 2D, Tactical, Turn-Based Tactics, Strategy RPG, Cartoony, Colorful, Cute, Family Friendly",A popular game by Tortuga Team.,Tortuga Team,Tortuga Team
530700,Argo,,"Free to Play, Shooter, FPS, Multiplayer, Action, Open World, Tactical, War, First-Person, Realistic, Co-op, Military, Online Co-Op, Violent, Massively Multiplayer, Singleplayer, Simulation, Strategy, Mod, Atmospheric",A popular game by Bohemia Interactive.,Bohemia Interactive,Bohemia Interactive
437900,Party Jousting,,"Free to Play, Casual, Indie, Sports, Multiplayer, Local Multiplayer, 2D, Pixel Graphics, Funny, Party, Controller",A popular game by vikingfabian.,vikingfabian,vikingfabian
279720,The I of the Dragon,,"RPG, Dragons, Singleplayer, Open World, Simulation, Fantasy",A popular game by Primal.,Primal,TopWare Interactive
308040,Back to Bed,,"Puzzle, Indie, Casual, Surreal, Action, Isometric, Singleplayer, Short, Adventure",A popular game by Bedtime Digital Games.,Bedtime Digital Games,Bedtime Digital Games
1399780,Spellbreak,,"Free to Play, Multiplayer, Magic, Battle Royale, PvP, Fantasy, Third Person, Action, RPG, Third-Person Shooter, Action RPG, Stylized, Team-Based, Colorful, Adventure, Class-Based, Controller, Co-op, Party, 3D","A popular game by Proletariat, Inc..","Proletariat, Inc.","Proletariat, Inc."
343710,Kholat,,"Horror, Atmospheric, Walking Simulator, Psychological Horror, Survival Horror, Indie, Narration, Singleplayer, First-Person, Exploration, Adventure, Historical, Mystery, Survival, Open World, Psychological, Story Rich, Music, Dark, Action",A popular game by IMGN.PRO.,IMGN.PRO,IMGN.PRO
268420,Aura Kingdom,,"Anime, Free to Play, MMORPG, RPG, Massively Multiplayer, Adventure, PvE, Multiplayer, Fantasy, Open World, Character Customization, Action, JRPG, Cute, Third Person, Magic, Online Co-Op, Dungeon Crawler, Co-op, Exploration",A popular game by X-Legend.,X-Legend,Aeria Games
476480,Heaven Forest - VR MMO,,"Massively Multiplayer, Adventure, VR, Walking Simulator, Multiplayer, Online Co-Op, Open World",A popular game by Fabio Ferrara.,Fabio Ferrara,Chubby Pixel
113420,Fallen Earth Free2Play,,"Free to Play, Survival, Open World, Multiplayer, Post-apocalyptic, Zombies, Massively Multiplayer, Crafting, RPG, Shooter, FPS, Adventure, Sandbox, Co-op, First-Person, Action, Singleplayer, MMORPG, Third-Person Shooter, Action RPG",A popular game by Little Orbit.,Little Orbit,Little Orbit
47830,Medal of Honor,,"FPS, Action, Shooter, Military, Singleplayer, Multiplayer, First-Person, War, Modern, Realistic, America, Linear, Co-op, Mature, Stealth, Controller, Open World, Masterpiece, Atmospheric",A popular game by Electronic Arts.,Electronic Arts,Electronic Arts
34440,Sid Meier's Civilization IV,,"Strategy, Turn-Based Strategy, Turn-Based, 4X, Historical, Multiplayer, Singleplayer, Moddable, Classic, Grand Strategy, Addictive, Masterpiece, Replay Value, Simulation, Resource Management, Great Soundtrack, Economy, War, Tactical, Management",A popular game by Firaxis Games.,Firaxis Games,2K
334210,Fortified,,"Action, Tower Defense, Indie, Co-op, Strategy, Multiplayer, Third-Person Shooter, Aliens, Sci-fi, Shooter, Online Co-Op, Third Person, Singleplayer",A popular game by Siege Camp.,Siege Camp,Siege Camp
332070,School of Dragons,,"Free to Play, Dragons, Adventure, Multiplayer, Massively Multiplayer, RPG, Open World, MMORPG, Family Friendly, Fantasy, Action, Online Co-Op, Singleplayer, Simulation, Co-op, Survival, Funny, PvP, First-Person, Atmospheric","A popular game by JumpStart Games, Inc..","JumpStart Games, Inc.","JumpStart Games, Inc."
364470,The Elder Scrolls: Legends,,"Free to Play, Card Game, Trading Card Game, Multiplayer, Strategy, Fantasy, Singleplayer, Board Game, Great Soundtrack, Tactical, Story Rich, Atmospheric, Turn-Based, Dark Fantasy, Casual, Action, Deckbuilding, Turn-Based Tactics, Nudity","A popular game by Sparkypants Studios, LLC.","Sparkypants Studios, LLC",Bethesda Softworks
263500,Dragons and Titans,,"Free to Play, Dragons, MOBA, Multiplayer, RPG, Action, Adventure, Singleplayer, Co-op, Fantasy, Indie, PvP, Massively Multiplayer, Strategy, Survival, MMORPG, Open World, FPS, Sandbox, Atmospheric",A popular game by Wyrmbyte.,Wyrmbyte,Versus Evil
921060,Modern Combat 5,,"Free to Play, FPS, Action, Shooter, Multiplayer, Massively Multiplayer, Battle Royale, Controller, Singleplayer, First-Person, Co-op, Online Co-Op, Adventure, Zombies, Violent, Gore, Story Rich, Sexual Content",A popular game by Gameloft.,Gameloft,Gameloft
295110,Just Survive,,"Zombies, Survival, Open World, Multiplayer, Massively Multiplayer, Crafting, Post-apocalyptic, Action, Survival Horror, Co-op, Shooter, Adventure, Sandbox, Exploration, FPS, Walking Simulator, Horror, Early Access, Simulation, RPG",A popular game by Daybreak Game Company.,Daybreak Game Company,Daybreak Game Company
212740,TERA - Action MMORPG,,"MMORPG, Massively Multiplayer, Free to Play, RPG, Class-Based, Fantasy, Action, Open World, PvE, PvP, Adventure, Multiplayer, Co-op, Action RPG, Action-Adventure, Character Customization, Online Co-Op, Mystery, Spectacle fighter, Third Person","A popular game by Bluehole, Inc..","Bluehole, Inc.",Gameforge 4D GmbH
1264670,The Wind Road,,"RPG, Action, Adventure, Indie, Martial Arts, Singleplayer, Souls-like, Puzzle, Open World, Swordplay",A popular game by 甘肃嘉元数字科技有限公司.,甘肃嘉元数字科技有限公司,Phoenix Game
205230,Hell Yeah! Wrath of the Dead Rabbit,,"Platformer, Action, 2D, Comedy, Singleplayer, Funny, Metroidvania, Gore, Adventure, Great Soundtrack, Side Scroller, Violent, Indie, Controller, Cartoony, Cute, Dark Humor, Colorful, Difficult",A popular game by Arkedo.,Arkedo,SEGA
293180,Overcast - Walden and the Werewolf,,"Horror, Indie, Adventure, Action, First-Person, FPS, Singleplayer, Werewolves, Great Soundtrack, Shooter",A popular game by Microblast Games.,Microblast Games,SA Industry
13140,America's Army 3,,"Action, Free to Play, FPS, Multiplayer, Military, War, Simulation, Realistic, Shooter, First-Person, Tactical, Strategy, Co-op, Singleplayer, America, Open World, Team-Based, Adventure, Zombies, Sandbox",A popular game by U.S. Army.,U.S. Army,U.S. Army
347560,Terra Incognita Chapter One: The Descendant,,"Early Access, Indie, Adventure, RPG, RPGMaker, JRPG, Story Rich, Pixel Graphics",A popular game by Back To Basics Gaming.,Back To Basics Gaming,Back To Basics Gaming
931690,Himno,,"Free to Play, Pixel Graphics, 2D, Platformer, Singleplayer, Adventure, Multiplayer, Procedural Generation, 2D Platformer, Action, RPG, Fantasy, Rogue-like, Action RPG, Action Roguelike, Action-Adventure, Exploration, Bullet Hell, Rogue-lite, Casual",A popular game by David Moralejo Sánchez.,David Moralejo Sánchez,"GrabTheGames, UpgradePoint"
479130,ESEA,,"Utilities, Multiplayer, Mature, Competitive, e-sports, Co-op, Strategy",A popular game by ESEA.,ESEA,ESEA
17340,Crysis Warhead,,"FPS, Action, Sci-fi, Shooter, Singleplayer, Multiplayer, Aliens, Military, First-Person, Benchmark, Stealth, Open World, Adventure, Futuristic, Masterpiece, Story Rich",A popular game by Crytek.,Crytek,Electronic Arts
351470,Sometimes: Success Requires Sacrifice,,"Casual, Indie, Action, Strategy, Adventure",A popular game by Volens Nolens Games.,Volens Nolens Games,Volens Nolens Games
1549180,Propnight,,"Multiplayer, Horror, Survival Horror, Action, Online Co-Op, Co-op, PvP, 3D, First-Person, Third Person, Stylized, Survival, Combat, Asynchronous Multiplayer, Funny, Casual, Adventure, Controller, Sexual Content, Singleplayer",A popular game by FNTASTIC.,FNTASTIC,Mytona Fntastic
394230,Battleborn,,"Hero Shooter, FPS, Action, Multiplayer, MOBA, Shooter, Co-op, Free to Play, First-Person, PvP, Comedy, Singleplayer, Class-Based, Sci-fi, Funny, Team-Based, Online Co-Op, Action RPG, Memes, RPG",A popular game by Gearbox Software.,Gearbox Software,2K
569610,Distant Space,,"Shoot 'Em Up, Indie, Arcade, Space, Pixel Graphics, Casual, Action, Adventure, Difficult, 2D, 1980s, Retro, Shooter, Bullet Hell, Minimalist, Sci-fi, PvE, Singleplayer, Controller",A popular game by PixelMouse.,PixelMouse,PixelMouse
1209040,Cyber Hunter,,"Free to Play, Battle Royale, Massively Multiplayer, Action, FPS, Open World, Multiplayer, Survival, Co-op, Shooter, Third-Person Shooter, Controller, Anime, PvP, Third Person, Sexual Content, Cyberpunk, Character Customization, Singleplayer, Nudity",A popular game by NetEase Games.,NetEase Games,NetEase Games
690510,Immortal Soul: Black Survival,,"Free to Play, Survival, Strategy, Anime, Indie, Multiplayer, Battle Royale, Nudity, RPG, PvP, Crafting, Adventure, Singleplayer, Sexual Content, MOBA, Psychological Horror, Horror, Early Access, Mature, Online Co-Op",A popular game by Nimble Neuron.,Nimble Neuron,"Nimble Neuron, Boltrend Global PTE.LTD"
330840,Game of Thrones - A Telltale Games Series,,"Story Rich, Episodic, Adventure, Choices Matter, Fantasy, Point & Click, Singleplayer, Atmospheric, Medieval, Choose Your Own Adventure, Interactive Fiction, Based On A Novel, Mature, Nudity, Gore, Female Protagonist, Dragons, War, Third Person, Casual",A popular game by Telltale Games.,Telltale Games,Telltale Games
402570,Atlas Reactor,,"Free to Play, Multiplayer, Strategy, Turn-Based Tactics, Turn-Based, PvP, Tactical, Online Co-Op, Turn-Based Combat, MOBA, Action, Competitive, Sci-fi, Turn-Based Strategy, Co-op, Funny, Shooter, Singleplayer, Early Access, Survival",A popular game by Trion Worlds.,Trion Worlds,Trion Worlds
1475380,TheDawn,,"Anime, Action, Third-Person Shooter, Cute, Shooter, Time Manipulation, Adventure, Singleplayer, Bullet Hell, Hero Shooter, 3D, Third Person, Free to Play, Robots, Atmospheric, Cyberpunk, Dark, Tactical, Futuristic, PvE",A popular game by LIMITED.,LIMITED,LIMITED
31270,Puzzle Agent,,"Puzzle, Adventure, Point & Click, Casual, Detective, Singleplayer, Mystery, Comedy, Surreal, Short, Action, Horror, Atmospheric, Funny, Hand-drawn, Touch-Friendly, 2D, Story Rich, Conspiracy, Interactive Fiction",A popular game by Telltale.,Telltale,Telltale
1200,Red Orchestra: Ostfront 41-45,,"World War II, Action, FPS, Realistic, Singleplayer, Multiplayer, Shooter, War, Military, Tactical, Simulation, Historical, Team-Based, Classic, Atmospheric, Strategy, Violent, First-Person, Tanks, Survival",A popular game by Tripwire Interactive.,Tripwire Interactive,Tripwire Interactive
217920,Alien Rage - Unlimited,,"Action, Shooter, FPS, First-Person, Sci-fi, Multiplayer, Singleplayer, Aliens, Difficult, Violent, Arcade",A popular game by CI Games.,CI Games,CI Games
1104640,New Frontier,,"Free to Play, Survival, Multiplayer, Open World, Western, Massively Multiplayer, RPG, Base-Building, Indie, Violent, Crafting, Gore, PvP, Building, Singleplayer, Action, Shooter, FPS, Third-Person Shooter, Early Access",A popular game by Free Reign Entertainment.,Free Reign Entertainment,Free Reign Entertainment
212390,Continent of the Ninth Seal,,"Free to Play, RPG, Massively Multiplayer, Action, MMORPG, Hack and Slash, Character Customization, Adventure, Open World, Multiplayer, PvP, Fantasy","A popular game by VALOFE, Webzen.","VALOFE, Webzen",VALOFE
296470,Mount Your Friends,,"Funny, Comedy, Multiplayer, Sports, Indie, Physics, Local Multiplayer, Simulation, Competitive, Sexual Content, Co-op, Local Co-Op, 2D, Casual, Mature, Psychological Horror, 4 Player Local, Online Co-Op, Singleplayer, Action",A popular game by Stegersaurus Software Inc..,Stegersaurus Software Inc.,Stegersaurus Software Inc.
901583,Grand Theft Auto IV: Complete Edition,,"Open World, Action, Automobile Sim, Multiplayer, Crime, Third Person, Adventure, Singleplayer, Third-Person Shooter, Moddable, Sandbox, Shooter, Physics, Atmospheric, Classic, Dark Humor, Funny, Gore, Satire, Co-op","A popular game by Rockstar North, Rockstar Toronto.","Rockstar North, Rockstar Toronto",Rockstar Games
227940,Heroes & Generals,,"Free to Play, World War II, FPS, Multiplayer, War, Shooter, Action, First-Person, Massively Multiplayer, Strategy, Tactical, Co-op, Historical, Open World, Simulation, Atmospheric, Adventure, Indie, Early Access, RTS",A popular game by TLM Partners.,TLM Partners,TLM Partners
755790,Ring of Elysium,,"Free to Play, Battle Royale, Shooter, Multiplayer, Survival, FPS, Action, Massively Multiplayer, Third-Person Shooter, Early Access, Singleplayer, Open World, PvP, Co-op, Tactical, 3D, Violent, Gore, MOBA, First-Person",A popular game by Aurora Studio.,Aurora Studio,TCH Scarlet Limited
252130,Divide By Sheep,,"Puzzle, Casual, Indie, Cute, Adventure, Dark Humor, Shooter, Funny, Singleplayer, Relaxing, Gore, Strategy, Difficult, Touch-Friendly, 2D, Isometric, Great Soundtrack","A popular game by Victor Solodilov, Denis Novikov.","Victor Solodilov, Denis Novikov",tinyBuild
115300,Call of Duty: Modern Warfare 3 (2011),,"Action, FPS, Multiplayer, Shooter, First-Person, Singleplayer, War, Military, Online Co-Op, Co-op, Controller, Casual, Story Rich, Survival, Linear, Adventure, Zombies, Dog, Massively Multiplayer, Free to Play","A popular game by Infinity Ward, Sledgehammer Games.","Infinity Ward, Sledgehammer Games",Activision
355840,Survarium,,"Free to Play, Survival, Multiplayer, FPS, Post-apocalyptic, Shooter, Open World, Action, First-Person, PvP, Early Access, Co-op, Zombies, Atmospheric, Massively Multiplayer, Crafting, Adventure, RPG, Exploration, Singleplayer",A popular game by Vostok Games.,Vostok Games,Vostok Games
201270,Total War: SHOGUN 2,,"Strategy, Historical, Turn-Based Strategy, RTS, Grand Strategy, Tactical, Singleplayer, Multiplayer, Real Time Tactics, Military, Diplomacy, Ninja, Co-op, Turn-Based, Medieval, Great Soundtrack, Moddable, Turn-Based Tactics, Action, Stylized","A popular game by CREATIVE ASSEMBLY, Feral Interactive (Mac), Feral Interactive (Linux).","CREATIVE ASSEMBLY, Feral Interactive (Mac), Feral Interactive (Linux)","SEGA, Feral Interactive (Mac), Feral Interactive (Linux)"
506540,Last Man Standing,,"Free to Play, Survival, Multiplayer, Open World, Shooter, Action, Massively Multiplayer, Battle Royale, PvP, FPS, Third-Person Shooter, First-Person, Adventure, Co-op, Strategy, Violent, Third Person, Singleplayer, Indie, Zombies","A popular game by Free Reign Entertainment, Free Reign Entertainment.","Free Reign Entertainment, Free Reign Entertainment",Free Reign Entertainment
33900,Arma 2,,"Simulation, Military, Action, Multiplayer, Tactical, Realistic, FPS, Open World, Strategy, Shooter, War, First-Person, Co-op, Moddable, Singleplayer, Sandbox, Third Person, Third-Person Shooter, Zombies, TrackIR",A popular game by Bohemia Interactive.,Bohemia Interactive,Bohemia Interactive
1372880,The Day Before,,"Multiplayer, Zombies, Extraction Shooter, Post-apocalyptic, Third-Person Shooter, Survival, PvP, Shooter, Action, Co-op, Online Co-Op, Loot, Combat, America, Adventure, PvE, Early Access, Singleplayer, Realistic, Base-Building",A popular game by FNTASTIC.,FNTASTIC,Mytona Fntastic
550900,Metin2,,"Free to Play, MMORPG, PvP, Action RPG, PvE, Massively Multiplayer, Hack and Slash, Adventure, RPG, Multiplayer, Action, Fantasy, Strategy, Action-Adventure, Casual, Fighting, Trading, Third Person, Spectacle fighter, Class-Based",A popular game by WEBZEN Inc..,WEBZEN Inc.,Gameforge 4D GmbH
286940,S.K.I.L.L. - Special Force 2 (Shooter),,"Free to Play, Shooter, Action, Multiplayer, FPS, First-Person, War, Co-op, Zombies, Singleplayer, Military, Massively Multiplayer, Survival, Open World, Tactical, Online Co-Op, Realistic, Adventure, Great Soundtrack, Sports","A popular game by Dragonfly GF Co., LTD.","Dragonfly GF Co., LTD",Space Budgie
12220,Grand Theft Auto: Episodes from Liberty City,,"Open World, Action, Automobile Sim, Third Person, Multiplayer, Crime, Adventure, Shooter, Sandbox, Singleplayer, Driving, Third-Person Shooter, Mature, Great Soundtrack, Nudity, Story Rich, Racing, Atmospheric, Comedy, Moddable",A popular game by Rockstar North / Toronto.,Rockstar North / Toronto,Rockstar Games
360970,Heaven Forest NIGHTS,,"Adventure, Action, Walking Simulator, VR",A popular game by Fabio Ferrara.,Fabio Ferrara,Chubby Pixel
900883,The Elder Scrolls IV: Oblivion Game of the Year Edition Deluxe (2009),,"RPG, Open World, Fantasy, Singleplayer, Moddable, First-Person, Adventure, Exploration, Great Soundtrack, Magic, Character Customization, Action, Story Rich, Atmospheric, Medieval, Sandbox, Classic, Action RPG, Third Person, Dark Fantasy",A popular game by Bethesda Game Studios®.,Bethesda Game Studios®,Bethesda Softworks
893520,Creative Destruction,,"Multiplayer, Battle Royale, Action, Free to Play, Shooter, FPS, Building, Massively Multiplayer, First-Person, Third Person, Third-Person Shooter, PvP, Adventure, Controller, Casual, Destruction, Survival, Co-op, Open World, Online Co-Op",A popular game by NetEase Games.,NetEase Games,NetEase Games
630100,SoulWorker - Anime Action MMO,,"Anime, Free to Play, MMORPG, Massively Multiplayer, RPG, Action, Sexual Content, Hack and Slash, Multiplayer, Nudity, Character Customization, JRPG, Online Co-Op, Open World, Co-op, Mature, Singleplayer, Female Protagonist, Controller, Psychological Horror","A popular game by Lion Games Co., Ltd..","Lion Games Co., Ltd.",Gameforge 4D GmbH
613010,Secret in Story,,"Indie, Adventure, Visual Novel",A popular game by Naivus Luo.,Naivus Luo,Naivus Luo
1057240,Crucible Beta,,"Free to Play, Action, PvP, Shooter, Multiplayer, Team-Based, Hero Shooter, PvE, Sci-fi, MOBA, Third-Person Shooter, Battle Royale, Early Access, Third Person, FPS, Online Co-Op, Competitive, Casual, Local Multiplayer, Fighting",A popular game by Relentless Studios.,Relentless Studios,Amazon Games
1619450,Heart of a Warrior,,"Action, Adventure, Action RPG, Action-Adventure, 3D Platformer, FPS, Souls-like, Third-Person Shooter, 3D, First-Person, Realistic, Archery, Atmospheric, Dark Fantasy, Dark Humor, Demons, Fantasy, Historical, Magic, Mystery",A popular game by Techworld Communication.,Techworld Communication,Techworld Communication 
349700,Romero's Aftermath,,"Free to Play, Zombies, Survival, Open World Survival Craft, Multiplayer, Open World, Action, Shooter, First-Person, Crafting, Co-op, Online Co-Op, Massively Multiplayer, FPS, Adventure, Survival Horror, Sandbox, Singleplayer, Horror, Walking Simulator",A popular game by Free Reign Entertainment.,Free Reign Entertainment,"OP Productions LLC, Free Reign East LLC"
327690,Gigantic,,"Free to Play, Multiplayer, MOBA, Action, Strategy, Third-Person Shooter, PvP, Third Person, Co-op, Fantasy, Shooter, Massively Multiplayer, RPG, FPS, Team-Based, Adventure, Controller, Open World, Anime, Hero Shooter",A popular game by Motiga Inc..,Motiga Inc.,Perfect World Entertainment
1627140,Sabre Team,,"Turn-Based Tactics, Military, Isometric, Turn-Based Combat, Pixel Graphics, Tactical, Strategy, Retro, Character Customization, Resource Management, Tactical RPG, Turn-Based Strategy, Inventory Management, 1990's, Strategy RPG, Combat, Simulation, Singleplayer, Difficult, RPG",A popular game by Krisalis Software.,Krisalis Software,Ziggurat
304670,Aeon Command,,"Strategy, Indie, Casual, Space, Sci-fi","A popular game by Bat Country Games, LLC.","Bat Country Games, LLC","Bat Country Games, LLC"
809960,Radical Heights,,"Battle Royale, Free to Play, Action, Massively Multiplayer, Multiplayer, Survival, Early Access, Adventure, Indie, Third-Person Shooter, Shooter, Open World, 1980s, PvP, Character Customization, FPS, Memes, Co-op, Anime, BMX",A popular game by Boss Key Productions.,Boss Key Productions,Boss Key Productions
96100,Defy Gravity Extended,,"Puzzle-Platformer, Platformer, Indie, Puzzle, Space, 2D, Action, Singleplayer, Difficult, Casual, Sci-fi, Great Soundtrack, Female Protagonist, Physics, Retro, Arcade, Shooter, Funny, Multiplayer, Third Person",A popular game by Paul Fisch.,Paul Fisch,Fish Factory Games
17080,Tribes: Ascend,,"Free to Play, FPS, Multiplayer, Action, Shooter, Fast-Paced, Sci-fi, Futuristic, First-Person, Co-op, Massively Multiplayer, Open World, Competitive, Team-Based, Online Co-Op, Difficult, Robots, Adventure, Singleplayer, RPG",A popular game by Hi-Rez Studios.,Hi-Rez Studios,Hi-Rez Studios
487220,Freebie,,"Casual, Indie, Arcade, 2D, Singleplayer","A popular game by Free Games Info, hyperboreanGames.","Free Games Info, hyperboreanGames",Back To Basics Gaming
921630,音灵 INVAXION,,"Music, Rhythm, Casual, Indie, Anime, Racing",A popular game by Nanjing AQUATRAX.,Nanjing AQUATRAX,bilibili
510840,Evolvation,,"Massively Multiplayer, Action, Indie, Casual, Simulation, Space, Multiplayer, Arcade, Sci-fi","A popular game by Eric Ruts, Jacob Kooiman.","Eric Ruts, Jacob Kooiman",HyperReuts
1380400,Saving Grace,,"Horror, FPS, Hack and Slash, Survival Horror, PvE, Sandbox, Exploration, Shooter, Survival, 3D, First-Person, Psychological Horror, Post-apocalyptic, Action, Story Rich, Swordplay, Multiple Endings, Conversation, Strategy, Dark Fantasy",A popular game by Thomas JC Ironmonger.,Thomas JC Ironmonger,Ironmonger Games
56437,"Warhammer 40,000: Dawn of War II: Retribution",,"Warhammer 40K, Strategy, RTS, Tactical, Multiplayer, Sci-fi, Games Workshop, Online Co-Op, Co-op, Singleplayer, Real-Time, Futuristic, Gore, RPG, Action, Fantasy, Great Soundtrack, Atmospheric, Adventure, Co-op Campaign","A popular game by Relic Entertainment, Feral Interactive (Mac/Linux).","Relic Entertainment, Feral Interactive (Mac/Linux)","SEGA, Feral Interactive (Mac/Linux)"
224540,Ace of Spades: Battle Builder,,"Action, Multiplayer, Shooter, FPS, Building, Sandbox, Indie, Zombies, First-Person, Class-Based, Voxel, Co-op, Competitive, Funny, Open World, Massively Multiplayer, Replay Value, Casual, Adventure, Free to Play",A popular game by Jagex Limited.,Jagex Limited,Jagex Limited
681660,Bless Online,,"MMORPG, Massively Multiplayer, RPG, Adventure, Open World, Free to Play, Action, Sexual Content, PvP, Character Customization, Early Access, PvE, Fantasy, Multiplayer, Violent, Anime, Gore, Crafting, Nudity, Singleplayer",A popular game by NEOWIZ BLESS STUDIO.,NEOWIZ BLESS STUDIO,NEOWIZ
1266680,Strobophagia | Rave Horror,,"Psychedelic, Adventure, Survival Horror, Choices Matter, Multiple Endings, Mystery, Psychological Horror, Atmospheric, Stylized, Colorful, 3D, Surreal, Horror, First-Person, Experimental, Exploration, Thriller, Mythology, Singleplayer, Puzzle",A popular game by Green Tile Digital.,Green Tile Digital,"Green Tile Digital, THQ Nordic"
34450,Civilization IV: Warlords,,"Strategy, Turn-Based, 4X, Turn-Based Strategy, Historical, Multiplayer, Singleplayer, Local Multiplayer",A popular game by Firaxis Games.,Firaxis Games,2K
515690,Warriors of Vilvatikta,,"RPG, Indie, Adventure, RPGMaker",A popular game by RPG Video.,RPG Video,Back To Basics Gaming
715210,The Pillage,,"Gore, Indie, Action, Casual, Violent, Nudity, Arcade, Hack and Slash",A popular game by Bishop Armstrong.,Bishop Armstrong,Bishop Armstrong
448470,Bacteria,,"Casual, Indie, Puzzle",A popular game by Sometimes You.,Sometimes You,Sometimes You
437220,The Culling,,"Survival, Multiplayer, Action, Battle Royale, First-Person, Crafting, Early Access, Open World, PvP, Gore, Co-op, FPS, Violent, Indie, Blood, Competitive, Free to Play, Strategy, Atmospheric, Massively Multiplayer",A popular game by Xaviant.,Xaviant,Xaviant Games
2390840,Zombie Defense: The Last Frontier,,"Action, Arcade, Shooter, FPS, First-Person, Survival, Zombies, Dark, Post-apocalyptic, Combat, Score Attack, PvE, Perma Death, Multiplayer, Singleplayer, Co-op, 4 Player Local, Local Co-Op, Online Co-Op, Massively Multiplayer",A popular game by LilMemes Production.,LilMemes Production, LilMemes Production
250820,SteamVR,,"VR, Software, Simulation, Utilities, 3D, Shooter, Realistic, Combat, Co-op, Romance",A popular game by Valve.,Valve,Digital Leisure Inc.
247120,Portal 2 Sixense Perceptual Pack,,"Adventure, Free to Play, Action, Multiplayer, Puzzle, First-Person, Singleplayer, Robots, FPS, Strategy, Co-op, Mod",A popular game by .,,Sixense
715220,Ironsight,,"Free to Play, Action, FPS, Multiplayer, Shooter, First-Person, Violent, Singleplayer, Controller, Futuristic, Massively Multiplayer, Open World",A popular game by Wiple Games.,Wiple Games,Aeria Games
206210,Gotham City Impostors Free to Play,,"Free to Play, Action, Multiplayer, FPS, Shooter, Superhero, Funny, First-Person, Character Customization, Comic Book, Comedy, Massively Multiplayer, Online Co-Op, Co-op, Fighting, Open World, Gore, Adventure, Sandbox, Singleplayer","A popular game by Monolith Productions, Inc..","Monolith Productions, Inc.",Warner Bros. Interactive Entertainment
728540,Islands of Nyne: Battle Royale,,"Early Access, Battle Royale, FPS, Multiplayer, Action, Survival, Shooter, Indie, First-Person, Free to Play, Sci-fi, PvP, Futuristic",A popular game by Define Human Studios.,Define Human Studios,Define Human Studios
544920,Darwin Project,,"Battle Royale, Multiplayer, Survival, Action, PvP, Open World, Early Access, Indie, Co-op, Massively Multiplayer, Shooter, Adventure, Crafting, Strategy, Third Person, FPS, Third-Person Shooter, Casual, Atmospheric, Singleplayer",A popular game by Scavengers Studio.,Scavengers Studio,Scavengers Studio
2713550,Cursed Dawn,,"Multiplayer, FPS, Zombies, Online Co-Op, PvE, Co-op, Shooter, Strategy, Combat, Post-apocalyptic, Horror, Arena Shooter, Action, Realistic, Survival, Atmospheric, First-Person, Dark, Demons, Gore",A popular game by Cursed Studios.,Cursed Studios,
1036700,My Beautiful Paper Smile,,"Psychological Horror, Horror, Hand-drawn, Story Rich, Puzzle, Dystopian , Point & Click, Hidden Object, 2D, Surreal, Action, Dark Fantasy, Atmospheric, Psychological, Adventure, Indie, Dark, Singleplayer, Early Access, Puzzle-Platformer",A popular game by Two Star Games.,Two Star Games,"V Publishing, Surefire.Games"
335330,Brick-Force,,"Free to Play, Multiplayer, FPS, Building, Shooter, Action, PvP, Sandbox, Zombies, Competitive, Co-op, First-Person, Funny, Open World, Survival, Casual, Massively Multiplayer, Adventure, Singleplayer, Indie",A popular game by Exe Games Inc..,Exe Games Inc.,Infernum Games GmbH
357900,Make it indie!,,"Indie, Adventure, Simulation, Interactive Fiction",A popular game by Sometimes You.,Sometimes You,Sometimes You
648120,Pixel Sketch,,"Education, Casual, Word Game, PvP, Board Game, Arcade, Experimental, 3D Vision, First-Person, Cute, Text-Based, Simulation, Puzzle, Design & Illustration, Abstract, Minimalist, Pixel Graphics, Hand-drawn, Stylized, Colorful",A popular game by mimicryTeam.,mimicryTeam,mimicryTeam
575090,Flame of Memory,,"Strategy, Indie",A popular game by Kacper Stasiełuk.,Kacper Stasiełuk,Kacper Stasiełuk
422100,Heaven Island Life,,"Indie, Simulation, VR, Walking Simulator",A popular game by Fabio Ferrara.,Fabio Ferrara,Chubby Pixel
463710,Puzzle Galaxies,,"Indie, Casual, Puzzle",A popular game by Evermore Game Studios.,Evermore Game Studios,Sometimes You
376570,WildStar,,"Free to Play, Massively Multiplayer, MMORPG, Open World, RPG, Sci-fi, PvP, PvE, Multiplayer, Character Customization, Action, Funny, Adventure, Action-Adventure, Fantasy, Building, Co-op, Cartoony, Survival, FPS",A popular game by Carbine Studios.,Carbine Studios,NCSOFT
244930,SNOW - The Ultimate Edition,,"Sports, Open World, Multiplayer, Free to Play, Simulation, Snow, Early Access, Indie, Realistic, First-Person, Skiing, Singleplayer, VR, Snowboarding, Adventure, Controller, Action, Exploration, Casual, Third Person","A popular game by Poppermost Productions, WastedStudios, Crytek.","Poppermost Productions, WastedStudios, Crytek",Crytek
513780,Turbo Pug DX,,"Indie, Casual, Runner, Cute, Pixel Graphics, Funny, Difficult, Dog, Adventure, Platformer, Singleplayer, 2D, Memes","A popular game by SnowFlame, Back To Basics Gaming.","SnowFlame, Back To Basics Gaming",Back To Basics Gaming
575110,Magic Lantern,,"VR, Adventure, Simulation, Free to Play",A popular game by Parovoz Animation Studio.,Parovoz Animation Studio,Interactive Moolt
2130,Dark Messiah of Might & Magic,,"RPG, First-Person, Action, Fantasy, Adventure, Dark Fantasy, Swordplay, Magic, Classic, Masterpiece, Stealth, Multiple Endings, Singleplayer, Story Rich, Medieval, Atmospheric, Action RPG, Gore, Hack and Slash, Multiplayer",A popular game by Arkane Studios.,Arkane Studios,Ubisoft
331360,Heavy Metal Machines,,"Free to Play, Vehicular Combat, MOBA, Combat Racing, Fast-Paced, e-sports, Indie, Competitive, Post-apocalyptic, Driving, PvP, Team-Based, Multiplayer, Great Soundtrack, Cyberpunk, 3D, Grand Strategy, Action, Strategy, Fantasy",A popular game by Hoplon.,Hoplon,Forthright Entertainment
1226470,Shadow Arena,,"Action, Free to Play, Battle Royale, Massively Multiplayer, PvP, Strategy, RPG, Fighting, MOBA, Competitive, Action RPG, Early Access, Multiplayer, Fantasy, Hack and Slash, MMORPG, Co-op, Anime, Online Co-Op, Third Person",A popular game by Pearl Abyss.,Pearl Abyss,Pearl Abyss
1025580,Vainglory,,"Free to Play, Strategy, MOBA, Multiplayer, Early Access, Action, Team-Based, Anime, Massively Multiplayer, PvP, Competitive, RPG, Co-op, Sexual Content, Fantasy, Nudity",A popular game by Super Evil Megacorp.,Super Evil Megacorp,Super Evil Megacorp
391070,Stellar 2D,,"Indie, Casual, Action, 2D, Shoot 'Em Up, Space",A popular game by quad games.,quad games,Back To Basics Gaming
835860,Dreadnought,,"Space, Free to Play, Massively Multiplayer, Sci-fi, Action, Multiplayer, Shooter, PvP, Spaceships, Open World, Strategy, MOBA, Co-op, Futuristic, Space Sim","A popular game by Six Foot, YAGER.","Six Foot, YAGER","Grey Box, Six Foot"
375230,"Warhammer 40,000: Eternal Crusade",,"Warhammer 40K, Action, Third-Person Shooter, Free to Play, Massively Multiplayer, PvP, Games Workshop, Multiplayer, Sci-fi, Co-op, Adventure, Shooter, PvE, Team-Based, Character Customization, Violent, Tactical, Futuristic, Tanks, Difficult",A popular game by Behaviour Interactive Inc..,Behaviour Interactive Inc.,Behaviour Interactive Inc.
1674470,ELYON,,"Action, MMORPG, Open World, Combat, Adventure, PvP, PvE, 3D, Realistic, Fantasy, Character Customization, Sci-fi, Futuristic, Crafting, Hack and Slash, Co-op, Massively Multiplayer, Free to Play, Online Co-Op, Multiplayer","A popular game by Bluehole Studio, Inc..","Bluehole Studio, Inc.",Kakao Games Europe B.V.
343270,Disillusions Manga Horror,,"Indie, Adventure, Horror, Anime, Comedy, Psychological Horror",A popular game by StephenAllen.,StephenAllen,StephenAllen
91330,Iron Front: Digital War Edition,,"World War II, War, Military, Tanks, First-Person, Realistic, Simulation, FPS, Shooter, Tactical, Action, Third Person, Strategy, Historical, Multiplayer, Singleplayer, Open World, TrackIR, Sandbox, Atmospheric","A popular game by X1 Software, AWAR.","X1 Software, AWAR",Deep Silver
305050,Outland,,"Platformer, Action, Metroidvania, 2D, Co-op, Adventure, Indie, Bullet Hell, Singleplayer, Controller, Multiplayer, Great Soundtrack, Difficult, Online Co-Op, Arcade, Atmospheric",A popular game by Housemarque.,Housemarque,Housemarque
1372640,Candle In Darkness,,"Horror, Survival Horror, Atmospheric, Adventure, Runner, Story Rich, Gothic, Faith, Lovecraftian, Exploration, Hidden Object, Action-Adventure, Experimental, 3D, First-Person, Realistic, Demons, Drama, Conspiracy, Mythology","A popular game by Shub-Niggurath Games, ShopaLover.","Shub-Niggurath Games, ShopaLover",ShopaLover
485310,Head Shot,,"Early Access, Indie, Casual, Action, Adventure, FPS, Multiplayer, Shooter, First-Person, Horror",A popular game by Indie Game Group.,Indie Game Group,Indie Game Group
439350,Kritika:REBOOT,,"Free to Play, Massively Multiplayer, Anime, RPG, Action, MMORPG, Nudity, Sexual Content, Hack and Slash, Open World, Multiplayer, Character Customization, Beat 'em up, Action RPG, Controller, Mature, PvP","A popular game by ALLM Co., Ltd..","ALLM Co., Ltd.","ALLM Co., Ltd."
428950,"Kivi, Toilet and Shotgun",,"Indie, Action, Casual, Adventure, Pixel Graphics, 2D",A popular game by 16bit Nights.,16bit Nights,Back To Basics Gaming
390670,Steel Ocean,,"Free to Play, Naval Combat, Naval, World War II, Massively Multiplayer, Military, Simulation, War, Multiplayer, Action, Strategy, MOBA, Shooter, Tactical, Co-op, Adventure, Survival, First-Person, Singleplayer, Sandbox",A popular game by Changyou.com Limited.,Changyou.com Limited,Changyou.com Limited
1108320,妄想破绽 Broken Delusion,,"Indie, Adventure, Visual Novel, Anime, Dystopian ",A popular game by .,,bilibili
337950,The SKIES - BETA,,"Free to Play, Survival, Multiplayer, Open World, Massively Multiplayer, Post-apocalyptic, Shooter, Zombies, Early Access, RPG, Crafting, FPS, Action, Co-op, First-Person, PvP, Adventure, Third Person, Third-Person Shooter, Horror",A popular game by Eforb.,Eforb,Eforb
446150,GUNS UP!,,"Free to Play, Strategy, Tower Defense, Multiplayer, Base-Building, Action, War, Casual, Massively Multiplayer, Shooter, RTS, Early Access, Singleplayer","A popular game by Valkyrie Entertainment, LLC.","Valkyrie Entertainment, LLC",PlayStation PC LLC
508290,$1 Ride,,"Casual, Action, Indie, Arcade",A popular game by BeHappy Studios.,BeHappy Studios,Back To Basics Gaming
1436930,Temple of Apshai Trilogy,,"RPG, Dungeon Crawler, Retro, Hack and Slash, Pixel Graphics, Exploration, Action RPG, Character Customization, Tabletop, 2D, Top-Down, Swordplay, Fantasy, Underground, Magic, Medieval, Mythology, Adventure, Zombies, Old School","A popular game by Epyx, Inc..","Epyx, Inc.",Pixel Games UK
453820,Hero Quest: Tower Conflict,,"Casual, Indie, Strategy, Action",A popular game by Mihai Morosanu.,Mihai Morosanu,New Reality Games
263060,Blockstorm,,"Action, FPS, Multiplayer, Shooter, Indie, Building, Sandbox, First-Person, Character Customization, Voxel, Pixel Graphics, Open World, Zombies, Gun Customization, Destruction, Level Editor, Singleplayer, Massively Multiplayer, Free to Play, Casual",A popular game by GhostShark.,GhostShark,IndieGala
511800,ONRAID,,"Free to Play, Action, 2D, Multiplayer, Massively Multiplayer, Shooter, Indie, Strategy, Co-op, Survival, Adventure, Platformer, Gore, Singleplayer, Online Co-Op, Early Access, MOBA, FPS",A popular game by Pragmatix Ltd.,Pragmatix Ltd,Pragmatix Ltd
528670,Elems,,"Indie, Casual",A popular game by Fifth Dimension Company.,Fifth Dimension Company,Fifth Dimension Company
1301210,Knockout City,,"Multiplayer, Sports, Team-Based, Third Person, PvP, Action-Adventure, Action, Co-op, Physics, Competitive, Adventure, Free to Play, LGBTQ+, Indie, Fighting, Fast-Paced, Singleplayer, Character Customization, Controller, Action Roguelike",A popular game by Velan Studios.,Velan Studios,Velan Studios
1512530,极限求生,,"MMORPG, Battle Royale, Survival, Third-Person Shooter, RPG, Third Person, Action, Shooter, 3D Platformer, Open World Survival Craft, Survival Horror, Hack and Slash, Arena Shooter, 3D Vision, Realistic, Military, Fantasy, Tactical, Sniper, Sci-fi",A popular game by 陈 世杰.,陈 世杰,陈 世杰
107300,Breath of Death VII,,"JRPG, RPG, Funny, Indie, Retro, Comedy, Pixel Graphics, Singleplayer, Turn-Based, Parody , Short, 2D, Fantasy, Old School, Adventure, Horror, Top-Down",A popular game by Zeboyd Digital Entertainment LLC.,Zeboyd Digital Entertainment LLC,Zeboyd Digital Entertainment LLC
99300,Renegade Ops,,"Action, Twin Stick Shooter, Arcade, Top-Down, Local Co-Op, Co-op, Online Co-Op, Shoot 'Em Up, Split Screen, Local Multiplayer, Racing, Shooter, Top-Down Shooter, Controller, Vehicular Combat, Multiplayer, Singleplayer",A popular game by Avalanche Studios.,Avalanche Studios,SEGA
503820,A Detective's Novel,,"Indie, Adventure, Visual Novel, Detective, Mystery",A popular game by Amaterasu Software.,Amaterasu Software,Amaterasu Software
1340020,Aster Fpv Drone Simulator,,"Simulation, Sports, Flight, Physics, First-Person, Multiplayer, Combat Racing, Immersive Sim, Racing, 3D, Fighting, Open World, FPS, Vehicular Combat, Shooter, Twin Stick Shooter, Score Attack, Combat, 3D Fighter, Action",A popular game by Emmanuel Perrillon.,Emmanuel Perrillon,Emmanuel Perrillon
329000,Data Hacker: Corruption,,"Indie, RPG, Adventure, Simulation, RPGMaker, JRPG",A popular game by New Reality Games.,New Reality Games,New Reality Games
295550,Royal Quest,,"Free to Play, Massively Multiplayer, RPG, Adventure, MMORPG, Open World, Fantasy, Multiplayer, Action, Hack and Slash, Third Person, Singleplayer, Co-op",A popular game by Katauri.,Katauri,1C Online Games
485490,Dungeon Journey,,"Casual, RPG, Indie, Action, Adventure, Simulation, Dungeon Crawler, Rogue-like, 2D, Singleplayer","A popular game by Carbomb Software, Nova Dimension.","Carbomb Software, Nova Dimension",Nova Dimension
1444740,Maniac Path,,"Side Scroller, Spectacle fighter, Looter Shooter, Horror, Arena Shooter, Heist, Investigation, 2D Platformer, Wargame, Bullet Hell, Survival Horror, Top-Down Shooter, Character Action Game, Martial Arts, Driving, PvE, Perma Death, Fighting, Survival, Artificial Intelligence","A popular game by Falco Software, Laush Dmitriy Sergeevich.","Falco Software, Laush Dmitriy Sergeevich",Laush Studio
831450,Kolb Antarctica Experience,,"Adventure, Simulation, VR",A popular game by Devika.,Devika,Devika
1147660,ArcheAge: Unchained,,"Massively Multiplayer, RPG, MMORPG, Violent, Gore, Sexual Content, Sandbox, Free to Play, PvP, Open World, Adventure, Character Customization",A popular game by XLGAMES.,XLGAMES,Kakao Games Europe B.V.
529920,Resurgence,,"Adventure, Indie",A popular game by Lightning Man Media.,Lightning Man Media,Lightning Man Media
567680,The Pasture,,"Casual, Indie, Simulation, Nudity",A popular game by Mikhail Maksimov.,Mikhail Maksimov,Sometimes You
336390,System Shock 2 (1999),,"Cyberpunk, RPG, Horror, Sci-fi, Classic, FPS, Survival Horror, Masterpiece, Action, Cult Classic, Space, First-Person, Story Rich, Atmospheric, Immersive Sim, Great Soundtrack, Singleplayer, Co-op, Inventory Management, Shooter","A popular game by Nightdive Studios, Irrational Games, Looking Glass Studios.","Nightdive Studios, Irrational Games, Looking Glass Studios",Nightdive Studios
97100,Section 8: Prejudice,,"Action, FPS, Sci-fi, Shooter, Multiplayer, First-Person, Singleplayer, Mechs",A popular game by TimeGate Studios.,TimeGate Studios,Atari
574820,Cat or Bread?,,"Casual, Indie, Psychological Horror, Cats, Memes, Horror, Sexual Content, Puzzle, Souls-like, Hentai",A popular game by Casioqu.,Casioqu,Casioqu
315430,Polarity,,"Puzzle, First-Person, Indie, Local Co-Op, Adventure, Singleplayer, Action, Strategy, Platformer, Sci-fi, Co-op, Multiplayer, FPS, Great Soundtrack, Sandbox, Atmospheric, Retro, Space, Shooter, Difficult",A popular game by Bluebutton Games.,Bluebutton Games,Bluebutton Games
508170,BlackSmith HIT,,"Casual, Action, Indie, Multiplayer",A popular game by ENTERi.,ENTERi,Forever Entertainment S. A.
33229,Tom Clancy's Splinter Cell Conviction,,"Action, Stealth, Co-op, Singleplayer, Third Person, Multiplayer, Third-Person Shooter, Story Rich, Shooter",A popular game by Ubisoft Montreal.,Ubisoft Montreal,Ubisoft
